[
    {
        "L": "-1.024496827",
        "M": "16.38804056",
        "Month": "24",
        "S": "0.085025838",
        "SD0": "16.38804056",
        "SD1": "17.9127201",
        "SD1neg": "15.10502277",
        "SD2": "19.75483804",
        "SD2neg": "14.01026274",
        "SD3": "19.85483804",
        "SD3neg": "13.91026274"
    },
    {
        "L": "-1.102698353",
        "M": "16.3189719",
        "Month": "25",
        "S": "0.084214052",
        "SD0": "16.3189719",
        "SD1": "17.82697689",
        "SD1neg": "15.05632389",
        "SD2": "19.66127457",
        "SD2neg": "13.98295909",
        "SD3": "19.76127457",
        "SD3neg": "13.88295909"
    },
    {
        "L": "-1.18396635",
        "M": "16.25207985",
        "Month": "26",
        "S": "0.083455124",
        "SD0": "16.25207985",
        "SD1": "17.7447995",
        "SD1neg": "15.00878732",
        "SD2": "19.57354652",
        "SD2neg": "13.95598258",
        "SD3": "19.67354652",
        "SD3neg": "13.85598258"
    },
    {
        "L": "-1.268071036",
        "M": "16.18734669",
        "Month": "27",
        "S": "0.082748284",
        "SD0": "16.18734669",
        "SD1": "17.66613215",
        "SD1neg": "14.96241453",
        "SD2": "19.49156896",
        "SD2neg": "13.92933584",
        "SD3": "19.59156896",
        "SD3neg": "13.82933584"
    },
    {
        "L": "-1.354751525",
        "M": "16.12475448",
        "Month": "28",
        "S": "0.082092737",
        "SD0": "16.12475448",
        "SD1": "17.59091932",
        "SD1neg": "14.91720658",
        "SD2": "19.41525831",
        "SD2neg": "13.90302207",
        "SD3": "19.51525831",
        "SD3neg": "13.80302207"
    },
    {
        "L": "-1.443689692",
        "M": "16.06428762",
        "Month": "29",
        "S": "0.081487717",
        "SD0": "16.06428762",
        "SD1": "17.51910766",
        "SD1neg": "14.87316464",
        "SD2": "19.34452763",
        "SD2neg": "13.8770422",
        "SD3": "19.44452763",
        "SD3neg": "13.7770422"
    },
    {
        "L": "-1.53454192",
        "M": "16.00593001",
        "Month": "30",
        "S": "0.080932448",
        "SD0": "16.00593001",
        "SD1": "17.45064413",
        "SD1neg": "14.83028931",
        "SD2": "19.2792913",
        "SD2neg": "13.85139807",
        "SD3": "19.3792913",
        "SD3neg": "13.75139807"
    },
    {
        "L": "-1.626928093",
        "M": "15.94966631",
        "Month": "31",
        "S": "0.080426175",
        "SD0": "15.94966631",
        "SD1": "17.385477",
        "SD1neg": "14.7885808",
        "SD2": "19.21946245",
        "SD2neg": "13.82609096",
        "SD3": "19.31946245",
        "SD3neg": "13.72609096"
    },
    {
        "L": "-1.720434829",
        "M": "15.89548197",
        "Month": "32",
        "S": "0.079968176",
        "SD0": "15.89548197",
        "SD1": "17.32355601",
        "SD1neg": "14.74803892",
        "SD2": "19.16495269",
        "SD2neg": "13.80112167",
        "SD3": "19.26495269",
        "SD3neg": "13.70112167"
    },
    {
        "L": "-1.814635262",
        "M": "15.84336179",
        "Month": "33",
        "S": "0.079557735",
        "SD0": "15.84336179",
        "SD1": "17.26483142",
        "SD1neg": "14.70866278",
        "SD2": "19.11567434",
        "SD2neg": "13.77649193",
        "SD3": "19.21567434",
        "SD3neg": "13.67649193"
    },
    {
        "L": "-1.909076262",
        "M": "15.79329146",
        "Month": "34",
        "S": "0.079194187",
        "SD0": "15.79329146",
        "SD1": "17.20925523",
        "SD1neg": "14.670451",
        "SD2": "19.07153738",
        "SD2neg": "13.7522028",
        "SD3": "19.17153738",
        "SD3neg": "13.6522028"
    },
    {
        "L": "-2.003296102",
        "M": "15.7452564",
        "Month": "35",
        "S": "0.078876895",
        "SD0": "15.7452564",
        "SD1": "17.15678049",
        "SD1neg": "14.63340154",
        "SD2": "19.03245117",
        "SD2neg": "13.72825578",
        "SD3": "19.13245117",
        "SD3neg": "13.62825578"
    },
    {
        "L": "-2.096828937",
        "M": "15.69924188",
        "Month": "36",
        "S": "0.078605255",
        "SD0": "15.69924188",
        "SD1": "17.10736134",
        "SD1neg": "14.59751165",
        "SD2": "18.99832413",
        "SD2neg": "13.70465271",
        "SD3": "19.09832413",
        "SD3neg": "13.60465271"
    },
    {
        "L": "-2.189211877",
        "M": "15.65523282",
        "Month": "37",
        "S": "0.078378696",
        "SD0": "15.65523282",
        "SD1": "17.06095302",
        "SD1neg": "14.56277793",
        "SD2": "18.96906377",
        "SD2neg": "13.68139588",
        "SD3": "19.06906377",
        "SD3neg": "13.58139588"
    },
    {
        "L": "-2.279991982",
        "M": "15.61321371",
        "Month": "38",
        "S": "0.078196674",
        "SD0": "15.61321371",
        "SD1": "17.01751173",
        "SD1neg": "14.52919626",
        "SD2": "18.94457675",
        "SD2neg": "13.65848809",
        "SD3": "19.04457675",
        "SD3neg": "13.55848809"
    },
    {
        "L": "-2.368732949",
        "M": "15.57316843",
        "Month": "39",
        "S": "0.078058667",
        "SD0": "15.57316843",
        "SD1": "16.97699454",
        "SD1neg": "14.49676187",
        "SD2": "18.92476904",
        "SD2neg": "13.63593276",
        "SD3": "19.02476904",
        "SD3neg": "13.53593276"
    },
    {
        "L": "-2.455021314",
        "M": "15.53508019",
        "Month": "40",
        "S": "0.077964169",
        "SD0": "15.53508019",
        "SD1": "16.93935934",
        "SD1neg": "14.46546933",
        "SD2": "18.90954602",
        "SD2neg": "13.61373394",
        "SD3": "19.00954602",
        "SD3neg": "13.51373394"
    },
    {
        "L": "-2.538471972",
        "M": "15.49893145",
        "Month": "41",
        "S": "0.077912684",
        "SD0": "15.49893145",
        "SD1": "16.90456465",
        "SD1neg": "14.43531261",
        "SD2": "18.89881262",
        "SD2neg": "13.59189639",
        "SD3": "18.99881262",
        "SD3neg": "13.49189639"
    },
    {
        "L": "-2.618732901",
        "M": "15.46470384",
        "Month": "42",
        "S": "0.077903716",
        "SD0": "15.46470384",
        "SD1": "16.87256953",
        "SD1neg": "14.40628514",
        "SD2": "18.89247353",
        "SD2neg": "13.57042557",
        "SD3": "18.99247353",
        "SD3neg": "13.47042557"
    },
    {
        "L": "-2.695488973",
        "M": "15.43237817",
        "Month": "43",
        "S": "0.077936763",
        "SD0": "15.43237817",
        "SD1": "16.84333349",
        "SD1neg": "14.37837982",
        "SD2": "18.8904333",
        "SD2neg": "13.54932766",
        "SD3": "18.9904333",
        "SD3neg": "13.44932766"
    },
    {
        "L": "-2.768464816",
        "M": "15.40193436",
        "Month": "44",
        "S": "0.078011309",
        "SD0": "15.40193436",
        "SD1": "16.81681635",
        "SD1neg": "14.35158916",
        "SD2": "18.89259655",
        "SD2neg": "13.52860953",
        "SD3": "18.99259655",
        "SD3neg": "13.42860953"
    },
    {
        "L": "-2.837426693",
        "M": "15.37335154",
        "Month": "45",
        "S": "0.078126817",
        "SD0": "15.37335154",
        "SD1": "16.79297814",
        "SD1neg": "14.32590526",
        "SD2": "18.89886813",
        "SD2neg": "13.50827867",
        "SD3": "18.99886813",
        "SD3neg": "13.40827867"
    },
    {
        "L": "-2.902178205",
        "M": "15.34660842",
        "Month": "46",
        "S": "0.078282739",
        "SD0": "15.34660842",
        "SD1": "16.77177944",
        "SD1neg": "14.30131995",
        "SD2": "18.90915224",
        "SD2neg": "13.48834277",
        "SD3": "19.00915224",
        "SD3neg": "13.38834277"
    },
    {
        "L": "-2.962580386",
        "M": "15.32168181",
        "Month": "47",
        "S": "0.078478449",
        "SD0": "15.32168181",
        "SD1": "16.75317971",
        "SD1neg": "14.27782476",
        "SD2": "18.9233565",
        "SD2neg": "13.46881137",
        "SD3": "19.0233565",
        "SD3neg": "13.36881137"
    },
    {
        "L": "-3.018521987",
        "M": "15.29854897",
        "Month": "48",
        "S": "0.078713325",
        "SD0": "15.29854897",
        "SD1": "16.73713951",
        "SD1neg": "14.25541109",
        "SD2": "18.94138646",
        "SD2neg": "13.44969322",
        "SD3": "19.04138646",
        "SD3neg": "13.34969322"
    },
    {
        "L": "-3.069936555",
        "M": "15.27718618",
        "Month": "49",
        "S": "0.078986694",
        "SD0": "15.27718618",
        "SD1": "16.72361898",
        "SD1neg": "14.23407021",
        "SD2": "18.9631493",
        "SD2neg": "13.43099792",
        "SD3": "19.0631493",
        "SD3neg": "13.33099792"
    },
    {
        "L": "-3.116795864",
        "M": "15.2575692",
        "Month": "50",
        "S": "0.079297841",
        "SD0": "15.2575692",
        "SD1": "16.71257819",
        "SD1neg": "14.21379327",
        "SD2": "18.98855313",
        "SD2neg": "13.41273536",
        "SD3": "19.08855313",
        "SD3neg": "13.31273536"
    },
    {
        "L": "-3.159107331",
        "M": "15.23967338",
        "Month": "51",
        "S": "0.079646006",
        "SD0": "15.23967338",
        "SD1": "16.70397709",
        "SD1neg": "14.19457143",
        "SD2": "19.01750699",
        "SD2neg": "13.39491572",
        "SD3": "19.11750699",
        "SD3neg": "13.29491572"
    },
    {
        "L": "-3.196911083",
        "M": "15.22347371",
        "Month": "52",
        "S": "0.080030389",
        "SD0": "15.22347371",
        "SD1": "16.6977755",
        "SD1neg": "14.17639583",
        "SD2": "19.04992103",
        "SD2neg": "13.37754937",
        "SD3": "19.14992103",
        "SD3neg": "13.27754937"
    },
    {
        "L": "-3.230276759",
        "M": "15.20894491",
        "Month": "53",
        "S": "0.080450145",
        "SD0": "15.20894491",
        "SD1": "16.69393312",
        "SD1neg": "14.15925762",
        "SD2": "19.08570647",
        "SD2neg": "13.36064676",
        "SD3": "19.18570647",
        "SD3neg": "13.26064676"
    },
    {
        "L": "-3.259300182",
        "M": "15.19606152",
        "Month": "54",
        "S": "0.080904391",
        "SD0": "15.19606152",
        "SD1": "16.69240958",
        "SD1neg": "14.14314805",
        "SD2": "19.12477576",
        "SD2neg": "13.3442184",
        "SD3": "19.22477576",
        "SD3neg": "13.2442184"
    },
    {
        "L": "-3.284099963",
        "M": "15.18479799",
        "Month": "55",
        "S": "0.081392203",
        "SD0": "15.18479799",
        "SD1": "16.69316437",
        "SD1neg": "14.1280584",
        "SD2": "19.16704253",
        "SD2neg": "13.32827478",
        "SD3": "19.26704253",
        "SD3neg": "13.22827478"
    },
    {
        "L": "-3.30481415",
        "M": "15.17512871",
        "Month": "56",
        "S": "0.081912623",
        "SD0": "15.17512871",
        "SD1": "16.69615695",
        "SD1neg": "14.11398006",
        "SD2": "19.21242167",
        "SD2neg": "13.31282628",
        "SD3": "19.31242167",
        "SD3neg": "13.21282628"
    },
    {
        "L": "-3.321596954",
        "M": "15.16702811",
        "Month": "57",
        "S": "0.082464661",
        "SD0": "15.16702811",
        "SD1": "16.70134672",
        "SD1neg": "14.10090451",
        "SD2": "19.26082937",
        "SD2neg": "13.29788316",
        "SD3": "19.36082937",
        "SD3neg": "13.19788316"
    },
    {
        "L": "-3.334615646",
        "M": "15.16047068",
        "Month": "58",
        "S": "0.083047295",
        "SD0": "15.16047068",
        "SD1": "16.7086931",
        "SD1neg": "14.08882333",
        "SD2": "19.31218306",
        "SD2neg": "13.28345551",
        "SD3": "19.41218306",
        "SD3neg": "13.18345551"
    },
    {
        "L": "-3.344047622",
        "M": "15.15543107",
        "Month": "59",
        "S": "0.083659478",
        "SD0": "15.15543107",
        "SD1": "16.71815549",
        "SD1neg": "14.0777282",
        "SD2": "19.3664015",
        "SD2neg": "13.26955316",
        "SD3": "19.4664015",
        "SD3neg": "13.16955316"
    },
    {
        "L": "-3.35007771",
        "M": "15.15188405",
        "Month": "60",
        "S": "0.084300139",
        "SD0": "15.15188405",
        "SD1": "16.72969339",
        "SD1neg": "14.0676109",
        "SD2": "19.42340474",
        "SD2neg": "13.2561857",
        "SD3": "19.52340474",
        "SD3neg": "13.1561857"
    },
    {
        "L": "-3.352893805",
        "M": "15.14980479",
        "Month": "61",
        "S": "0.0849682",
        "SD0": "15.14980479",
        "SD1": "16.74326655",
        "SD1neg": "14.05846331",
        "SD2": "19.48311357",
        "SD2neg": "13.24336224",
        "SD3": "19.58311357",
        "SD3neg": "13.14336224"
    },
    {
        "L": "-3.352691376",
        "M": "15.14916825",
        "Month": "62",
        "S": "0.085662539",
        "SD0": "15.14916825",
        "SD1": "16.75883433",
        "SD1neg": "14.05027741",
        "SD2": "19.54545149",
        "SD2neg": "13.23109206",
        "SD3": "19.64545149",
        "SD3neg": "13.13109206"
    },
    {
        "L": "-3.34966438",
        "M": "15.14994984",
        "Month": "63",
        "S": "0.086382035",
        "SD0": "15.14994984",
        "SD1": "16.77635644",
        "SD1neg": "14.04304527",
        "SD2": "19.61034265",
        "SD2neg": "13.2193839",
        "SD3": "19.71034265",
        "SD3neg": "13.1193839"
    },
    {
        "L": "-3.343998803",
        "M": "15.15212585",
        "Month": "64",
        "S": "0.087125591",
        "SD0": "15.15212585",
        "SD1": "16.79579363",
        "SD1neg": "14.03675899",
        "SD2": "19.67771028",
        "SD2neg": "13.20824537",
        "SD3": "19.77771028",
        "SD3neg": "13.10824537"
    },
    {
        "L": "-3.335889574",
        "M": "15.15567186",
        "Month": "65",
        "S": "0.087892047",
        "SD0": "15.15567186",
        "SD1": "16.81710549",
        "SD1neg": "14.03141082",
        "SD2": "19.74748238",
        "SD2neg": "13.19768495",
        "SD3": "19.84748238",
        "SD3neg": "13.09768495"
    },
    {
        "L": "-3.325522491",
        "M": "15.16056419",
        "Month": "66",
        "S": "0.088680264",
        "SD0": "15.16056419",
        "SD1": "16.84025243",
        "SD1neg": "14.02699304",
        "SD2": "19.81958654",
        "SD2neg": "13.1877102",
        "SD3": "19.91958654",
        "SD3neg": "13.0877102"
    },
    {
        "L": "-3.31307846",
        "M": "15.16677947",
        "Month": "67",
        "S": "0.089489106",
        "SD0": "15.16677947",
        "SD1": "16.86519513",
        "SD1neg": "14.02349797",
        "SD2": "19.89395153",
        "SD2neg": "13.17832827",
        "SD3": "19.99395153",
        "SD3neg": "13.07832827"
    },
    {
        "L": "-3.298732648",
        "M": "15.17429464",
        "Month": "68",
        "S": "0.090317434",
        "SD0": "15.17429464",
        "SD1": "16.89189456",
        "SD1neg": "14.020918",
        "SD2": "19.97050728",
        "SD2neg": "13.16954591",
        "SD3": "20.07050728",
        "SD3neg": "13.06954591"
    },
    {
        "L": "-3.282653831",
        "M": "15.18308694",
        "Month": "69",
        "S": "0.091164117",
        "SD0": "15.18308694",
        "SD1": "16.92031194",
        "SD1neg": "14.01924555",
        "SD2": "20.04918485",
        "SD2neg": "13.1613695",
        "SD3": "20.14918485",
        "SD3neg": "13.0613695"
    },
    {
        "L": "-3.265003896",
        "M": "15.1931339",
        "Month": "70",
        "S": "0.092028028",
        "SD0": "15.1931339",
        "SD1": "16.95040881",
        "SD1neg": "14.01847305",
        "SD2": "20.12991646",
        "SD2neg": "13.15380503",
        "SD3": "20.22991646",
        "SD3neg": "13.05380503"
    },
    {
        "L": "-3.245937506",
        "M": "15.20441335",
        "Month": "71",
        "S": "0.092908048",
        "SD0": "15.20441335",
        "SD1": "16.98214702",
        "SD1neg": "14.01859298",
        "SD2": "20.21263547",
        "SD2neg": "13.14685809",
        "SD3": "20.31263547",
        "SD3neg": "13.04685809"
    },
    {
        "L": "-3.225606516",
        "M": "15.21690296",
        "Month": "72",
        "S": "0.093803033",
        "SD0": "15.21690296",
        "SD1": "17.01548794",
        "SD1neg": "14.01959797",
        "SD2": "20.29727767",
        "SD2neg": "13.14053468",
        "SD3": "20.39727767",
        "SD3neg": "13.04053468"
    },
    {
        "L": "-3.204146115",
        "M": "15.2305815",
        "Month": "73",
        "S": "0.094711916",
        "SD0": "15.2305815",
        "SD1": "17.05039474",
        "SD1neg": "14.02148037",
        "SD2": "20.38377749",
        "SD2neg": "13.13483897",
        "SD3": "20.48377749",
        "SD3neg": "13.03483897"
    },
    {
        "L": "-3.181690237",
        "M": "15.24542745",
        "Month": "74",
        "S": "0.095633595",
        "SD0": "15.24542745",
        "SD1": "17.08682984",
        "SD1neg": "14.02423276",
        "SD2": "20.47207211",
        "SD2neg": "13.12977584",
        "SD3": "20.57207211",
        "SD3neg": "13.02977584"
    },
    {
        "L": "-3.158363475",
        "M": "15.26141966",
        "Month": "75",
        "S": "0.096566992",
        "SD0": "15.26141966",
        "SD1": "17.12475629",
        "SD1neg": "14.02784766",
        "SD2": "20.56209937",
        "SD2neg": "13.12534952",
        "SD3": "20.66209937",
        "SD3neg": "13.02534952"
    },
    {
        "L": "-3.134282833",
        "M": "15.27853728",
        "Month": "76",
        "S": "0.097511046",
        "SD0": "15.27853728",
        "SD1": "17.16413744",
        "SD1neg": "14.03231758",
        "SD2": "20.6537981",
        "SD2neg": "13.12156392",
        "SD3": "20.7537981",
        "SD3neg": "13.02156392"
    },
    {
        "L": "-3.109557879",
        "M": "15.29675967",
        "Month": "77",
        "S": "0.09846471",
        "SD0": "15.29675967",
        "SD1": "17.204937",
        "SD1neg": "14.03763504",
        "SD2": "20.74710815",
        "SD2neg": "13.11842262",
        "SD3": "20.84710815",
        "SD3neg": "13.01842262"
    },
    {
        "L": "-3.084290931",
        "M": "15.31606644",
        "Month": "78",
        "S": "0.099426955",
        "SD0": "15.31606644",
        "SD1": "17.24711901",
        "SD1neg": "14.04379252",
        "SD2": "20.84197037",
        "SD2neg": "13.11592886",
        "SD3": "20.94197037",
        "SD3neg": "13.01592886"
    },
    {
        "L": "-3.058577292",
        "M": "15.33643745",
        "Month": "79",
        "S": "0.100396769",
        "SD0": "15.33643745",
        "SD1": "17.29064785",
        "SD1neg": "14.05078249",
        "SD2": "20.93832657",
        "SD2neg": "13.11408556",
        "SD3": "21.03832657",
        "SD3neg": "13.01408556"
    },
    {
        "L": "-3.032505499",
        "M": "15.35785274",
        "Month": "80",
        "S": "0.101373159",
        "SD0": "15.35785274",
        "SD1": "17.33548825",
        "SD1neg": "14.05859741",
        "SD2": "21.03611953",
        "SD2neg": "13.11289533",
        "SD3": "21.13611953",
        "SD3neg": "13.01289533"
    },
    {
        "L": "-3.0061576",
        "M": "15.38029261",
        "Month": "81",
        "S": "0.10235515",
        "SD0": "15.38029261",
        "SD1": "17.38160527",
        "SD1neg": "14.06722971",
        "SD2": "21.13529294",
        "SD2neg": "13.1123605",
        "SD3": "21.23529294",
        "SD3neg": "13.0123605"
    },
    {
        "L": "-2.979609448",
        "M": "15.40373754",
        "Month": "82",
        "S": "0.103341788",
        "SD0": "15.40373754",
        "SD1": "17.42896433",
        "SD1neg": "14.07667179",
        "SD2": "21.23579144",
        "SD2neg": "13.11248306",
        "SD3": "21.33579144",
        "SD3neg": "13.01248306"
    },
    {
        "L": "-2.952930993",
        "M": "15.42816819",
        "Month": "83",
        "S": "0.104332139",
        "SD0": "15.42816819",
        "SD1": "17.47753117",
        "SD1neg": "14.086916",
        "SD2": "21.33756055",
        "SD2neg": "13.11326475",
        "SD3": "21.43756055",
        "SD3neg": "13.01326475"
    },
    {
        "L": "-2.926186592",
        "M": "15.45356545",
        "Month": "84",
        "S": "0.105325289",
        "SD0": "15.45356545",
        "SD1": "17.52727191",
        "SD1neg": "14.09795468",
        "SD2": "21.44054671",
        "SD2neg": "13.11470701",
        "SD3": "21.54054671",
        "SD3neg": "13.01470701"
    },
    {
        "L": "-2.899435307",
        "M": "15.47991037",
        "Month": "85",
        "S": "0.106320346",
        "SD0": "15.47991037",
        "SD1": "17.57815297",
        "SD1neg": "14.10978013",
        "SD2": "21.54469721",
        "SD2neg": "13.11681101",
        "SD3": "21.64469721",
        "SD3neg": "13.01681101"
    },
    {
        "L": "-2.872731211",
        "M": "15.50718419",
        "Month": "86",
        "S": "0.10731644",
        "SD0": "15.50718419",
        "SD1": "17.63014115",
        "SD1neg": "14.1223846",
        "SD2": "21.64996024",
        "SD2neg": "13.11957765",
        "SD3": "21.74996024",
        "SD3neg": "13.01957765"
    },
    {
        "L": "-2.846123683",
        "M": "15.53536829",
        "Month": "87",
        "S": "0.108312721",
        "SD0": "15.53536829",
        "SD1": "17.68320356",
        "SD1neg": "14.1357603",
        "SD2": "21.75628479",
        "SD2neg": "13.12300757",
        "SD3": "21.85628479",
        "SD3neg": "13.02300757"
    },
    {
        "L": "-2.819657704",
        "M": "15.56444426",
        "Month": "88",
        "S": "0.109308364",
        "SD0": "15.56444426",
        "SD1": "17.73730768",
        "SD1neg": "14.14989942",
        "SD2": "21.86362076",
        "SD2neg": "13.12710114",
        "SD3": "21.96362076",
        "SD3neg": "13.02710114"
    },
    {
        "L": "-2.793374145",
        "M": "15.5943938",
        "Month": "89",
        "S": "0.110302563",
        "SD0": "15.5943938",
        "SD1": "17.7924213",
        "SD1neg": "14.16479406",
        "SD2": "21.97191883",
        "SD2neg": "13.13185852",
        "SD3": "22.07191883",
        "SD3neg": "13.03185852"
    },
    {
        "L": "-2.767310047",
        "M": "15.6251988",
        "Month": "90",
        "S": "0.111294537",
        "SD0": "15.6251988",
        "SD1": "17.84851256",
        "SD1neg": "14.18043633",
        "SD2": "22.08113055",
        "SD2neg": "13.13727958",
        "SD3": "22.18113055",
        "SD3neg": "13.03727958"
    },
    {
        "L": "-2.741498897",
        "M": "15.65684126",
        "Month": "91",
        "S": "0.112283526",
        "SD0": "15.65684126",
        "SD1": "17.90554992",
        "SD1neg": "14.19681824",
        "SD2": "22.19120827",
        "SD2neg": "13.14336399",
        "SD3": "22.29120827",
        "SD3neg": "13.04336399"
    },
    {
        "L": "-2.715970894",
        "M": "15.68930333",
        "Month": "92",
        "S": "0.113268793",
        "SD0": "15.68930333",
        "SD1": "17.96350217",
        "SD1neg": "14.21393178",
        "SD2": "22.30210522",
        "SD2neg": "13.15011119",
        "SD3": "22.40210522",
        "SD3neg": "13.05011119"
    },
    {
        "L": "-2.690753197",
        "M": "15.7225673",
        "Month": "93",
        "S": "0.114249622",
        "SD0": "15.7225673",
        "SD1": "18.02233841",
        "SD1neg": "14.2317689",
        "SD2": "22.41377542",
        "SD2neg": "13.1575204",
        "SD3": "22.51377542",
        "SD3neg": "13.0575204"
    },
    {
        "L": "-2.665870146",
        "M": "15.75661555",
        "Month": "94",
        "S": "0.115225321",
        "SD0": "15.75661555",
        "SD1": "18.08202807",
        "SD1neg": "14.25032147",
        "SD2": "22.52617376",
        "SD2neg": "13.16559063",
        "SD3": "22.62617376",
        "SD3neg": "13.06559063"
    },
    {
        "L": "-2.641343436",
        "M": "15.79143062",
        "Month": "95",
        "S": "0.116195218",
        "SD0": "15.79143062",
        "SD1": "18.14254091",
        "SD1neg": "14.26958135",
        "SD2": "22.63925592",
        "SD2neg": "13.17432069",
        "SD3": "22.73925592",
        "SD3neg": "13.07432069"
    },
    {
        "L": "-2.617192204",
        "M": "15.82699517",
        "Month": "96",
        "S": "0.117158667",
        "SD0": "15.82699517",
        "SD1": "18.20384701",
        "SD1neg": "14.2895403",
        "SD2": "22.75297829",
        "SD2neg": "13.18370913",
        "SD3": "22.85297829",
        "SD3neg": "13.08370913"
    },
    {
        "L": "-2.593430614",
        "M": "15.86329241",
        "Month": "97",
        "S": "0.118115073",
        "SD0": "15.86329241",
        "SD1": "18.26591751",
        "SD1neg": "14.31018994",
        "SD2": "22.86729619",
        "SD2neg": "13.19375367",
        "SD3": "22.96729619",
        "SD3neg": "13.09375367"
    },
    {
        "L": "-2.570076037",
        "M": "15.90030484",
        "Month": "98",
        "S": "0.119063807",
        "SD0": "15.90030484",
        "SD1": "18.32872253",
        "SD1neg": "14.33152203",
        "SD2": "22.98216927",
        "SD2neg": "13.20445303",
        "SD3": "23.08216927",
        "SD3neg": "13.10445303"
    },
    {
        "L": "-2.547141473",
        "M": "15.93801545",
        "Month": "99",
        "S": "0.12000429",
        "SD0": "15.93801545",
        "SD1": "18.39223311",
        "SD1neg": "14.35352818",
        "SD2": "23.09755632",
        "SD2neg": "13.21580514",
        "SD3": "23.19755632",
        "SD3neg": "13.11580514"
    },
    {
        "L": "-2.524635245",
        "M": "15.97640787",
        "Month": "100",
        "S": "0.120935994",
        "SD0": "15.97640787",
        "SD1": "18.45642146",
        "SD1neg": "14.37619988",
        "SD2": "23.21341478",
        "SD2neg": "13.22780714",
        "SD3": "23.31341478",
        "SD3neg": "13.12780714"
    },
    {
        "L": "-2.502569666",
        "M": "16.01546483",
        "Month": "101",
        "S": "0.121858355",
        "SD0": "16.01546483",
        "SD1": "18.52125853",
        "SD1neg": "14.39952867",
        "SD2": "23.32970684",
        "SD2neg": "13.24045715",
        "SD3": "23.42970684",
        "SD3neg": "13.14045715"
    },
    {
        "L": "-2.48095189",
        "M": "16.05516984",
        "Month": "102",
        "S": "0.12277087",
        "SD0": "16.05516984",
        "SD1": "18.58671665",
        "SD1neg": "14.42350598",
        "SD2": "23.44639284",
        "SD2neg": "13.25375232",
        "SD3": "23.54639284",
        "SD3neg": "13.15375232"
    },
    {
        "L": "-2.459785573",
        "M": "16.09550688",
        "Month": "103",
        "S": "0.123673085",
        "SD0": "16.09550688",
        "SD1": "18.65276908",
        "SD1neg": "14.44812304",
        "SD2": "23.5634322",
        "SD2neg": "13.267689",
        "SD3": "23.6634322",
        "SD3neg": "13.167689"
    },
    {
        "L": "-2.439080117",
        "M": "16.13645881",
        "Month": "104",
        "S": "0.124564484",
        "SD0": "16.13645881",
        "SD1": "18.71938743",
        "SD1neg": "14.47337134",
        "SD2": "23.68079029",
        "SD2neg": "13.28226513",
        "SD3": "23.78079029",
        "SD3neg": "13.18226513"
    },
    {
        "L": "-2.418838304",
        "M": "16.17800955",
        "Month": "105",
        "S": "0.125444639",
        "SD0": "16.17800955",
        "SD1": "18.7865452",
        "SD1neg": "14.49924206",
        "SD2": "23.79842909",
        "SD2neg": "13.29747707",
        "SD3": "23.89842909",
        "SD3neg": "13.19747707"
    },
    {
        "L": "-2.399063683",
        "M": "16.22014281",
        "Month": "106",
        "S": "0.126313121",
        "SD0": "16.22014281",
        "SD1": "18.85421569",
        "SD1neg": "14.5257264",
        "SD2": "23.91631273",
        "SD2neg": "13.31332144",
        "SD3": "24.01631273",
        "SD3neg": "13.21332144"
    },
    {
        "L": "-2.379756861",
        "M": "16.26284277",
        "Month": "107",
        "S": "0.127169545",
        "SD0": "16.26284277",
        "SD1": "18.92237314",
        "SD1neg": "14.55281541",
        "SD2": "24.03440442",
        "SD2neg": "13.32979413",
        "SD3": "24.13440442",
        "SD3neg": "13.22979413"
    },
    {
        "L": "-2.360920527",
        "M": "16.30609316",
        "Month": "108",
        "S": "0.128013515",
        "SD0": "16.30609316",
        "SD1": "18.99099124",
        "SD1neg": "14.58050019",
        "SD2": "24.1526704",
        "SD2neg": "13.34689162",
        "SD3": "24.2526704",
        "SD3neg": "13.24689162"
    },
    {
        "L": "-2.342557728",
        "M": "16.34987759",
        "Month": "109",
        "S": "0.128844639",
        "SD0": "16.34987759",
        "SD1": "19.06004365",
        "SD1neg": "14.60877187",
        "SD2": "24.27107861",
        "SD2neg": "13.36461055",
        "SD3": "24.37107861",
        "SD3neg": "13.26461055"
    },
    {
        "L": "-2.324663326",
        "M": "16.39418118",
        "Month": "110",
        "S": "0.129662637",
        "SD0": "16.39418118",
        "SD1": "19.12950669",
        "SD1neg": "14.63762111",
        "SD2": "24.38959158",
        "SD2neg": "13.38294525",
        "SD3": "24.48959158",
        "SD3neg": "13.28294525"
    },
    {
        "L": "-2.307240716",
        "M": "16.43898741",
        "Month": "111",
        "S": "0.130467138",
        "SD0": "16.43898741",
        "SD1": "19.19935413",
        "SD1neg": "14.66703898",
        "SD2": "24.50818004",
        "SD2neg": "13.40189247",
        "SD3": "24.60818004",
        "SD3neg": "13.30189247"
    },
    {
        "L": "-2.290287663",
        "M": "16.48428082",
        "Month": "112",
        "S": "0.131257852",
        "SD0": "16.48428082",
        "SD1": "19.26956168",
        "SD1neg": "14.69701622",
        "SD2": "24.62681131",
        "SD2neg": "13.42144732",
        "SD3": "24.72681131",
        "SD3neg": "13.32144732"
    },
    {
        "L": "-2.273803847",
        "M": "16.53004554",
        "Month": "113",
        "S": "0.132034479",
        "SD0": "16.53004554",
        "SD1": "19.34010458",
        "SD1neg": "14.72754362",
        "SD2": "24.74545542",
        "SD2neg": "13.44160543",
        "SD3": "24.84545542",
        "SD3neg": "13.34160543"
    },
    {
        "L": "-2.257782149",
        "M": "16.57626713",
        "Month": "114",
        "S": "0.132796819",
        "SD0": "16.57626713",
        "SD1": "19.41096054",
        "SD1neg": "14.7586116",
        "SD2": "24.86407761",
        "SD2neg": "13.46236037",
        "SD3": "24.96407761",
        "SD3neg": "13.36236037"
    },
    {
        "L": "-2.242227723",
        "M": "16.62292864",
        "Month": "115",
        "S": "0.133544525",
        "SD0": "16.62292864",
        "SD1": "19.48210333",
        "SD1neg": "14.79021122",
        "SD2": "24.98265479",
        "SD2neg": "13.48370937",
        "SD3": "25.08265479",
        "SD3neg": "13.38370937"
    },
    {
        "L": "-2.227132805",
        "M": "16.67001572",
        "Month": "116",
        "S": "0.134277436",
        "SD0": "16.67001572",
        "SD1": "19.55351127",
        "SD1neg": "14.82233266",
        "SD2": "25.10115382",
        "SD2neg": "13.50564558",
        "SD3": "25.20115382",
        "SD3neg": "13.40564558"
    },
    {
        "L": "-2.212495585",
        "M": "16.71751288",
        "Month": "117",
        "S": "0.134995324",
        "SD0": "16.71751288",
        "SD1": "19.62516092",
        "SD1neg": "14.85496649",
        "SD2": "25.21954756",
        "SD2neg": "13.52816395",
        "SD3": "25.31954756",
        "SD3neg": "13.42816395"
    },
    {
        "L": "-2.19831275",
        "M": "16.76540496",
        "Month": "118",
        "S": "0.135697996",
        "SD0": "16.76540496",
        "SD1": "19.69702955",
        "SD1neg": "14.88810312",
        "SD2": "25.3378086",
        "SD2neg": "13.55125887",
        "SD3": "25.4378086",
        "SD3neg": "13.45125887"
    },
    {
        "L": "-2.184580762",
        "M": "16.81367689",
        "Month": "119",
        "S": "0.136385276",
        "SD0": "16.81367689",
        "SD1": "19.76909478",
        "SD1neg": "14.92173289",
        "SD2": "25.4559102",
        "SD2neg": "13.57492456",
        "SD3": "25.5559102",
        "SD3neg": "13.47492456"
    },
    {
        "L": "-2.171295888",
        "M": "16.86231366",
        "Month": "120",
        "S": "0.137057004",
        "SD0": "16.86231366",
        "SD1": "19.84133454",
        "SD1neg": "14.95584605",
        "SD2": "25.57382637",
        "SD2neg": "13.59915505",
        "SD3": "25.67382637",
        "SD3neg": "13.49915505"
    },
    {
        "L": "-2.158454232",
        "M": "16.91130036",
        "Month": "121",
        "S": "0.137713039",
        "SD0": "16.91130036",
        "SD1": "19.9137271",
        "SD1neg": "14.99043283",
        "SD2": "25.69153184",
        "SD2neg": "13.62394421",
        "SD3": "25.79153184",
        "SD3neg": "13.52394421"
    },
    {
        "L": "-2.146051754",
        "M": "16.96062216",
        "Month": "122",
        "S": "0.138353254",
        "SD0": "16.96062216",
        "SD1": "19.98625102",
        "SD1neg": "15.02548334",
        "SD2": "25.80900205",
        "SD2neg": "13.64928575",
        "SD3": "25.90900205",
        "SD3neg": "13.54928575"
    },
    {
        "L": "-2.134084303",
        "M": "17.0102643",
        "Month": "123",
        "S": "0.138977537",
        "SD0": "17.0102643",
        "SD1": "20.05888521",
        "SD1neg": "15.06098765",
        "SD2": "25.92621317",
        "SD2neg": "13.67517317",
        "SD3": "26.02621317",
        "SD3neg": "13.57517317"
    },
    {
        "L": "-2.122547629",
        "M": "17.06021213",
        "Month": "124",
        "S": "0.139585795",
        "SD0": "17.06021213",
        "SD1": "20.13160891",
        "SD1neg": "15.09693576",
        "SD2": "26.04314212",
        "SD2neg": "13.70159986",
        "SD3": "26.14314212",
        "SD3neg": "13.60159986"
    },
    {
        "L": "-2.111437411",
        "M": "17.11045106",
        "Month": "125",
        "S": "0.140177947",
        "SD0": "17.11045106",
        "SD1": "20.20440166",
        "SD1neg": "15.1333176",
        "SD2": "26.15976648",
        "SD2neg": "13.72855898",
        "SD3": "26.25976648",
        "SD3neg": "13.62855898"
    },
    {
        "L": "-2.100749266",
        "M": "17.16096656",
        "Month": "126",
        "S": "0.140753927",
        "SD0": "17.16096656",
        "SD1": "20.27724334",
        "SD1neg": "15.17012302",
        "SD2": "26.27606461",
        "SD2neg": "13.75604356",
        "SD3": "26.37606461",
        "SD3neg": "13.65604356"
    },
    {
        "L": "-2.090478774",
        "M": "17.21174424",
        "Month": "127",
        "S": "0.141313686",
        "SD0": "17.21174424",
        "SD1": "20.35011414",
        "SD1neg": "15.20734182",
        "SD2": "26.39201558",
        "SD2neg": "13.78404645",
        "SD3": "26.49201558",
        "SD3neg": "13.68404645"
    },
    {
        "L": "-2.080621484",
        "M": "17.26276973",
        "Month": "128",
        "S": "0.141857186",
        "SD0": "17.26276973",
        "SD1": "20.42299458",
        "SD1neg": "15.24496372",
        "SD2": "26.50759917",
        "SD2neg": "13.81256033",
        "SD3": "26.60759917",
        "SD3neg": "13.71256033"
    },
    {
        "L": "-2.071172932",
        "M": "17.31402878",
        "Month": "129",
        "S": "0.142384404",
        "SD0": "17.31402878",
        "SD1": "20.49586552",
        "SD1neg": "15.28297836",
        "SD2": "26.62279593",
        "SD2neg": "13.84157771",
        "SD3": "26.72279593",
        "SD3neg": "13.74157771"
    },
    {
        "L": "-2.062128649",
        "M": "17.3655072",
        "Month": "130",
        "S": "0.142895332",
        "SD0": "17.3655072",
        "SD1": "20.56870811",
        "SD1neg": "15.32137534",
        "SD2": "26.73758707",
        "SD2neg": "13.87109093",
        "SD3": "26.83758707",
        "SD3neg": "13.77109093"
    },
    {
        "L": "-2.053484173",
        "M": "17.4171909",
        "Month": "131",
        "S": "0.143389972",
        "SD0": "17.4171909",
        "SD1": "20.64150386",
        "SD1neg": "15.36014416",
        "SD2": "26.85195458",
        "SD2neg": "13.90109217",
        "SD3": "26.95195458",
        "SD3neg": "13.80109217"
    },
    {
        "L": "-2.045235058",
        "M": "17.46906585",
        "Month": "132",
        "S": "0.143868341",
        "SD0": "17.46906585",
        "SD1": "20.71423457",
        "SD1neg": "15.39927428",
        "SD2": "26.96588116",
        "SD2neg": "13.93157345",
        "SD3": "27.06588116",
        "SD3neg": "13.83157345"
    },
    {
        "L": "-2.03737688",
        "M": "17.52111811",
        "Month": "133",
        "S": "0.144330469",
        "SD0": "17.52111811",
        "SD1": "20.7868824",
        "SD1neg": "15.43875506",
        "SD2": "27.07935027",
        "SD2neg": "13.96252659",
        "SD3": "27.17935027",
        "SD3neg": "13.86252659"
    },
    {
        "L": "-2.029906684",
        "M": "17.57333347",
        "Month": "134",
        "S": "0.144776372",
        "SD0": "17.57333347",
        "SD1": "20.85942918",
        "SD1neg": "15.47857593",
        "SD2": "27.19234755",
        "SD2neg": "13.99394384",
        "SD3": "27.29234755",
        "SD3neg": "13.89394384"
    },
    {
        "L": "-2.022817914",
        "M": "17.62569869",
        "Month": "135",
        "S": "0.145206138",
        "SD0": "17.62569869",
        "SD1": "20.93185863",
        "SD1neg": "15.51872595",
        "SD2": "27.30485563",
        "SD2neg": "14.02581584",
        "SD3": "27.40485563",
        "SD3neg": "13.92581584"
    },
    {
        "L": "-2.016107084",
        "M": "17.67819987",
        "Month": "136",
        "S": "0.145619819",
        "SD0": "17.67819987",
        "SD1": "21.00415351",
        "SD1neg": "15.55919435",
        "SD2": "27.41686101",
        "SD2neg": "14.05813426",
        "SD3": "27.51686101",
        "SD3neg": "13.95813426"
    },
    {
        "L": "-2.009769905",
        "M": "17.7308234",
        "Month": "137",
        "S": "0.146017491",
        "SD0": "17.7308234",
        "SD1": "21.07629725",
        "SD1neg": "15.59997023",
        "SD2": "27.52835003",
        "SD2neg": "14.09089026",
        "SD3": "27.62835003",
        "SD3neg": "13.99089026"
    },
    {
        "L": "-2.003802134",
        "M": "17.78355575",
        "Month": "138",
        "S": "0.146399239",
        "SD0": "17.78355575",
        "SD1": "21.14827363",
        "SD1neg": "15.64104262",
        "SD2": "27.63930978",
        "SD2neg": "14.12407484",
        "SD3": "27.73930978",
        "SD3neg": "14.02407484"
    },
    {
        "L": "-1.998199572",
        "M": "17.83638347",
        "Month": "139",
        "S": "0.146765161",
        "SD0": "17.83638347",
        "SD1": "21.22006673",
        "SD1neg": "15.68240049",
        "SD2": "27.74972809",
        "SD2neg": "14.15767882",
        "SD3": "27.84972809",
        "SD3neg": "14.05767882"
    },
    {
        "L": "-1.992958064",
        "M": "17.88929321",
        "Month": "140",
        "S": "0.147115364",
        "SD0": "17.88929321",
        "SD1": "21.29166096",
        "SD1neg": "15.72403271",
        "SD2": "27.85959347",
        "SD2neg": "14.19169287",
        "SD3": "27.95959347",
        "SD3neg": "14.09169287"
    },
    {
        "L": "-1.988073505",
        "M": "17.94227168",
        "Month": "141",
        "S": "0.147449967",
        "SD0": "17.94227168",
        "SD1": "21.36304107",
        "SD1neg": "15.76592811",
        "SD2": "27.96889526",
        "SD2neg": "14.22610746",
        "SD3": "28.06889526",
        "SD3neg": "14.12610746"
    },
    {
        "L": "-1.983541835",
        "M": "17.9953057",
        "Month": "142",
        "S": "0.147769097",
        "SD0": "17.9953057",
        "SD1": "21.43419213",
        "SD1neg": "15.80807544",
        "SD2": "28.07762341",
        "SD2neg": "14.2609129",
        "SD3": "28.17762341",
        "SD3neg": "14.1609129"
    },
    {
        "L": "-1.979359041",
        "M": "18.04838216",
        "Month": "143",
        "S": "0.148072891",
        "SD0": "18.04838216",
        "SD1": "21.50509954",
        "SD1neg": "15.85046338",
        "SD2": "28.18576873",
        "SD2neg": "14.29609934",
        "SD3": "28.28576873",
        "SD3neg": "14.19609934"
    },
    {
        "L": "-1.975521156",
        "M": "18.10148804",
        "Month": "144",
        "S": "0.148361495",
        "SD0": "18.10148804",
        "SD1": "21.57574902",
        "SD1neg": "15.89308054",
        "SD2": "28.29332264",
        "SD2neg": "14.33165675",
        "SD3": "28.39332264",
        "SD3neg": "14.23165675"
    },
    {
        "L": "-1.972024258",
        "M": "18.15461039",
        "Month": "145",
        "S": "0.148635067",
        "SD0": "18.15461039",
        "SD1": "21.64612662",
        "SD1neg": "15.93591546",
        "SD2": "28.40027739",
        "SD2neg": "14.36757492",
        "SD3": "28.50027739",
        "SD3neg": "14.26757492"
    },
    {
        "L": "-1.968864465",
        "M": "18.20773639",
        "Month": "146",
        "S": "0.148893769",
        "SD0": "18.20773639",
        "SD1": "21.71621873",
        "SD1neg": "15.97895662",
        "SD2": "28.50662593",
        "SD2neg": "14.40384347",
        "SD3": "28.60662593",
        "SD3neg": "14.30384347"
    },
    {
        "L": "-1.966037938",
        "M": "18.26085325",
        "Month": "147",
        "S": "0.149137776",
        "SD0": "18.26085325",
        "SD1": "21.78601204",
        "SD1neg": "16.02219242",
        "SD2": "28.61236194",
        "SD2neg": "14.44045186",
        "SD3": "28.71236194",
        "SD3neg": "14.34045186"
    },
    {
        "L": "-1.963540872",
        "M": "18.31394832",
        "Month": "148",
        "S": "0.14936727",
        "SD0": "18.31394832",
        "SD1": "21.85549361",
        "SD1neg": "16.0656112",
        "SD2": "28.71747983",
        "SD2neg": "14.47738935",
        "SD3": "28.81747983",
        "SD3neg": "14.37738935"
    },
    {
        "L": "-1.961369499",
        "M": "18.36700902",
        "Month": "149",
        "S": "0.149582439",
        "SD0": "18.36700902",
        "SD1": "21.9246508",
        "SD1neg": "16.10920122",
        "SD2": "28.82197478",
        "SD2neg": "14.51464504",
        "SD3": "28.92197478",
        "SD3neg": "14.41464504"
    },
    {
        "L": "-1.959520079",
        "M": "18.42002284",
        "Month": "150",
        "S": "0.149783482",
        "SD0": "18.42002284",
        "SD1": "21.9934713",
        "SD1neg": "16.15295068",
        "SD2": "28.92584265",
        "SD2neg": "14.55220786",
        "SD3": "29.02584265",
        "SD3neg": "14.45220786"
    },
    {
        "L": "-1.9579889",
        "M": "18.47297739",
        "Month": "151",
        "S": "0.149970604",
        "SD0": "18.47297739",
        "SD1": "22.06194315",
        "SD1neg": "16.19684771",
        "SD2": "29.0290801",
        "SD2neg": "14.59006654",
        "SD3": "29.1290801",
        "SD3neg": "14.49006654"
    },
    {
        "L": "-1.956772271",
        "M": "18.52586035",
        "Month": "152",
        "S": "0.15014402",
        "SD0": "18.52586035",
        "SD1": "22.1300547",
        "SD1neg": "16.24088036",
        "SD2": "29.1316845",
        "SD2neg": "14.62820966",
        "SD3": "29.2316845",
        "SD3neg": "14.52820966"
    },
    {
        "L": "-1.95586652",
        "M": "18.57865951",
        "Month": "153",
        "S": "0.15030395",
        "SD0": "18.57865951",
        "SD1": "22.19779465",
        "SD1neg": "16.28503662",
        "SD2": "29.23365394",
        "SD2neg": "14.6666256",
        "SD3": "29.33365394",
        "SD3neg": "14.5666256"
    },
    {
        "L": "-1.955267984",
        "M": "18.63136275",
        "Month": "154",
        "S": "0.150450621",
        "SD0": "18.63136275",
        "SD1": "22.26515201",
        "SD1neg": "16.32930443",
        "SD2": "29.33498725",
        "SD2neg": "14.70530257",
        "SD3": "29.43498725",
        "SD3neg": "14.60530257"
    },
    {
        "L": "-1.954973011",
        "M": "18.68395801",
        "Month": "155",
        "S": "0.15058427",
        "SD0": "18.68395801",
        "SD1": "22.33211615",
        "SD1neg": "16.37367161",
        "SD2": "29.43568404",
        "SD2neg": "14.74422859",
        "SD3": "29.53568404",
        "SD3neg": "14.64422859"
    },
    {
        "L": "-1.954977947",
        "M": "18.73643338",
        "Month": "156",
        "S": "0.150705138",
        "SD0": "18.73643338",
        "SD1": "22.39867675",
        "SD1neg": "16.41812598",
        "SD2": "29.5357446",
        "SD2neg": "14.78339152",
        "SD3": "29.6357446",
        "SD3neg": "14.68339152"
    },
    {
        "L": "-1.955279136",
        "M": "18.788777",
        "Month": "157",
        "S": "0.150813475",
        "SD0": "18.788777",
        "SD1": "22.46482384",
        "SD1neg": "16.46265523",
        "SD2": "29.63517",
        "SD2neg": "14.82277901",
        "SD3": "29.73517",
        "SD3neg": "14.72277901"
    },
    {
        "L": "-1.955872909",
        "M": "18.84097713",
        "Month": "158",
        "S": "0.150909535",
        "SD0": "18.84097713",
        "SD1": "22.53054776",
        "SD1neg": "16.50724702",
        "SD2": "29.73396202",
        "SD2neg": "14.86237855",
        "SD3": "29.83396202",
        "SD3neg": "14.76237855"
    },
    {
        "L": "-1.956755579",
        "M": "18.89302212",
        "Month": "159",
        "S": "0.150993582",
        "SD0": "18.89302212",
        "SD1": "22.59583922",
        "SD1neg": "16.55188891",
        "SD2": "29.83212322",
        "SD2neg": "14.90217743",
        "SD3": "29.93212322",
        "SD3neg": "14.80217743"
    },
    {
        "L": "-1.957923436",
        "M": "18.94490041",
        "Month": "160",
        "S": "0.151065883",
        "SD0": "18.94490041",
        "SD1": "22.66068923",
        "SD1neg": "16.59656844",
        "SD2": "29.92965682",
        "SD2neg": "14.94216277",
        "SD3": "30.02965682",
        "SD3neg": "14.84216277"
    },
    {
        "L": "-1.959372737",
        "M": "18.99660055",
        "Month": "161",
        "S": "0.151126714",
        "SD0": "18.99660055",
        "SD1": "22.72508917",
        "SD1neg": "16.64127302",
        "SD2": "30.02656685",
        "SD2neg": "14.98232148",
        "SD3": "30.12656685",
        "SD3neg": "14.88232148"
    },
    {
        "L": "-1.9610997",
        "M": "19.04811118",
        "Month": "162",
        "S": "0.151176355",
        "SD0": "19.04811118",
        "SD1": "22.78903073",
        "SD1neg": "16.68599004",
        "SD2": "30.12285804",
        "SD2neg": "15.02264031",
        "SD3": "30.22285804",
        "SD3neg": "14.92264031"
    },
    {
        "L": "-1.963100496",
        "M": "19.09942105",
        "Month": "163",
        "S": "0.151215094",
        "SD0": "19.09942105",
        "SD1": "22.85250595",
        "SD1neg": "16.73070681",
        "SD2": "30.21853588",
        "SD2neg": "15.0631058",
        "SD3": "30.31853588",
        "SD3neg": "14.9631058"
    },
    {
        "L": "-1.96537124",
        "M": "19.15051899",
        "Month": "164",
        "S": "0.151243223",
        "SD0": "19.15051899",
        "SD1": "22.91550721",
        "SD1neg": "16.77541055",
        "SD2": "30.31360655",
        "SD2neg": "15.10370432",
        "SD3": "30.41360655",
        "SD3neg": "15.00370432"
    },
    {
        "L": "-1.967907983",
        "M": "19.20139397",
        "Month": "165",
        "S": "0.151261042",
        "SD0": "19.20139397",
        "SD1": "22.97802722",
        "SD1neg": "16.82008844",
        "SD2": "30.40807702",
        "SD2neg": "15.14442203",
        "SD3": "30.50807702",
        "SD3neg": "15.04442203"
    },
    {
        "L": "-1.970706706",
        "M": "19.25203503",
        "Month": "166",
        "S": "0.151268855",
        "SD0": "19.25203503",
        "SD1": "23.04005905",
        "SD1neg": "16.86472757",
        "SD2": "30.50195496",
        "SD2neg": "15.18524491",
        "SD3": "30.60195496",
        "SD3neg": "15.08524491"
    },
    {
        "L": "-1.973763307",
        "M": "19.30243131",
        "Month": "167",
        "S": "0.151266974",
        "SD0": "19.30243131",
        "SD1": "23.10159608",
        "SD1neg": "16.90931498",
        "SD2": "30.59524878",
        "SD2neg": "15.22615874",
        "SD3": "30.69524878",
        "SD3neg": "15.12615874"
    },
    {
        "L": "-1.977073595",
        "M": "19.35257209",
        "Month": "168",
        "S": "0.151255713",
        "SD0": "19.35257209",
        "SD1": "23.16263206",
        "SD1neg": "16.95383762",
        "SD2": "30.68796762",
        "SD2neg": "15.26714912",
        "SD3": "30.78796762",
        "SD3neg": "15.16714912"
    },
    {
        "L": "-1.980633277",
        "M": "19.40244671",
        "Month": "169",
        "S": "0.151235395",
        "SD0": "19.40244671",
        "SD1": "23.22316108",
        "SD1neg": "16.9982824",
        "SD2": "30.78012136",
        "SD2neg": "15.30820145",
        "SD3": "30.88012136",
        "SD3neg": "15.20820145"
    },
    {
        "L": "-1.984437954",
        "M": "19.45204465",
        "Month": "170",
        "S": "0.151206347",
        "SD0": "19.45204465",
        "SD1": "23.28317756",
        "SD1neg": "17.04263613",
        "SD2": "30.87172059",
        "SD2neg": "15.34930091",
        "SD3": "30.97172059",
        "SD3neg": "15.24930091"
    },
    {
        "L": "-1.988483106",
        "M": "19.50135548",
        "Month": "171",
        "S": "0.151168902",
        "SD0": "19.50135548",
        "SD1": "23.34267626",
        "SD1neg": "17.08688558",
        "SD2": "30.96277667",
        "SD2neg": "15.39043252",
        "SD3": "31.06277667",
        "SD3neg": "15.29043252"
    },
    {
        "L": "-1.992764085",
        "M": "19.55036888",
        "Month": "172",
        "S": "0.151123398",
        "SD0": "19.55036888",
        "SD1": "23.40165231",
        "SD1neg": "17.13101742",
        "SD2": "31.05330163",
        "SD2neg": "15.43158109",
        "SD3": "31.15330163",
        "SD3neg": "15.33158109"
    },
    {
        "L": "-1.997276103",
        "M": "19.59907464",
        "Month": "173",
        "S": "0.15107018",
        "SD0": "19.59907464",
        "SD1": "23.46010118",
        "SD1neg": "17.17501829",
        "SD2": "31.14330826",
        "SD2neg": "15.47273121",
        "SD3": "31.24330826",
        "SD3neg": "15.37273121"
    },
    {
        "L": "-2.002014224",
        "M": "19.64746266",
        "Month": "174",
        "S": "0.151009595",
        "SD0": "19.64746266",
        "SD1": "23.51801866",
        "SD1neg": "17.21887472",
        "SD2": "31.23281008",
        "SD2neg": "15.51386729",
        "SD3": "31.33281008",
        "SD3neg": "15.41386729"
    },
    {
        "L": "-2.00697335",
        "M": "19.69552294",
        "Month": "175",
        "S": "0.150942",
        "SD0": "19.69552294",
        "SD1": "23.57540093",
        "SD1neg": "17.2625732",
        "SD2": "31.3218213",
        "SD2neg": "15.55497355",
        "SD3": "31.4218213",
        "SD3neg": "15.45497355"
    },
    {
        "L": "-2.012148213",
        "M": "19.7432456",
        "Month": "176",
        "S": "0.150867753",
        "SD0": "19.7432456",
        "SD1": "23.63224449",
        "SD1neg": "17.30610013",
        "SD2": "31.4103569",
        "SD2neg": "15.59603397",
        "SD3": "31.5103569",
        "SD3neg": "15.49603397"
    },
    {
        "L": "-2.017533363",
        "M": "19.79062086",
        "Month": "177",
        "S": "0.150787221",
        "SD0": "19.79062086",
        "SD1": "23.68854621",
        "SD1neg": "17.34944186",
        "SD2": "31.49843251",
        "SD2neg": "15.63703237",
        "SD3": "31.59843251",
        "SD3neg": "15.53703237"
    },
    {
        "L": "-2.023123159",
        "M": "19.83763907",
        "Month": "178",
        "S": "0.150700774",
        "SD0": "19.83763907",
        "SD1": "23.74430329",
        "SD1neg": "17.39258466",
        "SD2": "31.58606453",
        "SD2neg": "15.67795234",
        "SD3": "31.68606453",
        "SD3neg": "15.57795234"
    },
    {
        "L": "-2.028911755",
        "M": "19.88429066",
        "Month": "179",
        "S": "0.150608788",
        "SD0": "19.88429066",
        "SD1": "23.7995133",
        "SD1neg": "17.43551473",
        "SD2": "31.67327006",
        "SD2neg": "15.71877726",
        "SD3": "31.77327006",
        "SD3neg": "15.61877726"
    },
    {
        "L": "-2.034893091",
        "M": "19.9305662",
        "Month": "180",
        "S": "0.150511645",
        "SD0": "19.9305662",
        "SD1": "23.85417416",
        "SD1neg": "17.4782182",
        "SD2": "31.76006691",
        "SD2neg": "15.75949032",
        "SD3": "31.86006691",
        "SD3neg": "15.65949032"
    },
    {
        "L": "-2.041060881",
        "M": "19.97645636",
        "Month": "181",
        "S": "0.150409731",
        "SD0": "19.97645636",
        "SD1": "23.90828414",
        "SD1neg": "17.52068112",
        "SD2": "31.84647357",
        "SD2neg": "15.80007451",
        "SD3": "31.94647357",
        "SD3neg": "15.70007451"
    },
    {
        "L": "-2.047408604",
        "M": "20.02195192",
        "Month": "182",
        "S": "0.15030344",
        "SD0": "20.02195192",
        "SD1": "23.96184188",
        "SD1neg": "17.56288949",
        "SD2": "31.93250929",
        "SD2neg": "15.8405126",
        "SD3": "32.03250929",
        "SD3neg": "15.7405126"
    },
    {
        "L": "-2.05392949",
        "M": "20.06704377",
        "Month": "183",
        "S": "0.150193169",
        "SD0": "20.06704377",
        "SD1": "24.01484635",
        "SD1neg": "17.60482921",
        "SD2": "32.01819396",
        "SD2neg": "15.88078714",
        "SD3": "32.11819396",
        "SD3neg": "15.78078714"
    },
    {
        "L": "-2.060616513",
        "M": "20.11172291",
        "Month": "184",
        "S": "0.150079322",
        "SD0": "20.11172291",
        "SD1": "24.06729691",
        "SD1neg": "17.64648614",
        "SD2": "32.10354823",
        "SD2neg": "15.92088049",
        "SD3": "32.20354823",
        "SD3neg": "15.82088049"
    },
    {
        "L": "-2.067462375",
        "M": "20.15598047",
        "Month": "185",
        "S": "0.149962308",
        "SD0": "20.15598047",
        "SD1": "24.11919325",
        "SD1neg": "17.68784605",
        "SD2": "32.18859337",
        "SD2neg": "15.9607748",
        "SD3": "32.28859337",
        "SD3neg": "15.8607748"
    },
    {
        "L": "-2.074459502",
        "M": "20.19980767",
        "Month": "186",
        "S": "0.14984254",
        "SD0": "20.19980767",
        "SD1": "24.17053544",
        "SD1neg": "17.72889464",
        "SD2": "32.27335141",
        "SD2neg": "16.00045201",
        "SD3": "32.37335141",
        "SD3neg": "15.90045201"
    },
    {
        "L": "-2.081600029",
        "M": "20.24319586",
        "Month": "187",
        "S": "0.149720441",
        "SD0": "20.24319586",
        "SD1": "24.2213239",
        "SD1neg": "17.76961752",
        "SD2": "32.35784507",
        "SD2neg": "16.03989384",
        "SD3": "32.45784507",
        "SD3neg": "15.93989384"
    },
    {
        "L": "-2.088875793",
        "M": "20.28613648",
        "Month": "188",
        "S": "0.149596434",
        "SD0": "20.28613648",
        "SD1": "24.27155942",
        "SD1neg": "17.81000027",
        "SD2": "32.44209769",
        "SD2neg": "16.07908182",
        "SD3": "32.54209769",
        "SD3neg": "15.97908182"
    },
    {
        "L": "-2.096278323",
        "M": "20.32862109",
        "Month": "189",
        "S": "0.149470953",
        "SD0": "20.32862109",
        "SD1": "24.32124313",
        "SD1neg": "17.85002835",
        "SD2": "32.52613334",
        "SD2neg": "16.11799725",
        "SD3": "32.62613334",
        "SD3neg": "16.01799725"
    },
    {
        "L": "-2.103798828",
        "M": "20.37064138",
        "Month": "190",
        "S": "0.149344433",
        "SD0": "20.37064138",
        "SD1": "24.37037656",
        "SD1neg": "17.88968716",
        "SD2": "32.60997677",
        "SD2neg": "16.15662122",
        "SD3": "32.70997677",
        "SD3neg": "16.05662122"
    },
    {
        "L": "-2.111428194",
        "M": "20.41218911",
        "Month": "191",
        "S": "0.149217319",
        "SD0": "20.41218911",
        "SD1": "24.41896156",
        "SD1neg": "17.92896205",
        "SD2": "32.69365336",
        "SD2neg": "16.19493464",
        "SD3": "32.79365336",
        "SD3neg": "16.09493464"
    },
    {
        "L": "-2.119156972",
        "M": "20.45325617",
        "Month": "192",
        "S": "0.14909006",
        "SD0": "20.45325617",
        "SD1": "24.46700037",
        "SD1neg": "17.96783826",
        "SD2": "32.77718922",
        "SD2neg": "16.23291817",
        "SD3": "32.87718922",
        "SD3neg": "16.13291817"
    },
    {
        "L": "-2.126975375",
        "M": "20.49383457",
        "Month": "193",
        "S": "0.14896311",
        "SD0": "20.49383457",
        "SD1": "24.51449558",
        "SD1neg": "18.00630097",
        "SD2": "32.86061109",
        "SD2neg": "16.27055228",
        "SD3": "32.96061109",
        "SD3neg": "16.17055228"
    },
    {
        "L": "-2.134873266",
        "M": "20.5339164",
        "Month": "194",
        "S": "0.148836931",
        "SD0": "20.5339164",
        "SD1": "24.56145017",
        "SD1neg": "18.04433529",
        "SD2": "32.94394636",
        "SD2neg": "16.30781725",
        "SD3": "33.04394636",
        "SD3neg": "16.20781725"
    },
    {
        "L": "-2.142840157",
        "M": "20.57349387",
        "Month": "195",
        "S": "0.148711989",
        "SD0": "20.57349387",
        "SD1": "24.60786744",
        "SD1neg": "18.08192623",
        "SD2": "33.0272231",
        "SD2neg": "16.34469312",
        "SD3": "33.1272231",
        "SD3neg": "16.24469312"
    },
    {
        "L": "-2.150865204",
        "M": "20.61255929",
        "Month": "196",
        "S": "0.148588757",
        "SD0": "20.61255929",
        "SD1": "24.65375109",
        "SD1neg": "18.11905876",
        "SD2": "33.11047003",
        "SD2neg": "16.38115976",
        "SD3": "33.21047003",
        "SD3neg": "16.28115976"
    },
    {
        "L": "-2.158937201",
        "M": "20.65110506",
        "Month": "197",
        "S": "0.148467715",
        "SD0": "20.65110506",
        "SD1": "24.69910516",
        "SD1neg": "18.15571773",
        "SD2": "33.19371652",
        "SD2neg": "16.41719679",
        "SD3": "33.29371652",
        "SD3neg": "16.31719679"
    },
    {
        "L": "-2.167044578",
        "M": "20.6891237",
        "Month": "198",
        "S": "0.148349348",
        "SD0": "20.6891237",
        "SD1": "24.74393407",
        "SD1neg": "18.19188795",
        "SD2": "33.27699256",
        "SD2neg": "16.45278367",
        "SD3": "33.37699256",
        "SD3neg": "16.35278367"
    },
    {
        "L": "-2.175176987",
        "M": "20.72660728",
        "Month": "199",
        "S": "0.14823412",
        "SD0": "20.72660728",
        "SD1": "24.78824163",
        "SD1neg": "18.22755427",
        "SD2": "33.36033136",
        "SD2neg": "16.48790036",
        "SD3": "33.46033136",
        "SD3neg": "16.38790036"
    },
    {
        "L": "-2.183317362",
        "M": "20.76355011",
        "Month": "200",
        "S": "0.148122614",
        "SD0": "20.76355011",
        "SD1": "24.83203584",
        "SD1neg": "18.26270089",
        "SD2": "33.44375661",
        "SD2neg": "16.52252371",
        "SD3": "33.54375661",
        "SD3neg": "16.42252371"
    },
    {
        "L": "-2.191457792",
        "M": "20.79994337",
        "Month": "201",
        "S": "0.148015249",
        "SD0": "20.79994337",
        "SD1": "24.87531934",
        "SD1neg": "18.29731279",
        "SD2": "33.52730778",
        "SD2neg": "16.55663476",
        "SD3": "33.62730778",
        "SD3neg": "16.45663476"
    },
    {
        "L": "-2.199583649",
        "M": "20.83578051",
        "Month": "202",
        "S": "0.147912564",
        "SD0": "20.83578051",
        "SD1": "24.91809893",
        "SD1neg": "18.33137432",
        "SD2": "33.61101492",
        "SD2neg": "16.5902114",
        "SD3": "33.71101492",
        "SD3neg": "16.4902114"
    },
    {
        "L": "-2.207681525",
        "M": "20.87105449",
        "Month": "203",
        "S": "0.147815078",
        "SD0": "20.87105449",
        "SD1": "24.96038084",
        "SD1neg": "18.36486986",
        "SD2": "33.69491114",
        "SD2neg": "16.62323208",
        "SD3": "33.79491114",
        "SD3neg": "16.52323208"
    },
    {
        "L": "-2.215737645",
        "M": "20.90575839",
        "Month": "204",
        "S": "0.147723315",
        "SD0": "20.90575839",
        "SD1": "25.00217165",
        "SD1neg": "18.39778372",
        "SD2": "33.7790302",
        "SD2neg": "16.65567505",
        "SD3": "33.8790302",
        "SD3neg": "16.55567505"
    },
    {
        "L": "-2.223739902",
        "M": "20.93988477",
        "Month": "205",
        "S": "0.147637768",
        "SD0": "20.93988477",
        "SD1": "25.04347711",
        "SD1neg": "18.4301004",
        "SD2": "33.86340976",
        "SD2neg": "16.68751937",
        "SD3": "33.96340976",
        "SD3neg": "16.58751937"
    },
    {
        "L": "-2.231667995",
        "M": "20.97342858",
        "Month": "206",
        "S": "0.147559083",
        "SD0": "20.97342858",
        "SD1": "25.08430793",
        "SD1neg": "18.46180326",
        "SD2": "33.94807521",
        "SD2neg": "16.71873998",
        "SD3": "34.04807521",
        "SD3neg": "16.61873998"
    },
    {
        "L": "-2.239511942",
        "M": "21.00638171",
        "Month": "207",
        "S": "0.147487716",
        "SD0": "21.00638171",
        "SD1": "25.12466892",
        "SD1neg": "18.49287702",
        "SD2": "34.03307001",
        "SD2neg": "16.74931698",
        "SD3": "34.13307001",
        "SD3neg": "16.64931698"
    },
    {
        "L": "-2.247257081",
        "M": "21.0387374",
        "Month": "208",
        "S": "0.14742421",
        "SD0": "21.0387374",
        "SD1": "25.16456783",
        "SD1neg": "18.52330572",
        "SD2": "34.11843118",
        "SD2neg": "16.7792281",
        "SD3": "34.21843118",
        "SD3neg": "16.6792281"
    },
    {
        "L": "-2.254885145",
        "M": "21.07048996",
        "Month": "209",
        "S": "0.147369174",
        "SD0": "21.07048996",
        "SD1": "25.20401463",
        "SD1neg": "18.55307288",
        "SD2": "34.20419068",
        "SD2neg": "16.80844925",
        "SD3": "34.30419068",
        "SD3neg": "16.70844925"
    },
    {
        "L": "-2.26238209",
        "M": "21.10163241",
        "Month": "210",
        "S": "0.147323144",
        "SD0": "21.10163241",
        "SD1": "25.24301702",
        "SD1neg": "18.58216254",
        "SD2": "34.29038872",
        "SD2neg": "16.83695842",
        "SD3": "34.39038872",
        "SD3neg": "16.73695842"
    },
    {
        "L": "-2.269731517",
        "M": "21.13215845",
        "Month": "211",
        "S": "0.147286698",
        "SD0": "21.13215845",
        "SD1": "25.28158427",
        "SD1neg": "18.61055837",
        "SD2": "34.37706259",
        "SD2neg": "16.86473239",
        "SD3": "34.47706259",
        "SD3neg": "16.76473239"
    },
    {
        "L": "-2.276917229",
        "M": "21.16206171",
        "Month": "212",
        "S": "0.147260415",
        "SD0": "21.16206171",
        "SD1": "25.31972569",
        "SD1neg": "18.63824405",
        "SD2": "34.46425091",
        "SD2neg": "16.891748",
        "SD3": "34.56425091",
        "SD3neg": "16.791748"
    },
    {
        "L": "-2.283925442",
        "M": "21.1913351",
        "Month": "213",
        "S": "0.147244828",
        "SD0": "21.1913351",
        "SD1": "25.35744934",
        "SD1neg": "18.66520351",
        "SD2": "34.55199756",
        "SD2neg": "16.91798331",
        "SD3": "34.65199756",
        "SD3neg": "16.81798331"
    },
    {
        "L": "-2.290731442",
        "M": "21.21997472",
        "Month": "214",
        "S": "0.147240683",
        "SD0": "21.21997472",
        "SD1": "25.39477006",
        "SD1neg": "18.69141911",
        "SD2": "34.64032825",
        "SD2neg": "16.94341069",
        "SD3": "34.74032825",
        "SD3neg": "16.84341069"
    },
    {
        "L": "-2.29732427",
        "M": "21.24797262",
        "Month": "215",
        "S": "0.147248467",
        "SD0": "21.24797262",
        "SD1": "25.43169463",
        "SD1neg": "18.71687509",
        "SD2": "34.72929362",
        "SD2neg": "16.96800954",
        "SD3": "34.82929362",
        "SD3neg": "16.86800954"
    },
    {
        "L": "-2.303687802",
        "M": "21.27532239",
        "Month": "216",
        "S": "0.14726877",
        "SD0": "21.27532239",
        "SD1": "25.46823313",
        "SD1neg": "18.74155489",
        "SD2": "34.81893621",
        "SD2neg": "16.99175654",
        "SD3": "34.91893621",
        "SD3neg": "16.89175654"
    },
    {
        "L": "-2.309799971",
        "M": "21.30201933",
        "Month": "217",
        "S": "0.147302299",
        "SD0": "21.30201933",
        "SD1": "25.50439953",
        "SD1neg": "18.76544106",
        "SD2": "34.90928877",
        "SD2neg": "17.01462522",
        "SD3": "35.00928877",
        "SD3neg": "16.91462522"
    },
    {
        "L": "-2.315651874",
        "M": "21.32805489",
        "Month": "218",
        "S": "0.147349514",
        "SD0": "21.32805489",
        "SD1": "25.54019997",
        "SD1neg": "18.78851796",
        "SD2": "35.00040849",
        "SD2neg": "17.03659585",
        "SD3": "35.10040849",
        "SD3neg": "16.93659585"
    },
    {
        "L": "-2.32121731",
        "M": "21.35342563",
        "Month": "219",
        "S": "0.147411215",
        "SD0": "21.35342563",
        "SD1": "25.57565149",
        "SD1neg": "18.81076738",
        "SD2": "35.092322",
        "SD2neg": "17.05763963",
        "SD3": "35.192322",
        "SD3neg": "16.95763963"
    },
    {
        "L": "-2.326481911",
        "M": "21.37812462",
        "Month": "220",
        "S": "0.147487979",
        "SD0": "21.37812462",
        "SD1": "25.61076411",
        "SD1neg": "18.83217273",
        "SD2": "35.18507793",
        "SD2neg": "17.07773379",
        "SD3": "35.28507793",
        "SD3neg": "16.97773379"
    },
    {
        "L": "-2.331428139",
        "M": "21.40214589",
        "Month": "221",
        "S": "0.147580453",
        "SD0": "21.40214589",
        "SD1": "25.64555014",
        "SD1neg": "18.85271691",
        "SD2": "35.2787198",
        "SD2neg": "17.0968538",
        "SD3": "35.3787198",
        "SD3neg": "16.9968538"
    },
    {
        "L": "-2.336038473",
        "M": "21.42548351",
        "Month": "222",
        "S": "0.147689289",
        "SD0": "21.42548351",
        "SD1": "25.68002217",
        "SD1neg": "18.87238271",
        "SD2": "35.37329169",
        "SD2neg": "17.11497498",
        "SD3": "35.47329169",
        "SD3neg": "17.01497498"
    },
    {
        "L": "-2.34029545",
        "M": "21.44813156",
        "Month": "223",
        "S": "0.14781515",
        "SD0": "21.44813156",
        "SD1": "25.71419307",
        "SD1neg": "18.89115284",
        "SD2": "35.46883815",
        "SD2neg": "17.13207257",
        "SD3": "35.56883815",
        "SD3neg": "17.03207257"
    },
    {
        "L": "-2.344181703",
        "M": "21.47008412",
        "Month": "224",
        "S": "0.147958706",
        "SD0": "21.47008412",
        "SD1": "25.74807605",
        "SD1neg": "18.90900994",
        "SD2": "35.56540434",
        "SD2neg": "17.14812165",
        "SD3": "35.66540434",
        "SD3neg": "17.04812165"
    },
    {
        "L": "-2.34768",
        "M": "21.49133529",
        "Month": "225",
        "S": "0.148120633",
        "SD0": "21.49133529",
        "SD1": "25.78168457",
        "SD1neg": "18.92593654",
        "SD2": "35.6630359",
        "SD2neg": "17.16309721",
        "SD3": "35.7630359",
        "SD3neg": "17.06309721"
    },
    {
        "L": "-2.350773286",
        "M": "21.51187918",
        "Month": "226",
        "S": "0.148301619",
        "SD0": "21.51187918",
        "SD1": "25.8150324",
        "SD1neg": "18.94191512",
        "SD2": "35.76177909",
        "SD2neg": "17.17697415",
        "SD3": "35.86177909",
        "SD3neg": "17.07697415"
    },
    {
        "L": "-2.353444725",
        "M": "21.53170989",
        "Month": "227",
        "S": "0.148502355",
        "SD0": "21.53170989",
        "SD1": "25.84813358",
        "SD1neg": "18.95692804",
        "SD2": "35.86168061",
        "SD2neg": "17.18972724",
        "SD3": "35.96168061",
        "SD3neg": "17.08972724"
    },
    {
        "L": "-2.355677743",
        "M": "21.55082155",
        "Month": "228",
        "S": "0.148723546",
        "SD0": "21.55082155",
        "SD1": "25.88100242",
        "SD1neg": "18.9709576",
        "SD2": "35.96278776",
        "SD2neg": "17.20133116",
        "SD3": "36.06278776",
        "SD3neg": "17.10133116"
    },
    {
        "L": "-2.35745607",
        "M": "21.56920824",
        "Month": "229",
        "S": "0.148965902",
        "SD0": "21.56920824",
        "SD1": "25.91365354",
        "SD1neg": "18.983986",
        "SD2": "36.06514838",
        "SD2neg": "17.21176051",
        "SD3": "36.16514838",
        "SD3neg": "17.11176051"
    },
    {
        "L": "-2.358763788",
        "M": "21.58686406",
        "Month": "230",
        "S": "0.149230142",
        "SD0": "21.58686406",
        "SD1": "25.94610178",
        "SD1neg": "18.99599538",
        "SD2": "36.16881081",
        "SD2neg": "17.22098979",
        "SD3": "36.26881081",
        "SD3neg": "17.12098979"
    },
    {
        "L": "-2.359585369",
        "M": "21.60378309",
        "Month": "231",
        "S": "0.149516994",
        "SD0": "21.60378309",
        "SD1": "25.97836229",
        "SD1neg": "19.00696777",
        "SD2": "36.27382397",
        "SD2neg": "17.22899342",
        "SD3": "36.37382397",
        "SD3neg": "17.12899342"
    },
    {
        "L": "-2.359905726",
        "M": "21.61995939",
        "Month": "232",
        "S": "0.149827195",
        "SD0": "21.61995939",
        "SD1": "26.01045043",
        "SD1neg": "19.01688514",
        "SD2": "36.38023726",
        "SD2neg": "17.23574574",
        "SD3": "36.48023726",
        "SD3neg": "17.13574574"
    },
    {
        "L": "-2.359710258",
        "M": "21.635387",
        "Month": "233",
        "S": "0.150161492",
        "SD0": "21.635387",
        "SD1": "26.04238187",
        "SD1neg": "19.02572935",
        "SD2": "36.48810069",
        "SD2neg": "17.24122103",
        "SD3": "36.58810069",
        "SD3neg": "17.14122103"
    },
    {
        "L": "-2.358980464",
        "M": "21.65006126",
        "Month": "234",
        "S": "0.150520734",
        "SD0": "21.65006126",
        "SD1": "26.07417551",
        "SD1neg": "19.03348141",
        "SD2": "36.5974553",
        "SD2neg": "17.24539098",
        "SD3": "36.6974553",
        "SD3neg": "17.14539098"
    },
    {
        "L": "-2.357714508",
        "M": "21.6639727",
        "Month": "235",
        "S": "0.150905439",
        "SD0": "21.6639727",
        "SD1": "26.10583953",
        "SD1neg": "19.04012511",
        "SD2": "36.70837712",
        "SD2neg": "17.24823631",
        "SD3": "36.80837712",
        "SD3neg": "17.14823631"
    },
    {
        "L": "-2.355892424",
        "M": "21.67711736",
        "Month": "236",
        "S": "0.151316531",
        "SD0": "21.67711736",
        "SD1": "26.13739511",
        "SD1neg": "19.04564082",
        "SD2": "36.82090285",
        "SD2neg": "17.24972714",
        "SD3": "36.92090285",
        "SD3neg": "17.14972714"
    },
    {
        "L": "-2.353501353",
        "M": "21.68948935",
        "Month": "237",
        "S": "0.151754808",
        "SD0": "21.68948935",
        "SD1": "26.16885932",
        "SD1neg": "19.05000997",
        "SD2": "36.9350833",
        "SD2neg": "17.24983712",
        "SD3": "37.0350833",
        "SD3neg": "17.14983712"
    },
    {
        "L": "-2.350528726",
        "M": "21.70108288",
        "Month": "238",
        "S": "0.152221086",
        "SD0": "21.70108288",
        "SD1": "26.20024976",
        "SD1neg": "19.05321383",
        "SD2": "37.05096887",
        "SD2neg": "17.24853962",
        "SD3": "37.15096887",
        "SD3neg": "17.14853962"
    },
    {
        "L": "-2.346962247",
        "M": "21.71189225",
        "Month": "239",
        "S": "0.152716206",
        "SD0": "21.71189225",
        "SD1": "26.23158462",
        "SD1neg": "19.05523348",
        "SD2": "37.16860933",
        "SD2neg": "17.24580767",
        "SD3": "37.26860933",
        "SD3neg": "17.14580767"
    },
    {
        "L": "-2.342796948",
        "M": "21.72190973",
        "Month": "240",
        "S": "0.153240872",
        "SD0": "21.72190973",
        "SD1": "26.26287764",
        "SD1neg": "19.05605115",
        "SD2": "37.28807003",
        "SD2neg": "17.2416181",
        "SD3": "37.38807003",
        "SD3neg": "17.1416181"
    }
]
