[
    {
        "L": "-1.982373595", 
        "M": "16.54777487", 
        "Month": "24", 
        "S": "0.080127429", 
        "SD0": "16.54777487", 
        "SD1": "18.05655611", 
        "SD1neg": "15.36182304", 
        "SD2": "20.06712753", 
        "SD2neg": "14.3979661", 
        "SD3": "20.16712753", 
        "SD3neg": "14.2979661"
    }, 
    {
        "L": "-1.924100169", 
        "M": "16.49442763", 
        "Month": "25", 
        "S": "0.079233994", 
        "SD0": "16.49442763", 
        "SD1": "17.97514974", 
        "SD1neg": "15.32180715", 
        "SD2": "19.92652961", 
        "SD2neg": "14.36374276", 
        "SD3": "20.02652961", 
        "SD3neg": "14.26374276"
    }, 
    {
        "L": "-1.86549793", 
        "M": "16.44259552", 
        "Month": "26", 
        "S": "0.078389356", 
        "SD0": "16.44259552", 
        "SD1": "17.89684579", 
        "SD1neg": "15.28258055", 
        "SD2": "19.79314234", 
        "SD2neg": "14.32990708", 
        "SD3": "19.89314234", 
        "SD3neg": "14.22990708"
    }, 
    {
        "L": "-1.807261899", 
        "M": "16.3922434", 
        "Month": "27", 
        "S": "0.077593501", 
        "SD0": "16.3922434", 
        "SD1": "17.82160018", 
        "SD1neg": "15.24413426", 
        "SD2": "19.66683181", 
        "SD2neg": "14.29649627", 
        "SD3": "19.76683181", 
        "SD3neg": "14.19649627"
    }, 
    {
        "L": "-1.750118905", 
        "M": "16.34333654", 
        "Month": "28", 
        "S": "0.076846462", 
        "SD0": "16.34333654", 
        "SD1": "17.74936974", 
        "SD1neg": "15.2064586", 
        "SD2": "19.54746541", 
        "SD2neg": "14.26354741", 
        "SD3": "19.64746541", 
        "SD3neg": "14.16354741"
    }, 
    {
        "L": "-1.69481584", 
        "M": "16.29584097", 
        "Month": "29", 
        "S": "0.076148308", 
        "SD0": "16.29584097", 
        "SD1": "17.68011224", 
        "SD1neg": "15.16954345", 
        "SD2": "19.43491203", 
        "SD2neg": "14.23109715", 
        "SD3": "19.53491203", 
        "SD3neg": "14.13109715"
    }, 
    {
        "L": "-1.642106779", 
        "M": "16.24972371", 
        "Month": "30", 
        "S": "0.075499126", 
        "SD0": "16.24972371", 
        "SD1": "17.61378614", 
        "SD1neg": "15.13337844", 
        "SD2": "19.32904226", 
        "SD2neg": "14.19918126", 
        "SD3": "19.42904226", 
        "SD3neg": "14.09918126"
    }, 
    {
        "L": "-1.592744414", 
        "M": "16.20495268", 
        "Month": "31", 
        "S": "0.074898994", 
        "SD0": "16.20495268", 
        "SD1": "17.55035027", 
        "SD1neg": "15.0979532", 
        "SD2": "19.22972928", 
        "SD2neg": "14.16783468", 
        "SD3": "19.32972928", 
        "SD3neg": "14.06783468"
    }, 
    {
        "L": "-1.547442391", 
        "M": "16.16149871", 
        "Month": "32", 
        "S": "0.074347997", 
        "SD0": "16.16149871", 
        "SD1": "17.48976489", 
        "SD1neg": "15.06325795", 
        "SD2": "19.1368458", 
        "SD2neg": "14.13708913", 
        "SD3": "19.2368458", 
        "SD3neg": "14.03708913"
    }, 
    {
        "L": "-1.506902601", 
        "M": "16.11933258", 
        "Month": "33", 
        "S": "0.073846139", 
        "SD0": "16.11933258", 
        "SD1": "17.43198924", 
        "SD1neg": "15.02928316", 
        "SD2": "19.05027004", 
        "SD2neg": "14.10697634", 
        "SD3": "19.15027004", 
        "SD3neg": "14.00697634"
    }, 
    {
        "L": "-1.471770047", 
        "M": "16.07842758", 
        "Month": "34", 
        "S": "0.07339337", 
        "SD0": "16.07842758", 
        "SD1": "17.37698312", 
        "SD1neg": "14.9960203", 
        "SD2": "18.96988148", 
        "SD2neg": "14.0775249", 
        "SD3": "19.06988148", 
        "SD3neg": "13.9775249"
    }, 
    {
        "L": "-1.442628957", 
        "M": "16.03875896", 
        "Month": "35", 
        "S": "0.072989551", 
        "SD0": "16.03875896", 
        "SD1": "17.32470625", 
        "SD1neg": "14.96346195", 
        "SD2": "18.89556234", 
        "SD2neg": "14.04876076", 
        "SD3": "18.99556234", 
        "SD3neg": "13.94876076"
    }, 
    {
        "L": "-1.419991255", 
        "M": "16.00030401", 
        "Month": "36", 
        "S": "0.072634432", 
        "SD0": "16.00030401", 
        "SD1": "17.27511807", 
        "SD1neg": "14.93160201", 
        "SD2": "18.82719771", 
        "SD2neg": "14.02070701", 
        "SD3": "18.92719771", 
        "SD3neg": "13.92070701"
    }, 
    {
        "L": "-1.404277619", 
        "M": "15.96304277", 
        "Month": "37", 
        "S": "0.072327649", 
        "SD0": "15.96304277", 
        "SD1": "17.22817809", 
        "SD1neg": "14.90043608", 
        "SD2": "18.76467456", 
        "SD2neg": "13.99338289", 
        "SD3": "18.86467456", 
        "SD3neg": "13.89338289"
    }, 
    {
        "L": "-1.39586317", 
        "M": "15.92695418", 
        "Month": "38", 
        "S": "0.07206864", 
        "SD0": "15.92695418", 
        "SD1": "17.18384311", 
        "SD1neg": "14.86996064", 
        "SD2": "18.70788845", 
        "SD2neg": "13.96680799", 
        "SD3": "18.80788845", 
        "SD3neg": "13.86680799"
    }, 
    {
        "L": "-1.394935252", 
        "M": "15.89202582", 
        "Month": "39", 
        "S": "0.071856805", 
        "SD0": "15.89202582", 
        "SD1": "17.14207383", 
        "SD1neg": "14.84017547", 
        "SD2": "18.65672688", 
        "SD2neg": "13.94099125", 
        "SD3": "18.75672688", 
        "SD3neg": "13.84099125"
    }, 
    {
        "L": "-1.401671596", 
        "M": "15.85824093", 
        "Month": "40", 
        "S": "0.071691278", 
        "SD0": "15.85824093", 
        "SD1": "17.10282592", 
        "SD1neg": "14.81108064", 
        "SD2": "18.61109155", 
        "SD2neg": "13.9159455", 
        "SD3": "18.71109155", 
        "SD3neg": "13.8159455"
    }, 
    {
        "L": "-1.416100312", 
        "M": "15.82558822", 
        "Month": "41", 
        "S": "0.071571093", 
        "SD0": "15.82558822", 
        "SD1": "17.06605674", 
        "SD1neg": "14.78267884", 
        "SD2": "18.5708814", 
        "SD2neg": "13.89167642", 
        "SD3": "18.6708814", 
        "SD3neg": "13.79167642"
    }, 
    {
        "L": "-1.438164899", 
        "M": "15.79405728", 
        "Month": "42", 
        "S": "0.071495113", 
        "SD0": "15.79405728", 
        "SD1": "17.03172229", 
        "SD1neg": "14.75497424", 
        "SD2": "18.53600032", 
        "SD2neg": "13.86818778", 
        "SD3": "18.63600032", 
        "SD3neg": "13.76818778"
    }, 
    {
        "L": "-1.467669032", 
        "M": "15.76364255", 
        "Month": "43", 
        "S": "0.071462106", 
        "SD0": "15.76364255", 
        "SD1": "16.99978004", 
        "SD1neg": "14.72797332", 
        "SD2": "18.50635007", 
        "SD2neg": "13.84547707", 
        "SD3": "18.60635007", 
        "SD3neg": "13.74547707"
    }, 
    {
        "L": "-1.504376347", 
        "M": "15.73433668", 
        "Month": "44", 
        "S": "0.071470646", 
        "SD0": "15.73433668", 
        "SD1": "16.97018451", 
        "SD1neg": "14.70168324", 
        "SD2": "18.48184132", 
        "SD2neg": "13.82354307", 
        "SD3": "18.58184132", 
        "SD3neg": "13.72354307"
    }, 
    {
        "L": "-1.547942838", 
        "M": "15.70613566", 
        "Month": "45", 
        "S": "0.071519218", 
        "SD0": "15.70613566", 
        "SD1": "16.94289098", 
        "SD1neg": "14.67611285", 
        "SD2": "18.46238462", 
        "SD2neg": "13.80238026", 
        "SD3": "18.56238462", 
        "SD3neg": "13.70238026"
    }, 
    {
        "L": "-1.597896397", 
        "M": "15.67904062", 
        "Month": "46", 
        "S": "0.071606277", 
        "SD0": "15.67904062", 
        "SD1": "16.91785705", 
        "SD1neg": "14.65127284", 
        "SD2": "18.44788656", 
        "SD2neg": "13.78197702", 
        "SD3": "18.54788656", 
        "SD3neg": "13.68197702"
    }, 
    {
        "L": "-1.653732283", 
        "M": "15.65305192", 
        "Month": "47", 
        "S": "0.071730167", 
        "SD0": "15.65305192", 
        "SD1": "16.89503873", 
        "SD1neg": "14.62717425", 
        "SD2": "18.43825962", 
        "SD2neg": "13.76232243", 
        "SD3": "18.53825962", 
        "SD3neg": "13.66232243"
    }, 
    {
        "L": "-1.714869347", 
        "M": "15.62817269", 
        "Month": "48", 
        "S": "0.071889214", 
        "SD0": "15.62817269", 
        "SD1": "16.8743933", 
        "SD1neg": "14.603829", 
        "SD2": "18.43341534", 
        "SD2neg": "13.74340243", 
        "SD3": "18.53341534", 
        "SD3neg": "13.64340243"
    }, 
    {
        "L": "-1.780673181", 
        "M": "15.604408", 
        "Month": "49", 
        "S": "0.072081737", 
        "SD0": "15.604408", 
        "SD1": "16.855879", 
        "SD1neg": "14.58124944", 
        "SD2": "18.43326516", 
        "SD2neg": "13.72520106", 
        "SD3": "18.53326516", 
        "SD3neg": "13.62520106"
    }, 
    {
        "L": "-1.850468473", 
        "M": "15.58176458", 
        "Month": "50", 
        "S": "0.072306081", 
        "SD0": "15.58176458", 
        "SD1": "16.83945526", 
        "SD1neg": "14.55944809", 
        "SD2": "18.43772007", 
        "SD2neg": "13.70770074", 
        "SD3": "18.53772007", 
        "SD3neg": "13.60770074"
    }, 
    {
        "L": "-1.923551865", 
        "M": "15.56025067", 
        "Month": "51", 
        "S": "0.072560637", 
        "SD0": "15.56025067", 
        "SD1": "16.82508289", 
        "SD1neg": "14.53843731", 
        "SD2": "18.44669021", 
        "SD2neg": "13.69088273", 
        "SD3": "18.54669021", 
        "SD3neg": "13.59088273"
    }, 
    {
        "L": "-1.999220429", 
        "M": "15.5398746", 
        "Month": "52", 
        "S": "0.07284384", 
        "SD0": "15.5398746", 
        "SD1": "16.81272341", 
        "SD1neg": "14.51822892", 
        "SD2": "18.46008665", 
        "SD2neg": "13.67472862", 
        "SD3": "18.56008665", 
        "SD3neg": "13.57472862"
    }, 
    {
        "L": "-2.076707178", 
        "M": "15.52064993", 
        "Month": "53", 
        "S": "0.073154324", 
        "SD0": "15.52064993", 
        "SD1": "16.80234344", 
        "SD1neg": "14.49883475", 
        "SD2": "18.47781072", 
        "SD2neg": "13.65921478", 
        "SD3": "18.57781072", 
        "SD3neg": "13.55921478"
    }, 
    {
        "L": "-2.155348017", 
        "M": "15.50258427", 
        "Month": "54", 
        "S": "0.073490667", 
        "SD0": "15.50258427", 
        "SD1": "16.79390625", 
        "SD1neg": "14.48026475", 
        "SD2": "18.49977466", 
        "SD2neg": "13.64432473", 
        "SD3": "18.59977466", 
        "SD3neg": "13.54432473"
    }, 
    {
        "L": "-2.234438552", 
        "M": "15.48568973", 
        "Month": "55", 
        "S": "0.073851672", 
        "SD0": "15.48568973", 
        "SD1": "16.78738028", 
        "SD1neg": "14.4625285", 
        "SD2": "18.52588073", 
        "SD2neg": "13.63003748", 
        "SD3": "18.62588073", 
        "SD3neg": "13.53003748"
    }, 
    {
        "L": "-2.313321723", 
        "M": "15.46997718", 
        "Month": "56", 
        "S": "0.074236235", 
        "SD0": "15.46997718", 
        "SD1": "16.7827349", 
        "SD1neg": "14.4456342", 
        "SD2": "18.55603158", 
        "SD2neg": "13.61633386", 
        "SD3": "18.65603158", 
        "SD3neg": "13.51633386"
    }, 
    {
        "L": "-2.391381273", 
        "M": "15.45545692", 
        "Month": "57", 
        "S": "0.074643374", 
        "SD0": "15.45545692", 
        "SD1": "16.7799411", 
        "SD1neg": "14.42958876", 
        "SD2": "18.59012824", 
        "SD2neg": "13.60319568", 
        "SD3": "18.69012824", 
        "SD3neg": "13.50319568"
    }, 
    {
        "L": "-2.468032491", 
        "M": "15.44213961", 
        "Month": "58", 
        "S": "0.075072264", 
        "SD0": "15.44213961", 
        "SD1": "16.77897254", 
        "SD1neg": "14.41439786", 
        "SD2": "18.62806765", 
        "SD2neg": "13.59060455", 
        "SD3": "18.72806765", 
        "SD3neg": "13.49060455"
    }, 
    {
        "L": "-2.542781541", 
        "M": "15.43003207", 
        "Month": "59", 
        "S": "0.075522104", 
        "SD0": "15.43003207", 
        "SD1": "16.77980187", 
        "SD1neg": "14.40006552", 
        "SD2": "18.66975112", 
        "SD2neg": "13.57854652", 
        "SD3": "18.76975112", 
        "SD3neg": "13.47854652"
    }, 
    {
        "L": "-2.61516595", 
        "M": "15.41914163", 
        "Month": "60", 
        "S": "0.07599225", 
        "SD0": "15.41914163", 
        "SD1": "16.7824046", 
        "SD1neg": "14.38659464", 
        "SD2": "18.71507487", 
        "SD2neg": "13.5670071", 
        "SD3": "18.81507487", 
        "SD3neg": "13.4670071"
    }, 
    {
        "L": "-2.684789516", 
        "M": "15.40947356", 
        "Month": "61", 
        "S": "0.076482128", 
        "SD0": "15.40947356", 
        "SD1": "16.78675682", 
        "SD1neg": "14.37398676", 
        "SD2": "18.76393522", 
        "SD2neg": "13.55597396", 
        "SD3": "18.86393522", 
        "SD3neg": "13.45597396"
    }, 
    {
        "L": "-2.751316949", 
        "M": "15.40103139", 
        "Month": "62", 
        "S": "0.076991232", 
        "SD0": "15.40103139", 
        "SD1": "16.7928354", 
        "SD1neg": "14.36224224", 
        "SD2": "18.81622797", 
        "SD2neg": "13.54543658", 
        "SD3": "18.91622797", 
        "SD3neg": "13.44543658"
    }, 
    {
        "L": "-2.81445945", 
        "M": "15.39381785", 
        "Month": "63", 
        "S": "0.077519149", 
        "SD0": "15.39381785", 
        "SD1": "16.80061877", 
        "SD1neg": "14.35136036", 
        "SD2": "18.8718461", 
        "SD2neg": "13.535385", 
        "SD3": "18.9718461", 
        "SD3neg": "13.435385"
    }, 
    {
        "L": "-2.87402476", 
        "M": "15.38783094", 
        "Month": "64", 
        "S": "0.07806539", 
        "SD0": "15.38783094", 
        "SD1": "16.81008285", 
        "SD1neg": "14.3413393", 
        "SD2": "18.93068964", 
        "SD2neg": "13.52581439", 
        "SD3": "19.03068964", 
        "SD3neg": "13.42581439"
    }, 
    {
        "L": "-2.92984048", 
        "M": "15.38306945", 
        "Month": "65", 
        "S": "0.078629592", 
        "SD0": "15.38306945", 
        "SD1": "16.82120634", 
        "SD1neg": "14.33217651", 
        "SD2": "18.99265243", 
        "SD2neg": "13.51671856", 
        "SD3": "19.09265243", 
        "SD3neg": "13.41671856"
    }, 
    {
        "L": "-2.981796828", 
        "M": "15.37952958", 
        "Month": "66", 
        "S": "0.079211369", 
        "SD0": "15.37952958", 
        "SD1": "16.83396716", 
        "SD1neg": "14.32386864", 
        "SD2": "19.05763083", 
        "SD2neg": "13.50809389", 
        "SD3": "19.15763083", 
        "SD3neg": "13.40809389"
    }, 
    {
        "L": "-3.029831343", 
        "M": "15.37720582", 
        "Month": "67", 
        "S": "0.079810334", 
        "SD0": "15.37720582", 
        "SD1": "16.84834305", 
        "SD1neg": "14.31641177", 
        "SD2": "19.1255219", 
        "SD2neg": "13.4999383", 
        "SD3": "19.2255219", 
        "SD3neg": "13.3999383"
    }, 
    {
        "L": "-3.073924224", 
        "M": "15.37609107", 
        "Month": "68", 
        "S": "0.080426086", 
        "SD0": "15.37609107", 
        "SD1": "16.86431154", 
        "SD1neg": "14.30980144", 
        "SD2": "19.19622364", 
        "SD2neg": "13.49225114", 
        "SD3": "19.29622364", 
        "SD3neg": "13.39225114"
    }, 
    {
        "L": "-3.114093476", 
        "M": "15.37617677", 
        "Month": "69", 
        "S": "0.081058206", 
        "SD0": "15.37617677", 
        "SD1": "16.8818498", 
        "SD1neg": "14.3040328", 
        "SD2": "19.2696351", 
        "SD2neg": "13.485033", 
        "SD3": "19.3696351", 
        "SD3neg": "13.385033"
    }, 
    {
        "L": "-3.15039004", 
        "M": "15.37745304", 
        "Month": "70", 
        "S": "0.081706249", 
        "SD0": "15.37745304", 
        "SD1": "16.90093464", 
        "SD1neg": "14.29910074", 
        "SD2": "19.34565656", 
        "SD2neg": "13.47828563", 
        "SD3": "19.44565656", 
        "SD3neg": "13.37828563"
    }, 
    {
        "L": "-3.182893018", 
        "M": "15.37990886", 
        "Month": "71", 
        "S": "0.082369741", 
        "SD0": "15.37990886", 
        "SD1": "16.92154242", 
        "SD1neg": "14.29499989", 
        "SD2": "19.42418962", 
        "SD2neg": "13.4720118", 
        "SD3": "19.52418962", 
        "SD3neg": "13.3720118"
    }, 
    {
        "L": "-3.21170511", 
        "M": "15.38353217", 
        "Month": "72", 
        "S": "0.083048178", 
        "SD0": "15.38353217", 
        "SD1": "16.94364904", 
        "SD1neg": "14.29172477", 
        "SD2": "19.50513729", 
        "SD2neg": "13.4662151", 
        "SD3": "19.60513729", 
        "SD3neg": "13.3662151"
    }, 
    {
        "L": "-3.23694834", 
        "M": "15.38831005", 
        "Month": "73", 
        "S": "0.083741021", 
        "SD0": "15.38831005", 
        "SD1": "16.96723", 
        "SD1neg": "14.28926981", 
        "SD2": "19.58840407", 
        "SD2neg": "13.4608999", 
        "SD3": "19.68840407", 
        "SD3neg": "13.3608999"
    }, 
    {
        "L": "-3.25876011", 
        "M": "15.39422883", 
        "Month": "74", 
        "S": "0.0844477", 
        "SD0": "15.39422883", 
        "SD1": "16.99226031", 
        "SD1neg": "14.2876294", 
        "SD2": "19.67389598", 
        "SD2neg": "13.45607114", 
        "SD3": "19.77389598", 
        "SD3neg": "13.35607114"
    }, 
    {
        "L": "-3.277281546", 
        "M": "15.40127496", 
        "Month": "75", 
        "S": "0.085167651", 
        "SD0": "15.40127496", 
        "SD1": "17.01871552", 
        "SD1neg": "14.28679788", 
        "SD2": "19.76151829", 
        "SD2neg": "13.4517334", 
        "SD3": "19.86151829", 
        "SD3neg": "13.3517334"
    }, 
    {
        "L": "-3.292683774", 
        "M": "15.40943252", 
        "Month": "76", 
        "S": "0.085900184", 
        "SD0": "15.40943252", 
        "SD1": "17.0465684", 
        "SD1neg": "14.28676979", 
        "SD2": "19.85118395", 
        "SD2neg": "13.44789398", 
        "SD3": "19.95118395", 
        "SD3neg": "13.34789398"
    }, 
    {
        "L": "-3.305124073", 
        "M": "15.41868691", 
        "Month": "77", 
        "S": "0.086644667", 
        "SD0": "15.41868691", 
        "SD1": "17.07579356", 
        "SD1neg": "14.28753959", 
        "SD2": "19.94280203", 
        "SD2neg": "13.44455833", 
        "SD3": "20.04280203", 
        "SD3neg": "13.34455833"
    }, 
    {
        "L": "-3.314768951", 
        "M": "15.42902273", 
        "Month": "78", 
        "S": "0.087400421", 
        "SD0": "15.42902273", 
        "SD1": "17.10636465", 
        "SD1neg": "14.28910184", 
        "SD2": "20.03628486", 
        "SD2neg": "13.44173278", 
        "SD3": "20.13628486", 
        "SD3neg": "13.34173278"
    }, 
    {
        "L": "-3.321785992", 
        "M": "15.44042439", 
        "Month": "79", 
        "S": "0.088166744", 
        "SD0": "15.44042439", 
        "SD1": "17.13825509", 
        "SD1neg": "14.29145121", 
        "SD2": "20.13154635", 
        "SD2neg": "13.43942375", 
        "SD3": "20.23154635", 
        "SD3neg": "13.33942375"
    }, 
    {
        "L": "-3.326345795", 
        "M": "15.45287581", 
        "Month": "80", 
        "S": "0.088942897", 
        "SD0": "15.45287581", 
        "SD1": "17.17143761", 
        "SD1neg": "14.2945825", 
        "SD2": "20.22850331", 
        "SD2neg": "13.4376382", 
        "SD3": "20.32850331", 
        "SD3neg": "13.3376382"
    }, 
    {
        "L": "-3.328602731", 
        "M": "15.46636218", 
        "Month": "81", 
        "S": "0.089728202", 
        "SD0": "15.46636218", 
        "SD1": "17.20588664", 
        "SD1neg": "14.29849042", 
        "SD2": "20.3270693", 
        "SD2neg": "13.43638133", 
        "SD3": "20.4270693", 
        "SD3neg": "13.33638133"
    }, 
    {
        "L": "-3.328725277", 
        "M": "15.48086704", 
        "Month": "82", 
        "S": "0.090521875", 
        "SD0": "15.48086704", 
        "SD1": "17.24157423", 
        "SD1neg": "14.30316998", 
        "SD2": "20.42716542", 
        "SD2neg": "13.43566045", 
        "SD3": "20.52716542", 
        "SD3neg": "13.33566045"
    }, 
    {
        "L": "-3.32687018", 
        "M": "15.49637465", 
        "Month": "83", 
        "S": "0.091323162", 
        "SD0": "15.49637465", 
        "SD1": "17.2784733", 
        "SD1neg": "14.30861621", 
        "SD2": "20.52871185", 
        "SD2neg": "13.43548188", 
        "SD3": "20.62871185", 
        "SD3neg": "13.33548188"
    }, 
    {
        "L": "-3.323188896", 
        "M": "15.51286936", 
        "Month": "84", 
        "S": "0.092131305", 
        "SD0": "15.51286936", 
        "SD1": "17.31655676", 
        "SD1neg": "14.31482423", 
        "SD2": "20.63163032", 
        "SD2neg": "13.43585178", 
        "SD3": "20.73163032", 
        "SD3neg": "13.33585178"
    }, 
    {
        "L": "-3.317827016", 
        "M": "15.53033563", 
        "Month": "85", 
        "S": "0.092945544", 
        "SD0": "15.53033563", 
        "SD1": "17.35579757", 
        "SD1neg": "14.3217892", 
        "SD2": "20.73584401", 
        "SD2neg": "13.43677615", 
        "SD3": "20.83584401", 
        "SD3neg": "13.33677615"
    }, 
    {
        "L": "-3.310923871", 
        "M": "15.54875807", 
        "Month": "86", 
        "S": "0.093765118", 
        "SD0": "15.54875807", 
        "SD1": "17.39616875", 
        "SD1neg": "14.32950638", 
        "SD2": "20.84127754", 
        "SD2neg": "13.43826074", 
        "SD3": "20.94127754", 
        "SD3neg": "13.33826074"
    }, 
    {
        "L": "-3.302612272", 
        "M": "15.56812143", 
        "Month": "87", 
        "S": "0.09458927", 
        "SD0": "15.56812143", 
        "SD1": "17.43764342", 
        "SD1neg": "14.33797107", 
        "SD2": "20.94785703", 
        "SD2neg": "13.44031111", 
        "SD3": "21.04785703", 
        "SD3neg": "13.34031111"
    }, 
    {
        "L": "-3.293018361", 
        "M": "15.58841065", 
        "Month": "88", 
        "S": "0.095417247", 
        "SD0": "15.58841065", 
        "SD1": "17.48019482", 
        "SD1neg": "14.34717861", 
        "SD2": "21.05551001", 
        "SD2neg": "13.44293257", 
        "SD3": "21.15551001", 
        "SD3neg": "13.34293257"
    }, 
    {
        "L": "-3.282260813", 
        "M": "15.60961101", 
        "Month": "89", 
        "S": "0.096248301", 
        "SD0": "15.60961101", 
        "SD1": "17.52379642", 
        "SD1neg": "14.35712452", 
        "SD2": "21.16416461", 
        "SD2neg": "13.4461302", 
        "SD3": "21.26416461", 
        "SD3neg": "13.3461302"
    }, 
    {
        "L": "-3.270454609", 
        "M": "15.63170735", 
        "Month": "90", 
        "S": "0.097081694", 
        "SD0": "15.63170735", 
        "SD1": "17.56842157", 
        "SD1neg": "14.3678039", 
        "SD2": "21.27375382", 
        "SD2neg": "13.44990866", 
        "SD3": "21.37375382", 
        "SD3neg": "13.34990866"
    }, 
    {
        "L": "-3.257703616", 
        "M": "15.65468563", 
        "Month": "91", 
        "S": "0.097916698", 
        "SD0": "15.65468563", 
        "SD1": "17.61404422", 
        "SD1neg": "14.37921254", 
        "SD2": "21.38420685", 
        "SD2neg": "13.45427261", 
        "SD3": "21.48420685", 
        "SD3neg": "13.35427261"
    }, 
    {
        "L": "-3.244108214", 
        "M": "15.67853139", 
        "Month": "92", 
        "S": "0.098752593", 
        "SD0": "15.67853139", 
        "SD1": "17.66063825", 
        "SD1neg": "14.39134581", 
        "SD2": "21.49545776", 
        "SD2neg": "13.45922624", 
        "SD3": "21.59545776", 
        "SD3neg": "13.35922624"
    }, 
    {
        "L": "-3.229761713", 
        "M": "15.70323052", 
        "Month": "93", 
        "S": "0.099588675", 
        "SD0": "15.70323052", 
        "SD1": "17.70817784", 
        "SD1neg": "14.40419919", 
        "SD2": "21.60744113", 
        "SD2neg": "13.46477352", 
        "SD3": "21.70744113", 
        "SD3neg": "13.36477352"
    }, 
    {
        "L": "-3.214751287", 
        "M": "15.72876911", 
        "Month": "94", 
        "S": "0.100424251", 
        "SD0": "15.72876911", 
        "SD1": "17.7566374", 
        "SD1neg": "14.41776818", 
        "SD2": "21.72009291", 
        "SD2neg": "13.47091811", 
        "SD3": "21.82009291", 
        "SD3neg": "13.37091811"
    }, 
    {
        "L": "-3.199158184", 
        "M": "15.75513347", 
        "Month": "95", 
        "S": "0.101258643", 
        "SD0": "15.75513347", 
        "SD1": "17.8059916", 
        "SD1neg": "14.43204827", 
        "SD2": "21.83335034", 
        "SD2neg": "13.4776634", 
        "SD3": "21.93335034", 
        "SD3neg": "13.3776634"
    }, 
    {
        "L": "-3.18305795", 
        "M": "15.78231007", 
        "Month": "96", 
        "S": "0.102091189", 
        "SD0": "15.78231007", 
        "SD1": "17.85621539", 
        "SD1neg": "14.44703493", 
        "SD2": "21.94715199", 
        "SD2neg": "13.4850125", 
        "SD3": "22.04715199", 
        "SD3neg": "13.3850125"
    }, 
    {
        "L": "-3.166520664", 
        "M": "15.8102856", 
        "Month": "97", 
        "S": "0.102921245", 
        "SD0": "15.8102856", 
        "SD1": "17.90728399", 
        "SD1neg": "14.46272362", 
        "SD2": "22.06143766", 
        "SD2neg": "13.49296818", 
        "SD3": "22.16143766", 
        "SD3neg": "13.39296818"
    }, 
    {
        "L": "-3.1496103", 
        "M": "15.83904708", 
        "Month": "98", 
        "S": "0.103748189", 
        "SD0": "15.83904708", 
        "SD1": "17.95917312", 
        "SD1neg": "14.47910977", 
        "SD2": "22.17614792", 
        "SD2neg": "13.50153279", 
        "SD3": "22.27614792", 
        "SD3neg": "13.40153279"
    }, 
    {
        "L": "-3.132389637", 
        "M": "15.86858123", 
        "Month": "99", 
        "S": "0.104571386", 
        "SD0": "15.86858123", 
        "SD1": "18.01185802", 
        "SD1neg": "14.49618887", 
        "SD2": "22.29122676", 
        "SD2neg": "13.51070904", 
        "SD3": "22.39122676", 
        "SD3neg": "13.41070904"
    }, 
    {
        "L": "-3.114911153", 
        "M": "15.89887562", 
        "Month": "100", 
        "S": "0.105390269", 
        "SD0": "15.89887562", 
        "SD1": "18.06531533", 
        "SD1neg": "14.51395617", 
        "SD2": "22.40661594", 
        "SD2neg": "13.52049832", 
        "SD3": "22.50661594", 
        "SD3neg": "13.42049832"
    }, 
    {
        "L": "-3.097226399", 
        "M": "15.92991765", 
        "Month": "101", 
        "S": "0.106204258", 
        "SD0": "15.92991765", 
        "SD1": "18.11952145", 
        "SD1neg": "14.53240708", 
        "SD2": "22.52226082", 
        "SD2neg": "13.53090239", 
        "SD3": "22.62226082", 
        "SD3neg": "13.43090239"
    }, 
    {
        "L": "-3.079383079", 
        "M": "15.96169481", 
        "Month": "102", 
        "S": "0.107012788", 
        "SD0": "15.96169481", 
        "SD1": "18.17445286", 
        "SD1neg": "14.5515369", 
        "SD2": "22.63810779", 
        "SD2neg": "13.54192276", 
        "SD3": "22.73810779", 
        "SD3neg": "13.44192276"
    }, 
    {
        "L": "-3.061423765", 
        "M": "15.99419489", 
        "Month": "103", 
        "S": "0.107815327", 
        "SD0": "15.99419489", 
        "SD1": "18.23008671", 
        "SD1neg": "14.57134089", 
        "SD2": "22.75410384", 
        "SD2neg": "13.55356046", 
        "SD3": "22.85410384", 
        "SD3neg": "13.45356046"
    }, 
    {
        "L": "-3.043386071", 
        "M": "16.02740607", 
        "Month": "104", 
        "S": "0.108611374", 
        "SD0": "16.02740607", 
        "SD1": "18.28640074", 
        "SD1neg": "14.59181416", 
        "SD2": "22.87019632", 
        "SD2neg": "13.56581592", 
        "SD3": "22.97019632", 
        "SD3neg": "13.46581592"
    }, 
    {
        "L": "-3.025310003", 
        "M": "16.0613159", 
        "Month": "105", 
        "S": "0.109400388", 
        "SD0": "16.0613159", 
        "SD1": "18.34337169", 
        "SD1neg": "14.61295207", 
        "SD2": "22.98633734", 
        "SD2neg": "13.57869055", 
        "SD3": "23.08633734", 
        "SD3neg": "13.47869055"
    }, 
    {
        "L": "-3.007225737", 
        "M": "16.09591292", 
        "Month": "106", 
        "S": "0.110181915", 
        "SD0": "16.09591292", 
        "SD1": "18.40097812", 
        "SD1neg": "14.63474958", 
        "SD2": "23.10247606", 
        "SD2neg": "13.59218407", 
        "SD3": "23.20247606", 
        "SD3neg": "13.49218407"
    }, 
    {
        "L": "-2.989164598", 
        "M": "16.13118532", 
        "Month": "107", 
        "S": "0.110955478", 
        "SD0": "16.13118532", 
        "SD1": "18.45919798", 
        "SD1neg": "14.65720182", 
        "SD2": "23.21856545", 
        "SD2neg": "13.60629683", 
        "SD3": "23.31856545", 
        "SD3neg": "13.50629683"
    }, 
    {
        "L": "-2.971148225", 
        "M": "16.16712234", 
        "Month": "108", 
        "S": "0.111720691", 
        "SD0": "16.16712234", 
        "SD1": "18.51801122", 
        "SD1neg": "14.68030351", 
        "SD2": "23.3345548", 
        "SD2neg": "13.62102744", 
        "SD3": "23.4345548", 
        "SD3neg": "13.52102744"
    }, 
    {
        "L": "-2.953208047", 
        "M": "16.20371168", 
        "Month": "109", 
        "S": "0.112477059", 
        "SD0": "16.20371168", 
        "SD1": "18.57739504", 
        "SD1neg": "14.7040499", 
        "SD2": "23.45040314", 
        "SD2neg": "13.63637691", 
        "SD3": "23.55040314", 
        "SD3neg": "13.53637691"
    }, 
    {
        "L": "-2.935363951", 
        "M": "16.24094239", 
        "Month": "110", 
        "S": "0.1132242", 
        "SD0": "16.24094239", 
        "SD1": "18.63732925", 
        "SD1neg": "14.72843575", 
        "SD2": "23.56606436", 
        "SD2neg": "13.65234404", 
        "SD3": "23.66606436", 
        "SD3neg": "13.55234404"
    }, 
    {
        "L": "-2.917635157", 
        "M": "16.27880346", 
        "Month": "111", 
        "S": "0.113961734", 
        "SD0": "16.27880346", 
        "SD1": "18.69779356", 
        "SD1neg": "14.75345581", 
        "SD2": "23.68149443", 
        "SD2neg": "13.66892773", 
        "SD3": "23.78149443", 
        "SD3neg": "13.56892773"
    }, 
    {
        "L": "-2.900039803", 
        "M": "16.31728385", 
        "Month": "112", 
        "S": "0.114689291", 
        "SD0": "16.31728385", 
        "SD1": "18.75876776", 
        "SD1neg": "14.77910484", 
        "SD2": "23.79665125", 
        "SD2neg": "13.68612683", 
        "SD3": "23.89665125", 
        "SD3neg": "13.58612683"
    }, 
    {
        "L": "-2.882593796", 
        "M": "16.35637267", 
        "Month": "113", 
        "S": "0.115406523", 
        "SD0": "16.35637267", 
        "SD1": "18.82023204", 
        "SD1neg": "14.80537749", 
        "SD2": "23.91149352", 
        "SD2neg": "13.70393991", 
        "SD3": "24.01149352", 
        "SD3neg": "13.60393991"
    }, 
    {
        "L": "-2.865311266", 
        "M": "16.39605916", 
        "Month": "114", 
        "S": "0.116113097", 
        "SD0": "16.39605916", 
        "SD1": "18.8821669", 
        "SD1neg": "14.83226834", 
        "SD2": "24.02598111", 
        "SD2neg": "13.72236531", 
        "SD3": "24.12598111", 
        "SD3neg": "13.62236531"
    }, 
    {
        "L": "-2.848204697", 
        "M": "16.43633265", 
        "Month": "115", 
        "S": "0.116808702", 
        "SD0": "16.43633265", 
        "SD1": "18.94455315", 
        "SD1neg": "14.85977191", 
        "SD2": "24.14007495", 
        "SD2neg": "13.74140112", 
        "SD3": "24.24007495", 
        "SD3neg": "13.64140112"
    }, 
    {
        "L": "-2.831285052", 
        "M": "16.47718256", 
        "Month": "116", 
        "S": "0.117493042", 
        "SD0": "16.47718256", 
        "SD1": "19.00737191", 
        "SD1neg": "14.88788264", 
        "SD2": "24.25373707", 
        "SD2neg": "13.76104523", 
        "SD3": "24.35373707", 
        "SD3neg": "13.66104523"
    }, 
    {
        "L": "-2.81456189", 
        "M": "16.51859843", 
        "Month": "117", 
        "S": "0.11816584", 
        "SD0": "16.51859843", 
        "SD1": "19.07060462", 
        "SD1neg": "14.9165949", 
        "SD2": "24.36693059", 
        "SD2neg": "13.7812953", 
        "SD3": "24.46693059", 
        "SD3neg": "13.6812953"
    }, 
    {
        "L": "-2.79804347", 
        "M": "16.56056987", 
        "Month": "118", 
        "S": "0.118826835", 
        "SD0": "16.56056987", 
        "SD1": "19.134233", 
        "SD1neg": "14.94590298", 
        "SD2": "24.47961972", 
        "SD2neg": "13.80214878", 
        "SD3": "24.57961972", 
        "SD3neg": "13.70214878"
    }, 
    {
        "L": "-2.781736856", 
        "M": "16.60308661", 
        "Month": "119", 
        "S": "0.119475785", 
        "SD0": "16.60308661", 
        "SD1": "19.19823912", 
        "SD1neg": "14.9758011", 
        "SD2": "24.59176976", 
        "SD2neg": "13.82360289", 
        "SD3": "24.69176976", 
        "SD3neg": "13.72360289"
    }, 
    {
        "L": "-2.765648008", 
        "M": "16.64613844", 
        "Month": "120", 
        "S": "0.120112464", 
        "SD0": "16.64613844", 
        "SD1": "19.26260532", 
        "SD1neg": "15.0062834", 
        "SD2": "24.70334708", 
        "SD2neg": "13.84565466", 
        "SD3": "24.80334708", 
        "SD3neg": "13.74565466"
    }, 
    {
        "L": "-2.749782197", 
        "M": "16.68971518", 
        "Month": "121", 
        "S": "0.120736656", 
        "SD0": "16.68971518", 
        "SD1": "19.32731415", 
        "SD1neg": "15.03734397", 
        "SD2": "24.81431939", 
        "SD2neg": "13.868301", 
        "SD3": "24.91431939", 
        "SD3neg": "13.768301"
    }, 
    {
        "L": "-2.734142443", 
        "M": "16.73380695", 
        "Month": "122", 
        "S": "0.121348181", 
        "SD0": "16.73380695", 
        "SD1": "19.39234886", 
        "SD1neg": "15.06897672", 
        "SD2": "24.92465437", 
        "SD2neg": "13.89153826", 
        "SD3": "25.02465437", 
        "SD3neg": "13.79153826"
    }, 
    {
        "L": "-2.718732873", 
        "M": "16.77840363", 
        "Month": "123", 
        "S": "0.121946849", 
        "SD0": "16.77840363", 
        "SD1": "19.45769241", 
        "SD1neg": "15.10117563", 
        "SD2": "25.03432245", 
        "SD2neg": "13.91536312", 
        "SD3": "25.13432245", 
        "SD3neg": "13.81536312"
    }, 
    {
        "L": "-2.703555506", 
        "M": "16.82349538", 
        "Month": "124", 
        "S": "0.122532501", 
        "SD0": "16.82349538", 
        "SD1": "19.52332845", 
        "SD1neg": "15.13393451", 
        "SD2": "25.14329401", 
        "SD2neg": "13.93977171", 
        "SD3": "25.24329401", 
        "SD3neg": "13.83977171"
    }, 
    {
        "L": "-2.688611957", 
        "M": "16.86907238", 
        "Month": "125", 
        "S": "0.123104991", 
        "SD0": "16.86907238", 
        "SD1": "19.58924082", 
        "SD1neg": "15.1672471", 
        "SD2": "25.25154075", 
        "SD2neg": "13.96476005", 
        "SD3": "25.35154075", 
        "SD3neg": "13.86476005"
    }, 
    {
        "L": "-2.673903164", 
        "M": "16.91512487", 
        "Month": "126", 
        "S": "0.123664186", 
        "SD0": "16.91512487", 
        "SD1": "19.65541367", 
        "SD1neg": "15.20110708", 
        "SD2": "25.35903543", 
        "SD2neg": "13.99032398", 
        "SD3": "25.45903543", 
        "SD3neg": "13.89032398"
    }, 
    {
        "L": "-2.659429443", 
        "M": "16.96164317", 
        "Month": "127", 
        "S": "0.124209969", 
        "SD0": "16.96164317", 
        "SD1": "19.72183144", 
        "SD1neg": "15.23550804", 
        "SD2": "25.46575189", 
        "SD2neg": "14.01645914", 
        "SD3": "25.56575189", 
        "SD3neg": "13.91645914"
    }, 
    {
        "L": "-2.645190534", 
        "M": "17.00861766", 
        "Month": "128", 
        "S": "0.124742239", 
        "SD0": "17.00861766", 
        "SD1": "19.78847886", 
        "SD1neg": "15.27044347", 
        "SD2": "25.57166499", 
        "SD2neg": "14.04316098", 
        "SD3": "25.67166499", 
        "SD3neg": "13.94316098"
    }, 
    {
        "L": "-2.631185649", 
        "M": "17.05603879", 
        "Month": "129", 
        "S": "0.125260905", 
        "SD0": "17.05603879", 
        "SD1": "19.85534097", 
        "SD1neg": "15.30590681", 
        "SD2": "25.67675066", 
        "SD2neg": "14.07042477", 
        "SD3": "25.77675066", 
        "SD3neg": "13.97042477"
    }, 
    {
        "L": "-2.617413511", 
        "M": "17.10389705", 
        "Month": "130", 
        "S": "0.125765895", 
        "SD0": "17.10389705", 
        "SD1": "19.92240308", 
        "SD1neg": "15.34189141", 
        "SD2": "25.78098585", 
        "SD2neg": "14.09824558", 
        "SD3": "25.88098585", 
        "SD3neg": "13.99824558"
    }, 
    {
        "L": "-2.603872392", 
        "M": "17.15218302", 
        "Month": "131", 
        "S": "0.126257147", 
        "SD0": "17.15218302", 
        "SD1": "19.9896508", 
        "SD1neg": "15.37839052", 
        "SD2": "25.88434853", 
        "SD2neg": "14.12661831", 
        "SD3": "25.98434853", 
        "SD3neg": "14.02661831"
    }, 
    {
        "L": "-2.590560148", 
        "M": "17.20088732", 
        "Month": "132", 
        "S": "0.126734613", 
        "SD0": "17.20088732", 
        "SD1": "20.05707005", 
        "SD1neg": "15.41539733", 
        "SD2": "25.98681777", 
        "SD2neg": "14.15553767", 
        "SD3": "26.08681777", 
        "SD3neg": "14.05553767"
    }, 
    {
        "L": "-2.577474253", 
        "M": "17.25000062", 
        "Month": "133", 
        "S": "0.12719826", 
        "SD0": "17.25000062", 
        "SD1": "20.12464702", 
        "SD1neg": "15.45290493", 
        "SD2": "26.08837359", 
        "SD2neg": "14.18499819", 
        "SD3": "26.18837359", 
        "SD3neg": "14.08499819"
    }, 
    {
        "L": "-2.564611831", 
        "M": "17.29951367", 
        "Month": "134", 
        "S": "0.127648067", 
        "SD0": "17.29951367", 
        "SD1": "20.19236821", 
        "SD1neg": "15.49090634", 
        "SD2": "26.1889971", 
        "SD2neg": "14.21499422", 
        "SD3": "26.2889971", 
        "SD3neg": "14.11499422"
    }, 
    {
        "L": "-2.551969684", 
        "M": "17.34941726", 
        "Month": "135", 
        "S": "0.128084023", 
        "SD0": "17.34941726", 
        "SD1": "20.26022039", 
        "SD1neg": "15.5293945", 
        "SD2": "26.28867039", 
        "SD2neg": "14.24551993", 
        "SD3": "26.38867039", 
        "SD3neg": "14.14551993"
    }, 
    {
        "L": "-2.539539972", 
        "M": "17.39970308", 
        "Month": "136", 
        "S": "0.128506192", 
        "SD0": "17.39970308", 
        "SD1": "20.3281922", 
        "SD1neg": "15.56836194", 
        "SD2": "26.38737226", 
        "SD2neg": "14.27656797", 
        "SD3": "26.48737226", 
        "SD3neg": "14.17656797"
    }, 
    {
        "L": "-2.527325681", 
        "M": "17.45036072", 
        "Month": "137", 
        "S": "0.128914497", 
        "SD0": "17.45036072", 
        "SD1": "20.39626858", 
        "SD1neg": "15.6078019", 
        "SD2": "26.48509359", 
        "SD2neg": "14.30813424", 
        "SD3": "26.58509359", 
        "SD3neg": "14.20813424"
    }, 
    {
        "L": "-2.515320235", 
        "M": "17.50138161", 
        "Month": "138", 
        "S": "0.129309001", 
        "SD0": "17.50138161", 
        "SD1": "20.46443809", 
        "SD1neg": "15.64770688", 
        "SD2": "26.58181702", 
        "SD2neg": "14.34021158", 
        "SD3": "26.68181702", 
        "SD3neg": "14.24021158"
    }, 
    {
        "L": "-2.503519447", 
        "M": "17.55275674", 
        "Month": "139", 
        "S": "0.129689741", 
        "SD0": "17.55275674", 
        "SD1": "20.53268865", 
        "SD1neg": "15.6880695", 
        "SD2": "26.6775288", 
        "SD2neg": "14.3727935", 
        "SD3": "26.7775288", 
        "SD3neg": "14.2727935"
    }, 
    {
        "L": "-2.491918934", 
        "M": "17.60447714", 
        "Month": "140", 
        "S": "0.130056765", 
        "SD0": "17.60447714", 
        "SD1": "20.60100844", 
        "SD1neg": "15.72888225", 
        "SD2": "26.77221624", 
        "SD2neg": "14.40587331", 
        "SD3": "26.87221624", 
        "SD3neg": "14.30587331"
    }, 
    {
        "L": "-2.480514136", 
        "M": "17.6565339", 
        "Month": "141", 
        "S": "0.130410133", 
        "SD0": "17.6565339", 
        "SD1": "20.66938595", 
        "SD1neg": "15.7701376", 
        "SD2": "26.86586766", 
        "SD2neg": "14.43944417", 
        "SD3": "26.96586766", 
        "SD3neg": "14.33944417"
    }, 
    {
        "L": "-2.469300331", 
        "M": "17.70891811", 
        "Month": "142", 
        "S": "0.130749913", 
        "SD0": "17.70891811", 
        "SD1": "20.73780991", 
        "SD1neg": "15.81182789", 
        "SD2": "26.9584724", 
        "SD2neg": "14.47349907", 
        "SD3": "27.0584724", 
        "SD3neg": "14.37349907"
    }, 
    {
        "L": "-2.458272656", 
        "M": "17.76162094", 
        "Month": "143", 
        "S": "0.131076187", 
        "SD0": "17.76162094", 
        "SD1": "20.80626936", 
        "SD1neg": "15.85394539", 
        "SD2": "27.0500209", 
        "SD2neg": "14.50803085", 
        "SD3": "27.1500209", 
        "SD3neg": "14.40803085"
    }, 
    {
        "L": "-2.447426113", 
        "M": "17.81463359", 
        "Month": "144", 
        "S": "0.131389042", 
        "SD0": "17.81463359", 
        "SD1": "20.87475359", 
        "SD1neg": "15.89648231", 
        "SD2": "27.14050454", 
        "SD2neg": "14.54303217", 
        "SD3": "27.24050454", 
        "SD3neg": "14.44303217"
    }, 
    {
        "L": "-2.436755595", 
        "M": "17.86794729", 
        "Month": "145", 
        "S": "0.131688579", 
        "SD0": "17.86794729", 
        "SD1": "20.9432522", 
        "SD1neg": "15.93943073", 
        "SD2": "27.22991583", 
        "SD2neg": "14.57849555", 
        "SD3": "27.32991583", 
        "SD3neg": "14.47849555"
    }, 
    {
        "L": "-2.426255887", 
        "M": "17.92155332", 
        "Month": "146", 
        "S": "0.131974905", 
        "SD0": "17.92155332", 
        "SD1": "21.01175503", 
        "SD1neg": "15.9827827", 
        "SD2": "27.31824823", 
        "SD2neg": "14.61441334", 
        "SD3": "27.41824823", 
        "SD3neg": "14.51441334"
    }, 
    {
        "L": "-2.415921689", 
        "M": "17.97544299", 
        "Month": "147", 
        "S": "0.132248138", 
        "SD0": "17.97544299", 
        "SD1": "21.08025219", 
        "SD1neg": "16.02653016", 
        "SD2": "27.40549628", 
        "SD2neg": "14.65077775", 
        "SD3": "27.50549628", 
        "SD3neg": "14.55077775"
    }, 
    {
        "L": "-2.405747619", 
        "M": "18.02960765", 
        "Month": "148", 
        "S": "0.132508403", 
        "SD0": "18.02960765", 
        "SD1": "21.1487341", 
        "SD1neg": "16.07066497", 
        "SD2": "27.49165553", 
        "SD2neg": "14.6875808", 
        "SD3": "27.59165553", 
        "SD3neg": "14.5875808"
    }, 
    {
        "L": "-2.395728233", 
        "M": "18.08403868", 
        "Month": "149", 
        "S": "0.132755834", 
        "SD0": "18.08403868", 
        "SD1": "21.21719141", 
        "SD1neg": "16.11517891", 
        "SD2": "27.5767226", 
        "SD2neg": "14.7248144", 
        "SD3": "27.6767226", 
        "SD3neg": "14.6248144"
    }, 
    {
        "L": "-2.385858029", 
        "M": "18.1387275", 
        "Month": "150", 
        "S": "0.132990575", 
        "SD0": "18.1387275", 
        "SD1": "21.28561506", 
        "SD1neg": "16.1600637", 
        "SD2": "27.66069509", 
        "SD2neg": "14.76247028", 
        "SD3": "27.76069509", 
        "SD3neg": "14.66247028"
    }, 
    {
        "L": "-2.376131459", 
        "M": "18.19366555", 
        "Month": "151", 
        "S": "0.133212776", 
        "SD0": "18.19366555", 
        "SD1": "21.35399626", 
        "SD1neg": "16.20531093", 
        "SD2": "27.74357169", 
        "SD2neg": "14.80054003", 
        "SD3": "27.84357169", 
        "SD3neg": "14.70054003"
    }, 
    {
        "L": "-2.366542942", 
        "M": "18.24884431", 
        "Month": "152", 
        "S": "0.133422595", 
        "SD0": "18.24884431", 
        "SD1": "21.42232647", 
        "SD1neg": "16.25091216", 
        "SD2": "27.82535209", 
        "SD2neg": "14.83901509", 
        "SD3": "27.92535209", 
        "SD3neg": "14.73901509"
    }, 
    {
        "L": "-2.357086871", 
        "M": "18.3042553", 
        "Month": "153", 
        "S": "0.133620197", 
        "SD0": "18.3042553", 
        "SD1": "21.49059743", 
        "SD1neg": "16.29685884", 
        "SD2": "27.90603701", 
        "SD2neg": "14.87788676", 
        "SD3": "28.00603701", 
        "SD3neg": "14.77788676"
    }, 
    {
        "L": "-2.347757625", 
        "M": "18.35989003", 
        "Month": "154", 
        "S": "0.133805756", 
        "SD0": "18.35989003", 
        "SD1": "21.55880113", 
        "SD1neg": "16.34314235", 
        "SD2": "27.98562823", 
        "SD2neg": "14.9171462", 
        "SD3": "28.08562823", 
        "SD3neg": "14.8171462"
    }, 
    {
        "L": "-2.338549576", 
        "M": "18.41574009", 
        "Month": "155", 
        "S": "0.133979452", 
        "SD0": "18.41574009", 
        "SD1": "21.62692985", 
        "SD1neg": "16.38975398", 
        "SD2": "28.06412856", 
        "SD2neg": "14.9567844", 
        "SD3": "28.16412856", 
        "SD3neg": "14.8567844"
    }, 
    {
        "L": "-2.3294571", 
        "M": "18.47179706", 
        "Month": "156", 
        "S": "0.13414147", 
        "SD0": "18.47179706", 
        "SD1": "21.6949761", 
        "SD1neg": "16.43668496", 
        "SD2": "28.14154183", 
        "SD2neg": "14.99679223", 
        "SD3": "28.24154183", 
        "SD3neg": "14.89679223"
    }, 
    {
        "L": "-2.320474586", 
        "M": "18.52805255", 
        "Month": "157", 
        "S": "0.134292005", 
        "SD0": "18.52805255", 
        "SD1": "21.76293268", 
        "SD1neg": "16.4839264", 
        "SD2": "28.21787293", 
        "SD2neg": "15.03716043", 
        "SD3": "28.31787293", 
        "SD3neg": "14.93716043"
    }, 
    {
        "L": "-2.311596446", 
        "M": "18.5844982", 
        "Month": "158", 
        "S": "0.134431256", 
        "SD0": "18.5844982", 
        "SD1": "21.83079262", 
        "SD1neg": "16.53146937", 
        "SD2": "28.29312777", 
        "SD2neg": "15.07787957", 
        "SD3": "28.39312777", 
        "SD3neg": "14.97787957"
    }, 
    {
        "L": "-2.302817124", 
        "M": "18.64112567", 
        "Month": "159", 
        "S": "0.134559427", 
        "SD0": "18.64112567", 
        "SD1": "21.89854922", 
        "SD1neg": "16.57930485", 
        "SD2": "28.36731329", 
        "SD2neg": "15.11894013", 
        "SD3": "28.46731329", 
        "SD3neg": "15.01894013"
    }, 
    {
        "L": "-2.294131107", 
        "M": "18.69792663", 
        "Month": "160", 
        "S": "0.134676731", 
        "SD0": "18.69792663", 
        "SD1": "21.96619604", 
        "SD1neg": "16.62742372", 
        "SD2": "28.44043749", 
        "SD2neg": "15.16033241", 
        "SD3": "28.54043749", 
        "SD3neg": "15.06033241"
    }, 
    {
        "L": "-2.285532933", 
        "M": "18.75489278", 
        "Month": "161", 
        "S": "0.134783385", 
        "SD0": "18.75489278", 
        "SD1": "22.03372691", 
        "SD1neg": "16.67581679", 
        "SD2": "28.51250941", 
        "SD2neg": "15.2020466", 
        "SD3": "28.61250941", 
        "SD3neg": "15.1020466"
    }, 
    {
        "L": "-2.277017201", 
        "M": "18.81201584", 
        "Month": "162", 
        "S": "0.134879611", 
        "SD0": "18.81201584", 
        "SD1": "22.10113588", 
        "SD1neg": "16.72447482", 
        "SD2": "28.58353908", 
        "SD2neg": "15.24407277", 
        "SD3": "28.68353908", 
        "SD3neg": "15.14407277"
    }, 
    {
        "L": "-2.268578584", 
        "M": "18.86928753", 
        "Month": "163", 
        "S": "0.134965637", 
        "SD0": "18.86928753", 
        "SD1": "22.16841727", 
        "SD1neg": "16.77338844", 
        "SD2": "28.65353763", 
        "SD2neg": "15.28640085", 
        "SD3": "28.75353763", 
        "SD3neg": "15.18640085"
    }, 
    {
        "L": "-2.260211837", 
        "M": "18.92669959", 
        "Month": "164", 
        "S": "0.135041695", 
        "SD0": "18.92669959", 
        "SD1": "22.23556566", 
        "SD1neg": "16.82254823", 
        "SD2": "28.72251718", 
        "SD2neg": "15.32902066", 
        "SD3": "28.82251718", 
        "SD3neg": "15.22902066"
    }, 
    {
        "L": "-2.251911809", 
        "M": "18.98424378", 
        "Month": "165", 
        "S": "0.135108024", 
        "SD0": "18.98424378", 
        "SD1": "22.30257587", 
        "SD1neg": "16.87194468", 
        "SD2": "28.79049093", 
        "SD2neg": "15.37192186", 
        "SD3": "28.89049093", 
        "SD3neg": "15.27192186"
    }, 
    {
        "L": "-2.243673453", 
        "M": "19.04191185", 
        "Month": "166", 
        "S": "0.135164867", 
        "SD0": "19.04191185", 
        "SD1": "22.36944296", 
        "SD1neg": "16.92156821", 
        "SD2": "28.85747308", 
        "SD2neg": "15.41509404", 
        "SD3": "28.95747308", 
        "SD3neg": "15.31509404"
    }, 
    {
        "L": "-2.235491842", 
        "M": "19.09969557", 
        "Month": "167", 
        "S": "0.135212469", 
        "SD0": "19.09969557", 
        "SD1": "22.43616225", 
        "SD1neg": "16.97140915", 
        "SD2": "28.92347887", 
        "SD2neg": "15.45852664", 
        "SD3": "29.02347887", 
        "SD3neg": "15.35852664"
    }, 
    {
        "L": "-2.227362173", 
        "M": "19.15758672", 
        "Month": "168", 
        "S": "0.135251083", 
        "SD0": "19.15758672", 
        "SD1": "22.50272931", 
        "SD1neg": "17.02145775", 
        "SD2": "28.9885246", 
        "SD2neg": "15.502209", 
        "SD3": "29.0885246", 
        "SD3neg": "15.402209"
    }, 
    {
        "L": "-2.21927979", 
        "M": "19.21557707", 
        "Month": "169", 
        "S": "0.135280963", 
        "SD0": "19.21557707", 
        "SD1": "22.56913995", 
        "SD1neg": "17.07170419", 
        "SD2": "29.0526276", 
        "SD2neg": "15.54613033", 
        "SD3": "29.1526276", 
        "SD3neg": "15.44613033"
    }, 
    {
        "L": "-2.211240187", 
        "M": "19.27365839", 
        "Month": "170", 
        "S": "0.135302371", 
        "SD0": "19.27365839", 
        "SD1": "22.63539021", 
        "SD1neg": "17.12213855", 
        "SD2": "29.11580621", 
        "SD2neg": "15.59027975", 
        "SD3": "29.21580621", 
        "SD3neg": "15.49027975"
    }, 
    {
        "L": "-2.203239029", 
        "M": "19.33182247", 
        "Month": "171", 
        "S": "0.135315568", 
        "SD0": "19.33182247", 
        "SD1": "22.70147638", 
        "SD1neg": "17.17275085", 
        "SD2": "29.17807985", 
        "SD2neg": "15.63464626", 
        "SD3": "29.27807985", 
        "SD3neg": "15.53464626"
    }, 
    {
        "L": "-2.195272161", 
        "M": "19.39006106", 
        "Month": "172", 
        "S": "0.135320824", 
        "SD0": "19.39006106", 
        "SD1": "22.76739501", 
        "SD1neg": "17.22353101", 
        "SD2": "29.23946895", 
        "SD2neg": "15.67921876", 
        "SD3": "29.33946895", 
        "SD3neg": "15.57921876"
    }, 
    {
        "L": "-2.187335625", 
        "M": "19.44836594", 
        "Month": "173", 
        "S": "0.135318407", 
        "SD0": "19.44836594", 
        "SD1": "22.83314285", 
        "SD1neg": "17.27446888", 
        "SD2": "29.29999493", 
        "SD2neg": "15.72398607", 
        "SD3": "29.39999493", 
        "SD3neg": "15.62398607"
    }, 
    {
        "L": "-2.179425674", 
        "M": "19.50672885", 
        "Month": "174", 
        "S": "0.135308594", 
        "SD0": "19.50672885", 
        "SD1": "22.89871693", 
        "SD1neg": "17.32555422", 
        "SD2": "29.35968034", 
        "SD2neg": "15.76893686", 
        "SD3": "29.45968034", 
        "SD3neg": "15.66893686"
    }, 
    {
        "L": "-2.171538789", 
        "M": "19.56514153", 
        "Month": "175", 
        "S": "0.135291662", 
        "SD0": "19.56514153", 
        "SD1": "22.96411449", 
        "SD1neg": "17.37677672", 
        "SD2": "29.41854868", 
        "SD2neg": "15.81405977", 
        "SD3": "29.51854868", 
        "SD3neg": "15.71405977"
    }, 
    {
        "L": "-2.163671689", 
        "M": "19.62359571", 
        "Month": "176", 
        "S": "0.135267891", 
        "SD0": "19.62359571", 
        "SD1": "23.02933301", 
        "SD1neg": "17.42812598", 
        "SD2": "29.47662449", 
        "SD2neg": "15.85934329", 
        "SD3": "29.57662449", 
        "SD3neg": "15.75934329"
    }, 
    {
        "L": "-2.155821357", 
        "M": "19.6820831", 
        "Month": "177", 
        "S": "0.135237567", 
        "SD0": "19.6820831", 
        "SD1": "23.09437022", 
        "SD1neg": "17.47959151", 
        "SD2": "29.5339334", 
        "SD2neg": "15.90477587", 
        "SD3": "29.6339334", 
        "SD3neg": "15.80477587"
    }, 
    {
        "L": "-2.147985046", 
        "M": "19.74059538", 
        "Month": "178", 
        "S": "0.135200976", 
        "SD0": "19.74059538", 
        "SD1": "23.15922406", 
        "SD1neg": "17.53116273", 
        "SD2": "29.59050199", 
        "SD2neg": "15.95034583", 
        "SD3": "29.69050199", 
        "SD3neg": "15.85034583"
    }, 
    {
        "L": "-2.140160305", 
        "M": "19.7991242", 
        "Month": "179", 
        "S": "0.135158409", 
        "SD0": "19.7991242", 
        "SD1": "23.22389273", 
        "SD1neg": "17.58282901", 
        "SD2": "29.64635791", 
        "SD2neg": "15.99604144", 
        "SD3": "29.74635791", 
        "SD3neg": "15.89604144"
    }, 
    {
        "L": "-2.132344989", 
        "M": "19.85766121", 
        "Month": "180", 
        "S": "0.135110159", 
        "SD0": "19.85766121", 
        "SD1": "23.28837464", 
        "SD1neg": "17.63457959", 
        "SD2": "29.70152982", 
        "SD2neg": "16.04185088", 
        "SD3": "29.80152982", 
        "SD3neg": "15.94185088"
    }, 
    {
        "L": "-2.124537282", 
        "M": "19.916198", 
        "Month": "181", 
        "S": "0.135056522", 
        "SD0": "19.916198", 
        "SD1": "23.35266844", 
        "SD1neg": "17.68640365", 
        "SD2": "29.75604741", 
        "SD2neg": "16.08776226", 
        "SD3": "29.85604741", 
        "SD3neg": "15.98776226"
    }, 
    {
        "L": "-2.116735712", 
        "M": "19.97472615", 
        "Month": "182", 
        "S": "0.134997797", 
        "SD0": "19.97472615", 
        "SD1": "23.41677301", 
        "SD1neg": "17.73829027", 
        "SD2": "29.80994137", 
        "SD2neg": "16.13376361", 
        "SD3": "29.90994137", 
        "SD3neg": "16.03376361"
    }, 
    {
        "L": "-2.108939167", 
        "M": "20.03323719", 
        "Month": "183", 
        "S": "0.134934285", 
        "SD0": "20.03323719", 
        "SD1": "23.48068746", 
        "SD1neg": "17.79022845", 
        "SD2": "29.86324342", 
        "SD2neg": "16.1798429", 
        "SD3": "29.96324342", 
        "SD3neg": "16.0798429"
    }, 
    {
        "L": "-2.10114692", 
        "M": "20.09172262", 
        "Month": "184", 
        "S": "0.134866291", 
        "SD0": "20.09172262", 
        "SD1": "23.54441114", 
        "SD1neg": "17.8422071", 
        "SD2": "29.91598632", 
        "SD2neg": "16.22598802", 
        "SD3": "30.01598632", 
        "SD3neg": "16.12598802"
    }, 
    {
        "L": "-2.093358637", 
        "M": "20.15017387", 
        "Month": "185", 
        "S": "0.134794121", 
        "SD0": "20.15017387", 
        "SD1": "23.60794361", 
        "SD1neg": "17.89421504", 
        "SD2": "29.96820379", 
        "SD2neg": "16.27218681", 
        "SD3": "30.06820379", 
        "SD3neg": "16.17218681"
    }, 
    {
        "L": "-2.085574403", 
        "M": "20.20858236", 
        "Month": "186", 
        "S": "0.134718085", 
        "SD0": "20.20858236", 
        "SD1": "23.67128467", 
        "SD1neg": "17.94624099", 
        "SD2": "30.01993061", 
        "SD2neg": "16.31842706", 
        "SD3": "30.11993061", 
        "SD3neg": "16.21842706"
    }, 
    {
        "L": "-2.077794735", 
        "M": "20.26693944", 
        "Month": "187", 
        "S": "0.134638494", 
        "SD0": "20.26693944", 
        "SD1": "23.73443435", 
        "SD1neg": "17.99827358", 
        "SD2": "30.07120254", 
        "SD2neg": "16.36469649", 
        "SD3": "30.17120254", 
        "SD3neg": "16.26469649"
    }, 
    {
        "L": "-2.070020599", 
        "M": "20.32523642", 
        "Month": "188", 
        "S": "0.134555663", 
        "SD0": "20.32523642", 
        "SD1": "23.79739291", 
        "SD1neg": "18.05030136", 
        "SD2": "30.12205634", 
        "SD2neg": "16.41098276", 
        "SD3": "30.22205634", 
        "SD3neg": "16.31098276"
    }, 
    {
        "L": "-2.062253431", 
        "M": "20.38346455", 
        "Month": "189", 
        "S": "0.13446991", 
        "SD0": "20.38346455", 
        "SD1": "23.86016084", 
        "SD1neg": "18.10231276", 
        "SD2": "30.17252979", 
        "SD2neg": "16.4572735", 
        "SD3": "30.27252979", 
        "SD3neg": "16.3572735"
    }, 
    {
        "L": "-2.054495145", 
        "M": "20.44161501", 
        "Month": "190", 
        "S": "0.134381553", 
        "SD0": "20.44161501", 
        "SD1": "23.92273886", 
        "SD1neg": "18.15429614", 
        "SD2": "30.22266166", 
        "SD2neg": "16.50355627", 
        "SD3": "30.32266166", 
        "SD3neg": "16.40355627"
    }, 
    {
        "L": "-2.046748156", 
        "M": "20.49967894", 
        "Month": "191", 
        "S": "0.134290916", 
        "SD0": "20.49967894", 
        "SD1": "23.98512791", 
        "SD1neg": "18.20623973", 
        "SD2": "30.2724917", 
        "SD2neg": "16.54981862", 
        "SD3": "30.3724917", 
        "SD3neg": "16.44981862"
    }, 
    {
        "L": "-2.039015385", 
        "M": "20.5576474", 
        "Month": "192", 
        "S": "0.134198323", 
        "SD0": "20.5576474", 
        "SD1": "24.04732917", 
        "SD1neg": "18.2581317", 
        "SD2": "30.32206068", 
        "SD2neg": "16.59604803", 
        "SD3": "30.42206068", 
        "SD3neg": "16.49604803"
    }, 
    {
        "L": "-2.031300282", 
        "M": "20.6155114", 
        "Month": "193", 
        "S": "0.134104101", 
        "SD0": "20.6155114", 
        "SD1": "24.10934406", 
        "SD1neg": "18.30996008", 
        "SD2": "30.37141033", 
        "SD2neg": "16.64223194", 
        "SD3": "30.47141033", 
        "SD3neg": "16.54223194"
    }, 
    {
        "L": "-2.023606828", 
        "M": "20.67326189", 
        "Month": "194", 
        "S": "0.134008581", 
        "SD0": "20.67326189", 
        "SD1": "24.17117422", 
        "SD1neg": "18.36171284", 
        "SD2": "30.42058339", 
        "SD2neg": "16.68835777", 
        "SD3": "30.52058339", 
        "SD3neg": "16.58835777"
    }, 
    {
        "L": "-2.015942013", 
        "M": "20.73088905", 
        "Month": "195", 
        "S": "0.133912066", 
        "SD0": "20.73088905", 
        "SD1": "24.23282057", 
        "SD1neg": "18.41337794", 
        "SD2": "30.46962598", 
        "SD2neg": "16.7344138", 
        "SD3": "30.56962598", 
        "SD3neg": "16.6344138"
    }, 
    {
        "L": "-2.008305745", 
        "M": "20.7883851", 
        "Month": "196", 
        "S": "0.133814954", 
        "SD0": "20.7883851", 
        "SD1": "24.29428725", 
        "SD1neg": "18.46494285", 
        "SD2": "30.5185777", 
        "SD2neg": "16.78038545", 
        "SD3": "30.6185777", 
        "SD3neg": "16.68038545"
    }, 
    {
        "L": "-2.000706389", 
        "M": "20.84574003", 
        "Month": "197", 
        "S": "0.133717552", 
        "SD0": "20.84574003", 
        "SD1": "24.35557554", 
        "SD1neg": "18.51639534", 
        "SD2": "30.56748691", 
        "SD2neg": "16.82626102", 
        "SD3": "30.66748691", 
        "SD3neg": "16.72626102"
    }, 
    {
        "L": "-1.993150137", 
        "M": "20.90294449", 
        "Month": "198", 
        "S": "0.1336202", 
        "SD0": "20.90294449", 
        "SD1": "24.41668804", 
        "SD1neg": "18.56772296", 
        "SD2": "30.61640023", 
        "SD2neg": "16.8720278", 
        "SD3": "30.71640023", 
        "SD3neg": "16.7720278"
    }, 
    {
        "L": "-1.985643741", 
        "M": "20.95998909", 
        "Month": "199", 
        "S": "0.133523244", 
        "SD0": "20.95998909", 
        "SD1": "24.47762759", 
        "SD1neg": "18.61891311", 
        "SD2": "30.66536525", 
        "SD2neg": "16.917673", 
        "SD3": "30.76536525", 
        "SD3neg": "16.817673"
    }, 
    {
        "L": "-1.97819451", 
        "M": "21.01686433", 
        "Month": "200", 
        "S": "0.133427032", 
        "SD0": "21.01686433", 
        "SD1": "24.53839727", 
        "SD1neg": "18.66995312", 
        "SD2": "30.71443053", 
        "SD2neg": "16.96318383", 
        "SD3": "30.81443053", 
        "SD3neg": "16.86318383"
    }, 
    {
        "L": "-1.970810308", 
        "M": "21.07356067", 
        "Month": "201", 
        "S": "0.133331914", 
        "SD0": "21.07356067", 
        "SD1": "24.59900041", 
        "SD1neg": "18.72083017", 
        "SD2": "30.76364558", 
        "SD2neg": "17.00854745", 
        "SD3": "30.86364558", 
        "SD3neg": "16.90854745"
    }, 
    {
        "L": "-1.96349954", 
        "M": "21.1300685", 
        "Month": "202", 
        "S": "0.133238245", 
        "SD0": "21.1300685", 
        "SD1": "24.65944058", 
        "SD1neg": "18.77153137", 
        "SD2": "30.81306087", 
        "SD2neg": "17.05375098", 
        "SD3": "30.91306087", 
        "SD3neg": "16.95375098"
    }, 
    {
        "L": "-1.956271141", 
        "M": "21.18637813", 
        "Month": "203", 
        "S": "0.133146383", 
        "SD0": "21.18637813", 
        "SD1": "24.71972163", 
        "SD1neg": "18.82204369", 
        "SD2": "30.86272784", 
        "SD2neg": "17.0987815", 
        "SD3": "30.96272784", 
        "SD3neg": "16.9987815"
    }, 
    {
        "L": "-1.949134561", 
        "M": "21.24247982", 
        "Month": "204", 
        "S": "0.13305669", 
        "SD0": "21.24247982", 
        "SD1": "24.77984763", 
        "SD1neg": "18.87235399", 
        "SD2": "30.91269886", 
        "SD2neg": "17.14362604", 
        "SD3": "31.01269886", 
        "SD3neg": "17.04362604"
    }, 
    {
        "L": "-1.942099744", 
        "M": "21.29836376", 
        "Month": "205", 
        "S": "0.132969531", 
        "SD0": "21.29836376", 
        "SD1": "24.83982293", 
        "SD1neg": "18.92244905", 
        "SD2": "30.96302723", 
        "SD2neg": "17.18827159", 
        "SD3": "31.06302723", 
        "SD3neg": "17.08827159"
    }, 
    {
        "L": "-1.935177101", 
        "M": "21.35402009", 
        "Month": "206", 
        "S": "0.132885274", 
        "SD0": "21.35402009", 
        "SD1": "24.89965215", 
        "SD1neg": "18.9723155", 
        "SD2": "31.01376726", 
        "SD2neg": "17.23270509", 
        "SD3": "31.11376726", 
        "SD3neg": "17.13270509"
    }, 
    {
        "L": "-1.92837748", 
        "M": "21.40943891", 
        "Month": "207", 
        "S": "0.132804292", 
        "SD0": "21.40943891", 
        "SD1": "24.95934015", 
        "SD1neg": "19.02193988", 
        "SD2": "31.06497411", 
        "SD2neg": "17.27691342", 
        "SD3": "31.16497411", 
        "SD3neg": "17.17691342"
    }, 
    {
        "L": "-1.921712136", 
        "M": "21.46461026", 
        "Month": "208", 
        "S": "0.132726962", 
        "SD0": "21.46461026", 
        "SD1": "25.01889207", 
        "SD1neg": "19.07130861", 
        "SD2": "31.11670396", 
        "SD2neg": "17.32088338", 
        "SD3": "31.21670396", 
        "SD3neg": "17.22088338"
    }, 
    {
        "L": "-1.915192685", 
        "M": "21.51952414", 
        "Month": "209", 
        "S": "0.132653664", 
        "SD0": "21.51952414", 
        "SD1": "25.07831334", 
        "SD1neg": "19.120408", 
        "SD2": "31.16901391", 
        "SD2neg": "17.36460171", 
        "SD3": "31.26901391", 
        "SD3neg": "17.26460171"
    }, 
    {
        "L": "-1.908831065", 
        "M": "21.57417053", 
        "Month": "210", 
        "S": "0.132584784", 
        "SD0": "21.57417053", 
        "SD1": "25.13760965", 
        "SD1neg": "19.16922426", 
        "SD2": "31.22196195", 
        "SD2neg": "17.40805509", 
        "SD3": "31.32196195", 
        "SD3neg": "17.30805509"
    }, 
    {
        "L": "-1.902639482", 
        "M": "21.62853937", 
        "Month": "211", 
        "S": "0.132520711", 
        "SD0": "21.62853937", 
        "SD1": "25.19678698", 
        "SD1neg": "19.21774347", 
        "SD2": "31.27560707", 
        "SD2neg": "17.45123007", 
        "SD3": "31.37560707", 
        "SD3neg": "17.35123007"
    }, 
    {
        "L": "-1.896630358", 
        "M": "21.68262062", 
        "Month": "212", 
        "S": "0.132461838", 
        "SD0": "21.68262062", 
        "SD1": "25.25585158", 
        "SD1neg": "19.26595164", 
        "SD2": "31.33000915", 
        "SD2neg": "17.49411313", 
        "SD3": "31.43000915", 
        "SD3neg": "17.39411313"
    }, 
    {
        "L": "-1.890816268", 
        "M": "21.73640419", 
        "Month": "213", 
        "S": "0.132408563", 
        "SD0": "21.73640419", 
        "SD1": "25.31481", 
        "SD1neg": "19.31383465", 
        "SD2": "31.38522902", 
        "SD2neg": "17.53669063", 
        "SD3": "31.48522902", 
        "SD3neg": "17.43669063"
    }, 
    {
        "L": "-1.885209876", 
        "M": "21.78988003", 
        "Month": "214", 
        "S": "0.132361289", 
        "SD0": "21.78988003", 
        "SD1": "25.3736691", 
        "SD1neg": "19.36137826", 
        "SD2": "31.44132846", 
        "SD2neg": "17.57894881", 
        "SD3": "31.54132846", 
        "SD3neg": "17.47894881"
    }, 
    {
        "L": "-1.879823505", 
        "M": "21.84303819", 
        "Month": "215", 
        "S": "0.132320427", 
        "SD0": "21.84303819", 
        "SD1": "25.43243616", 
        "SD1neg": "19.40856817", 
        "SD2": "31.49836983", 
        "SD2neg": "17.62087365", 
        "SD3": "31.59836983", 
        "SD3neg": "17.52087365"
    }, 
    {
        "L": "-1.874670324", 
        "M": "21.8958685", 
        "Month": "216", 
        "S": "0.132286382", 
        "SD0": "21.8958685", 
        "SD1": "25.4911184", 
        "SD1neg": "19.45538997", 
        "SD2": "31.55641726", 
        "SD2neg": "17.66245131", 
        "SD3": "31.65641726", 
        "SD3neg": "17.56245131"
    }, 
    {
        "L": "-1.869760299", 
        "M": "21.94836168", 
        "Month": "217", 
        "S": "0.1322596", 
        "SD0": "21.94836168", 
        "SD1": "25.54972456", 
        "SD1neg": "19.501829", 
        "SD2": "31.61553317", 
        "SD2neg": "17.70366656", 
        "SD3": "31.71553317", 
        "SD3neg": "17.60366656"
    }, 
    {
        "L": "-1.865113245", 
        "M": "22.00050569", 
        "Month": "218", 
        "S": "0.132240418", 
        "SD0": "22.00050569", 
        "SD1": "25.6082598", 
        "SD1neg": "19.54787107", 
        "SD2": "31.67578966", 
        "SD2neg": "17.74450803", 
        "SD3": "31.77578966", 
        "SD3neg": "17.64450803"
    }, 
    {
        "L": "-1.860734944", 
        "M": "22.05229242", 
        "Month": "219", 
        "S": "0.13222933", 
        "SD0": "22.05229242", 
        "SD1": "25.66673489", 
        "SD1neg": "19.5935012", 
        "SD2": "31.73724781", 
        "SD2neg": "17.78495872", 
        "SD3": "31.83724781", 
        "SD3neg": "17.68495872"
    }, 
    {
        "L": "-1.85663384", 
        "M": "22.10371305", 
        "Month": "220", 
        "S": "0.132226801", 
        "SD0": "22.10371305", 
        "SD1": "25.7251597", 
        "SD1neg": "19.63870452", 
        "SD2": "31.79997216", 
        "SD2neg": "17.82500269", 
        "SD3": "31.89997216", 
        "SD3neg": "17.72500269"
    }, 
    {
        "L": "-1.852827186", 
        "M": "22.15475603", 
        "Month": "221", 
        "S": "0.132233201", 
        "SD0": "22.15475603", 
        "SD1": "25.78354088", 
        "SD1neg": "19.68346638", 
        "SD2": "31.86403676", 
        "SD2neg": "17.86462724", 
        "SD3": "31.96403676", 
        "SD3neg": "17.76462724"
    }, 
    {
        "L": "-1.849323204", 
        "M": "22.20541249", 
        "Month": "222", 
        "S": "0.132248993", 
        "SD0": "22.20541249", 
        "SD1": "25.84188863", 
        "SD1neg": "19.7277718", 
        "SD2": "31.92950889", 
        "SD2neg": "17.9038163", 
        "SD3": "32.02950889", 
        "SD3neg": "17.8038163"
    }, 
    {
        "L": "-1.846131607", 
        "M": "22.255673", 
        "Month": "223", 
        "S": "0.132274625", 
        "SD0": "22.255673", 
        "SD1": "25.90021267", 
        "SD1neg": "19.77160579", 
        "SD2": "31.99645884", 
        "SD2neg": "17.94255433", 
        "SD3": "32.09645884", 
        "SD3neg": "17.84255433"
    }, 
    {
        "L": "-1.843261294", 
        "M": "22.30552831", 
        "Month": "224", 
        "S": "0.132310549", 
        "SD0": "22.30552831", 
        "SD1": "25.95852302", 
        "SD1neg": "19.81495329", 
        "SD2": "32.06495783", 
        "SD2neg": "17.98082551", 
        "SD3": "32.16495783", 
        "SD3neg": "17.88082551"
    }, 
    {
        "L": "-1.840720248", 
        "M": "22.3549693", 
        "Month": "225", 
        "S": "0.132357221", 
        "SD0": "22.3549693", 
        "SD1": "26.01683008", 
        "SD1neg": "19.8577992", 
        "SD2": "32.13507807", 
        "SD2neg": "18.01861373", 
        "SD3": "32.23507807", 
        "SD3neg": "17.91861373"
    }, 
    {
        "L": "-1.83851544", 
        "M": "22.40398706", 
        "Month": "226", 
        "S": "0.132415103", 
        "SD0": "22.40398706", 
        "SD1": "26.07514458", 
        "SD1neg": "19.90012833", 
        "SD2": "32.20689277", 
        "SD2neg": "18.05590254", 
        "SD3": "32.30689277", 
        "SD3neg": "17.95590254"
    }, 
    {
        "L": "-1.83665586", 
        "M": "22.45257182", 
        "Month": "227", 
        "S": "0.132484631", 
        "SD0": "22.45257182", 
        "SD1": "26.13347634", 
        "SD1neg": "19.94192548", 
        "SD2": "32.28047905", 
        "SD2neg": "18.09267625", 
        "SD3": "32.38047905", 
        "SD3neg": "17.99267625"
    }, 
    {
        "L": "-1.835138046", 
        "M": "22.50071778", 
        "Month": "228", 
        "S": "0.132566359", 
        "SD0": "22.50071778", 
        "SD1": "26.19184009", 
        "SD1neg": "19.98317542", 
        "SD2": "32.35590447", 
        "SD2neg": "18.12891493", 
        "SD3": "32.45590447", 
        "SD3neg": "18.02891493"
    }, 
    {
        "L": "-1.833972004", 
        "M": "22.54841437", 
        "Month": "229", 
        "S": "0.132660699", 
        "SD0": "22.54841437", 
        "SD1": "26.25024487", 
        "SD1neg": "20.02386274", 
        "SD2": "32.43325153", 
        "SD2neg": "18.16460329", 
        "SD3": "32.53325153", 
        "SD3neg": "18.06460329"
    }, 
    {
        "L": "-1.833157751", 
        "M": "22.59565422", 
        "Month": "230", 
        "S": "0.132768153", 
        "SD0": "22.59565422", 
        "SD1": "26.30870365", 
        "SD1neg": "20.06397213", 
        "SD2": "32.51259565", 
        "SD2neg": "18.19972281", 
        "SD3": "32.61259565", 
        "SD3neg": "18.09972281"
    }, 
    {
        "L": "-1.83269562", 
        "M": "22.64242956", 
        "Month": "231", 
        "S": "0.132889211", 
        "SD0": "22.64242956", 
        "SD1": "26.36722899", 
        "SD1neg": "20.10348822", 
        "SD2": "32.59401499", 
        "SD2neg": "18.23425511", 
        "SD3": "32.69401499", 
        "SD3neg": "18.13425511"
    }, 
    {
        "L": "-1.832584342", 
        "M": "22.68873292", 
        "Month": "232", 
        "S": "0.133024368", 
        "SD0": "22.68873292", 
        "SD1": "26.42583384", 
        "SD1neg": "20.14239558", 
        "SD2": "32.67758872", 
        "SD2neg": "18.26818139", 
        "SD3": "32.77758872", 
        "SD3neg": "18.16818139"
    }, 
    {
        "L": "-1.832820974", 
        "M": "22.73455713", 
        "Month": "233", 
        "S": "0.133174129", 
        "SD0": "22.73455713", 
        "SD1": "26.48453153", 
        "SD1neg": "20.18067876", 
        "SD2": "32.76339703", 
        "SD2neg": "18.30148239", 
        "SD3": "32.86339703", 
        "SD3neg": "18.20148239"
    }, 
    {
        "L": "-1.833400825", 
        "M": "22.7798953", 
        "Month": "234", 
        "S": "0.133338999", 
        "SD0": "22.7798953", 
        "SD1": "26.54333579", 
        "SD1neg": "20.21832228", 
        "SD2": "32.85152117", 
        "SD2neg": "18.33413836", 
        "SD3": "32.95152117", 
        "SD3neg": "18.23413836"
    }, 
    {
        "L": "-1.834317405", 
        "M": "22.82474087", 
        "Month": "235", 
        "S": "0.133519496", 
        "SD0": "22.82474087", 
        "SD1": "26.60226073", 
        "SD1neg": "20.25531064", 
        "SD2": "32.94204339", 
        "SD2neg": "18.3661291", 
        "SD3": "33.04204339", 
        "SD3neg": "18.2661291"
    }, 
    {
        "L": "-1.83555752", 
        "M": "22.86908912", 
        "Month": "236", 
        "S": "0.133716192", 
        "SD0": "22.86908912", 
        "SD1": "26.66132283", 
        "SD1neg": "20.29162813", 
        "SD2": "33.03504229", 
        "SD2neg": "18.39743194", 
        "SD3": "33.13504229", 
        "SD3neg": "18.29743194"
    }, 
    {
        "L": "-1.837119466", 
        "M": "22.91293151", 
        "Month": "237", 
        "S": "0.133929525", 
        "SD0": "22.91293151", 
        "SD1": "26.72053363", 
        "SD1neg": "20.32725951", 
        "SD2": "33.13061052", 
        "SD2neg": "18.42802906", 
        "SD3": "33.23061052", 
        "SD3neg": "18.32802906"
    }, 
    {
        "L": "-1.838987063", 
        "M": "22.95626373", 
        "Month": "238", 
        "S": "0.134160073", 
        "SD0": "22.95626373", 
        "SD1": "26.77991005", 
        "SD1neg": "20.36218903", 
        "SD2": "33.22882959", 
        "SD2neg": "18.45789712", 
        "SD3": "33.32882959", 
        "SD3neg": "18.35789712"
    }, 
    {
        "L": "-1.841146139", 
        "M": "22.99908062", 
        "Month": "239", 
        "S": "0.134408381", 
        "SD0": "22.99908062", 
        "SD1": "26.83946792", 
        "SD1neg": "20.39640109", 
        "SD2": "33.32978592", 
        "SD2neg": "18.48701379", 
        "SD3": "33.42978592", 
        "SD3neg": "18.38701379"
    }, 
    {
        "L": "-1.843580575", 
        "M": "23.04137734", 
        "Month": "240", 
        "S": "0.134675001", 
        "SD0": "23.04137734", 
        "SD1": "26.89922347", 
        "SD1neg": "20.42988003", 
        "SD2": "33.43356695", 
        "SD2neg": "18.51535622", 
        "SD3": "33.53356695", 
        "SD3neg": "18.41535622"
    }
]
