[{"SD1neg": "12.2", "SD0": "13.4", "SD1": "14.8", "SD2": "16.3", "SD3": "18.1", "SD3neg": "10.2", "M": "13.4069", "L": "-0.3053", "Month": "0", "S": "0.09560", "SD2neg": "11.1"}, {"SD1neg": "13.6", "SD0": "14.9", "SD1": "16.3", "SD2": "17.8", "SD3": "19.4", "SD3neg": "11.3", "M": "14.9441", "L": "0.2708", "Month": "1", "S": "0.09027", "SD2neg": "12.4"}, {"SD1neg": "15.0", "SD0": "16.3", "SD1": "17.8", "SD2": "19.4", "SD3": "21.1", "SD3neg": "12.5", "M": "16.3195", "L": "0.1118", "Month": "2", "S": "0.08677", "SD2neg": "13.7"}, {"SD1neg": "15.5", "SD0": "16.9", "SD1": "18.4", "SD2": "20.0", "SD3": "21.8", "SD3neg": "13.1", "M": "16.8987", "L": "0.0068", "Month": "3", "S": "0.08495", "SD2neg": "14.3"}, {"SD1neg": "15.8", "SD0": "17.2", "SD1": "18.7", "SD2": "20.3", "SD3": "22.1", "SD3neg": "13.4", "M": "17.1579", "L": "-0.0727", "Month": "4", "S": "0.08378", "SD2neg": "14.5"}, {"SD1neg": "15.9", "SD0": "17.3", "SD1": "18.8", "SD2": "20.5", "SD3": "22.3", "SD3neg": "13.5", "M": "17.2919", "L": "-0.1370", "Month": "5", "S": "0.08296", "SD2neg": "14.7"}, {"SD1neg": "16.0", "SD0": "17.3", "SD1": "18.8", "SD2": "20.5", "SD3": "22.3", "SD3neg": "13.6", "M": "17.3422", "L": "-0.1913", "Month": "6", "S": "0.08234", "SD2neg": "14.7"}, {"SD1neg": "16.0", "SD0": "17.3", "SD1": "18.8", "SD2": "20.5", "SD3": "22.3", "SD3neg": "13.7", "M": "17.3288", "L": "-0.2385", "Month": "7", "S": "0.08183", "SD2neg": "14.8"}, {"SD1neg": "15.9", "SD0": "17.3", "SD1": "18.7", "SD2": "20.4", "SD3": "22.2", "SD3neg": "13.6", "M": "17.2647", "L": "-0.2802", "Month": "8", "S": "0.08140", "SD2neg": "14.7"}, {"SD1neg": "15.8", "SD0": "17.2", "SD1": "18.6", "SD2": "20.3", "SD3": "22.1", "SD3neg": "13.6", "M": "17.1662", "L": "-0.3176", "Month": "9", "S": "0.08102", "SD2neg": "14.7"}, {"SD1neg": "15.7", "SD0": "17.0", "SD1": "18.5", "SD2": "20.1", "SD3": "22.0", "SD3neg": "13.5", "M": "17.0488", "L": "-0.3516", "Month": "10", "S": "0.08068", "SD2neg": "14.6"}, {"SD1neg": "15.6", "SD0": "16.9", "SD1": "18.4", "SD2": "20.0", "SD3": "21.8", "SD3neg": "13.4", "M": "16.9239", "L": "-0.3828", "Month": "11", "S": "0.08037", "SD2neg": "14.5"}, {"SD1neg": "15.5", "SD0": "16.8", "SD1": "18.2", "SD2": "19.8", "SD3": "21.6", "SD3neg": "13.4", "M": "16.7981", "L": "-0.4115", "Month": "12", "S": "0.08009", "SD2neg": "14.4"}, {"SD1neg": "15.4", "SD0": "16.7", "SD1": "18.1", "SD2": "19.7", "SD3": "21.5", "SD3neg": "13.3", "M": "16.6743", "L": "-0.4382", "Month": "13", "S": "0.07982", "SD2neg": "14.3"}, {"SD1neg": "15.3", "SD0": "16.6", "SD1": "18.0", "SD2": "19.5", "SD3": "21.3", "SD3neg": "13.2", "M": "16.5548", "L": "-0.4630", "Month": "14", "S": "0.07958", "SD2neg": "14.2"}, {"SD1neg": "15.2", "SD0": "16.4", "SD1": "17.8", "SD2": "19.4", "SD3": "21.2", "SD3neg": "13.1", "M": "16.4409", "L": "-0.4863", "Month": "15", "S": "0.07935", "SD2neg": "14.1"}, {"SD1neg": "15.1", "SD0": "16.3", "SD1": "17.7", "SD2": "19.3", "SD3": "21.0", "SD3neg": "13.1", "M": "16.3335", "L": "-0.5082", "Month": "16", "S": "0.07913", "SD2neg": "14.0"}, {"SD1neg": "15.0", "SD0": "16.2", "SD1": "17.6", "SD2": "19.1", "SD3": "20.9", "SD3neg": "13.0", "M": "16.2329", "L": "-0.5289", "Month": "17", "S": "0.07892", "SD2neg": "13.9"}, {"SD1neg": "14.9", "SD0": "16.1", "SD1": "17.5", "SD2": "19.0", "SD3": "20.8", "SD3neg": "12.9", "M": "16.1392", "L": "-0.5484", "Month": "18", "S": "0.07873", "SD2neg": "13.9"}, {"SD1neg": "14.9", "SD0": "16.1", "SD1": "17.4", "SD2": "18.9", "SD3": "20.7", "SD3neg": "12.9", "M": "16.0528", "L": "-0.5669", "Month": "19", "S": "0.07854", "SD2neg": "13.8"}, {"SD1neg": "14.8", "SD0": "16.0", "SD1": "17.3", "SD2": "18.8", "SD3": "20.6", "SD3neg": "12.8", "M": "15.9743", "L": "-0.5846", "Month": "20", "S": "0.07836", "SD2neg": "13.7"}, {"SD1neg": "14.7", "SD0": "15.9", "SD1": "17.2", "SD2": "18.7", "SD3": "20.5", "SD3neg": "12.8", "M": "15.9039", "L": "-0.6014", "Month": "21", "S": "0.07818", "SD2neg": "13.7"}, {"SD1neg": "14.7", "SD0": "15.8", "SD1": "17.2", "SD2": "18.7", "SD3": "20.4", "SD3neg": "12.7", "M": "15.8412", "L": "-0.6174", "Month": "22", "S": "0.07802", "SD2neg": "13.6"}, {"SD1neg": "14.6", "SD0": "15.8", "SD1": "17.1", "SD2": "18.6", "SD3": "20.3", "SD3neg": "12.7", "M": "15.7852", "L": "-0.6328", "Month": "23", "S": "0.07786", "SD2neg": "13.6"}, {"SD1neg": "14.6", "SD0": "15.7", "SD1": "17.0", "SD2": "18.5", "SD3": "20.3", "SD3neg": "12.7", "M": "15.7356", "L": "-0.6473", "Month": "24", "S": "0.07771", "SD2neg": "13.6"}]