[{"SD1neg": "12.2", "SD0": "13.3", "SD1": "14.6", "SD2": "16.1", "SD3": "17.7", "SD3neg": "10.1", "M": "13.3363", "L": "-0.0631", "Month": "0", "S": "0.09272", "SD2neg": "11.1"}, {"SD1neg": "13.2", "SD0": "14.6", "SD1": "16.0", "SD2": "17.5", "SD3": "19.1", "SD3neg": "10.8", "M": "14.5679", "L": "0.3448", "Month": "1", "S": "0.09556", "SD2neg": "12.0"}, {"SD1neg": "14.3", "SD0": "15.8", "SD1": "17.3", "SD2": "19.0", "SD3": "20.7", "SD3neg": "11.8", "M": "15.7679", "L": "0.1749", "Month": "2", "S": "0.09371", "SD2neg": "13.0"}, {"SD1neg": "14.9", "SD0": "16.4", "SD1": "17.9", "SD2": "19.7", "SD3": "21.5", "SD3neg": "12.4", "M": "16.3574", "L": "0.0643", "Month": "3", "S": "0.09254", "SD2neg": "13.6"}, {"SD1neg": "15.2", "SD0": "16.7", "SD1": "18.3", "SD2": "20.0", "SD3": "22.0", "SD3neg": "12.7", "M": "16.6703", "L": "-0.0191", "Month": "4", "S": "0.09166", "SD2neg": "13.9"}, {"SD1neg": "15.4", "SD0": "16.8", "SD1": "18.4", "SD2": "20.2", "SD3": "22.2", "SD3neg": "12.9", "M": "16.8386", "L": "-0.0864", "Month": "5", "S": "0.09096", "SD2neg": "14.1"}, {"SD1neg": "15.5", "SD0": "16.9", "SD1": "18.5", "SD2": "20.3", "SD3": "22.3", "SD3neg": "13.0", "M": "16.9083", "L": "-0.1429", "Month": "6", "S": "0.09036", "SD2neg": "14.1"}, {"SD1neg": "15.5", "SD0": "16.9", "SD1": "18.5", "SD2": "20.3", "SD3": "22.3", "SD3neg": "13.0", "M": "16.9020", "L": "-0.1916", "Month": "7", "S": "0.08984", "SD2neg": "14.2"}, {"SD1neg": "15.4", "SD0": "16.8", "SD1": "18.4", "SD2": "20.2", "SD3": "22.2", "SD3neg": "13.0", "M": "16.8404", "L": "-0.2344", "Month": "8", "S": "0.08939", "SD2neg": "14.1"}, {"SD1neg": "15.3", "SD0": "16.7", "SD1": "18.3", "SD2": "20.1", "SD3": "22.1", "SD3neg": "12.9", "M": "16.7406", "L": "-0.2725", "Month": "9", "S": "0.08898", "SD2neg": "14.1"}, {"SD1neg": "15.2", "SD0": "16.6", "SD1": "18.2", "SD2": "19.9", "SD3": "21.9", "SD3neg": "12.9", "M": "16.6184", "L": "-0.3068", "Month": "10", "S": "0.08861", "SD2neg": "14.0"}, {"SD1neg": "15.1", "SD0": "16.5", "SD1": "18.0", "SD2": "19.8", "SD3": "21.8", "SD3neg": "12.8", "M": "16.4875", "L": "-0.3381", "Month": "11", "S": "0.08828", "SD2neg": "13.9"}, {"SD1neg": "15.0", "SD0": "16.4", "SD1": "17.9", "SD2": "19.6", "SD3": "21.6", "SD3neg": "12.7", "M": "16.3568", "L": "-0.3667", "Month": "12", "S": "0.08797", "SD2neg": "13.8"}, {"SD1neg": "14.9", "SD0": "16.2", "SD1": "17.7", "SD2": "19.5", "SD3": "21.4", "SD3neg": "12.6", "M": "16.2311", "L": "-0.3932", "Month": "13", "S": "0.08768", "SD2neg": "13.7"}, {"SD1neg": "14.8", "SD0": "16.1", "SD1": "17.6", "SD2": "19.3", "SD3": "21.3", "SD3neg": "12.6", "M": "16.1128", "L": "-0.4177", "Month": "14", "S": "0.08741", "SD2neg": "13.6"}, {"SD1neg": "14.7", "SD0": "16.0", "SD1": "17.5", "SD2": "19.2", "SD3": "21.1", "SD3neg": "12.5", "M": "16.0028", "L": "-0.4407", "Month": "15", "S": "0.08716", "SD2neg": "13.5"}, {"SD1neg": "14.6", "SD0": "15.9", "SD1": "17.4", "SD2": "19.1", "SD3": "21.0", "SD3neg": "12.4", "M": "15.9017", "L": "-0.4623", "Month": "16", "S": "0.08693", "SD2neg": "13.5"}, {"SD1neg": "14.5", "SD0": "15.8", "SD1": "17.3", "SD2": "18.9", "SD3": "20.9", "SD3neg": "12.4", "M": "15.8096", "L": "-0.4825", "Month": "17", "S": "0.08671", "SD2neg": "13.4"}, {"SD1neg": "14.4", "SD0": "15.7", "SD1": "17.2", "SD2": "18.8", "SD3": "20.8", "SD3neg": "12.3", "M": "15.7263", "L": "-0.5017", "Month": "18", "S": "0.08650", "SD2neg": "13.3"}, {"SD1neg": "14.4", "SD0": "15.7", "SD1": "17.1", "SD2": "18.8", "SD3": "20.7", "SD3neg": "12.3", "M": "15.6517", "L": "-0.5199", "Month": "19", "S": "0.08630", "SD2neg": "13.3"}, {"SD1neg": "14.3", "SD0": "15.6", "SD1": "17.0", "SD2": "18.7", "SD3": "20.6", "SD3neg": "12.2", "M": "15.5855", "L": "-0.5372", "Month": "20", "S": "0.08612", "SD2neg": "13.2"}, {"SD1neg": "14.3", "SD0": "15.5", "SD1": "17.0", "SD2": "18.6", "SD3": "20.5", "SD3neg": "12.2", "M": "15.5278", "L": "-0.5537", "Month": "21", "S": "0.08594", "SD2neg": "13.2"}, {"SD1neg": "14.2", "SD0": "15.5", "SD1": "16.9", "SD2": "18.5", "SD3": "20.4", "SD3neg": "12.2", "M": "15.4787", "L": "-0.5695", "Month": "22", "S": "0.08577", "SD2neg": "13.1"}, {"SD1neg": "14.2", "SD0": "15.4", "SD1": "16.9", "SD2": "18.5", "SD3": "20.4", "SD3neg": "12.2", "M": "15.4380", "L": "-0.5846", "Month": "23", "S": "0.08560", "SD2neg": "13.1"}, {"SD1neg": "14.2", "SD0": "15.4", "SD1": "16.8", "SD2": "18.4", "SD3": "20.3", "SD3neg": "12.1", "M": "15.4052", "L": "-0.5989", "Month": "24", "S": "0.08545", "SD2neg": "13.1"}]