[{"SD1neg": "14.8", "SD0": "16.0", "SD1": "17.3", "SD2": "18.9", "SD3": "20.6", "SD3neg": "12.9", "M": "16.0189", "L": "-0.6187", "Month": "24", "S": "0.07785", "SD2neg": "13.8"}, {"SD1neg": "14.8", "SD0": "16.0", "SD1": "17.3", "SD2": "18.8", "SD3": "20.5", "SD3neg": "12.8", "M": "15.9800", "L": "-0.5840", "Month": "25", "S": "0.07792", "SD2neg": "13.8"}, {"SD1neg": "14.8", "SD0": "15.9", "SD1": "17.3", "SD2": "18.8", "SD3": "20.5", "SD3neg": "12.8", "M": "15.9414", "L": "-0.5497", "Month": "26", "S": "0.07800", "SD2neg": "13.7"}, {"SD1neg": "14.7", "SD0": "15.9", "SD1": "17.2", "SD2": "18.7", "SD3": "20.4", "SD3neg": "12.7", "M": "15.9036", "L": "-0.5166", "Month": "27", "S": "0.07808", "SD2neg": "13.7"}, {"SD1neg": "14.7", "SD0": "15.9", "SD1": "17.2", "SD2": "18.7", "SD3": "20.4", "SD3neg": "12.7", "M": "15.8667", "L": "-0.4850", "Month": "28", "S": "0.07818", "SD2neg": "13.6"}, {"SD1neg": "14.7", "SD0": "15.8", "SD1": "17.1", "SD2": "18.6", "SD3": "20.3", "SD3neg": "12.7", "M": "15.8306", "L": "-0.4552", "Month": "29", "S": "0.07829", "SD2neg": "13.6"}, {"SD1neg": "14.6", "SD0": "15.8", "SD1": "17.1", "SD2": "18.6", "SD3": "20.2", "SD3neg": "12.6", "M": "15.7953", "L": "-0.4274", "Month": "30", "S": "0.07841", "SD2neg": "13.6"}, {"SD1neg": "14.6", "SD0": "15.8", "SD1": "17.1", "SD2": "18.5", "SD3": "20.2", "SD3neg": "12.6", "M": "15.7606", "L": "-0.4016", "Month": "31", "S": "0.07854", "SD2neg": "13.5"}, {"SD1neg": "14.6", "SD0": "15.7", "SD1": "17.0", "SD2": "18.5", "SD3": "20.1", "SD3neg": "12.5", "M": "15.7267", "L": "-0.3782", "Month": "32", "S": "0.07867", "SD2neg": "13.5"}, {"SD1neg": "14.5", "SD0": "15.7", "SD1": "17.0", "SD2": "18.5", "SD3": "20.1", "SD3neg": "12.5", "M": "15.6934", "L": "-0.3572", "Month": "33", "S": "0.07882", "SD2neg": "13.5"}, {"SD1neg": "14.5", "SD0": "15.7", "SD1": "17.0", "SD2": "18.4", "SD3": "20.0", "SD3neg": "12.5", "M": "15.6610", "L": "-0.3388", "Month": "34", "S": "0.07897", "SD2neg": "13.4"}, {"SD1neg": "14.5", "SD0": "15.6", "SD1": "16.9", "SD2": "18.4", "SD3": "20.0", "SD3neg": "12.4", "M": "15.6294", "L": "-0.3231", "Month": "35", "S": "0.07914", "SD2neg": "13.4"}, {"SD1neg": "14.4", "SD0": "15.6", "SD1": "16.9", "SD2": "18.4", "SD3": "20.0", "SD3neg": "12.4", "M": "15.5988", "L": "-0.3101", "Month": "36", "S": "0.07931", "SD2neg": "13.4"}, {"SD1neg": "14.4", "SD0": "15.6", "SD1": "16.9", "SD2": "18.3", "SD3": "19.9", "SD3neg": "12.4", "M": "15.5693", "L": "-0.3000", "Month": "37", "S": "0.07950", "SD2neg": "13.3"}, {"SD1neg": "14.4", "SD0": "15.5", "SD1": "16.8", "SD2": "18.3", "SD3": "19.9", "SD3neg": "12.3", "M": "15.5410", "L": "-0.2927", "Month": "38", "S": "0.07969", "SD2neg": "13.3"}, {"SD1neg": "14.3", "SD0": "15.5", "SD1": "16.8", "SD2": "18.3", "SD3": "19.9", "SD3neg": "12.3", "M": "15.5140", "L": "-0.2884", "Month": "39", "S": "0.07990", "SD2neg": "13.3"}, {"SD1neg": "14.3", "SD0": "15.5", "SD1": "16.8", "SD2": "18.2", "SD3": "19.9", "SD3neg": "12.3", "M": "15.4885", "L": "-0.2869", "Month": "40", "S": "0.08012", "SD2neg": "13.2"}, {"SD1neg": "14.3", "SD0": "15.5", "SD1": "16.8", "SD2": "18.2", "SD3": "19.9", "SD3neg": "12.2", "M": "15.4645", "L": "-0.2881", "Month": "41", "S": "0.08036", "SD2neg": "13.2"}, {"SD1neg": "14.3", "SD0": "15.4", "SD1": "16.8", "SD2": "18.2", "SD3": "19.8", "SD3neg": "12.2", "M": "15.4420", "L": "-0.2919", "Month": "42", "S": "0.08061", "SD2neg": "13.2"}, {"SD1neg": "14.2", "SD0": "15.4", "SD1": "16.7", "SD2": "18.2", "SD3": "19.8", "SD3neg": "12.2", "M": "15.4210", "L": "-0.2981", "Month": "43", "S": "0.08087", "SD2neg": "13.2"}, {"SD1neg": "14.2", "SD0": "15.4", "SD1": "16.7", "SD2": "18.2", "SD3": "19.8", "SD3neg": "12.2", "M": "15.4013", "L": "-0.3067", "Month": "44", "S": "0.08115", "SD2neg": "13.1"}, {"SD1neg": "14.2", "SD0": "15.4", "SD1": "16.7", "SD2": "18.2", "SD3": "19.8", "SD3neg": "12.2", "M": "15.3827", "L": "-0.3174", "Month": "45", "S": "0.08144", "SD2neg": "13.1"}, {"SD1neg": "14.2", "SD0": "15.4", "SD1": "16.7", "SD2": "18.2", "SD3": "19.8", "SD3neg": "12.1", "M": "15.3652", "L": "-0.3303", "Month": "46", "S": "0.08174", "SD2neg": "13.1"}, {"SD1neg": "14.2", "SD0": "15.3", "SD1": "16.7", "SD2": "18.2", "SD3": "19.9", "SD3neg": "12.1", "M": "15.3485", "L": "-0.3452", "Month": "47", "S": "0.08205", "SD2neg": "13.1"}, {"SD1neg": "14.1", "SD0": "15.3", "SD1": "16.7", "SD2": "18.2", "SD3": "19.9", "SD3neg": "12.1", "M": "15.3326", "L": "-0.3622", "Month": "48", "S": "0.08238", "SD2neg": "13.1"}, {"SD1neg": "14.1", "SD0": "15.3", "SD1": "16.7", "SD2": "18.2", "SD3": "19.9", "SD3neg": "12.1", "M": "15.3174", "L": "-0.3811", "Month": "49", "S": "0.08272", "SD2neg": "13.0"}, {"SD1neg": "14.1", "SD0": "15.3", "SD1": "16.7", "SD2": "18.2", "SD3": "19.9", "SD3neg": "12.1", "M": "15.3029", "L": "-0.4019", "Month": "50", "S": "0.08307", "SD2neg": "13.0"}, {"SD1neg": "14.1", "SD0": "15.3", "SD1": "16.6", "SD2": "18.2", "SD3": "19.9", "SD3neg": "12.1", "M": "15.2891", "L": "-0.4245", "Month": "51", "S": "0.08343", "SD2neg": "13.0"}, {"SD1neg": "14.1", "SD0": "15.3", "SD1": "16.6", "SD2": "18.2", "SD3": "19.9", "SD3neg": "12.0", "M": "15.2759", "L": "-0.4488", "Month": "52", "S": "0.08380", "SD2neg": "13.0"}, {"SD1neg": "14.1", "SD0": "15.3", "SD1": "16.6", "SD2": "18.2", "SD3": "20.0", "SD3neg": "12.0", "M": "15.2633", "L": "-0.4747", "Month": "53", "S": "0.08418", "SD2neg": "13.0"}, {"SD1neg": "14.0", "SD0": "15.3", "SD1": "16.6", "SD2": "18.2", "SD3": "20.0", "SD3neg": "12.0", "M": "15.2514", "L": "-0.5019", "Month": "54", "S": "0.08457", "SD2neg": "13.0"}, {"SD1neg": "14.0", "SD0": "15.2", "SD1": "16.6", "SD2": "18.2", "SD3": "20.0", "SD3neg": "12.0", "M": "15.2400", "L": "-0.5303", "Month": "55", "S": "0.08496", "SD2neg": "13.0"}, {"SD1neg": "14.0", "SD0": "15.2", "SD1": "16.6", "SD2": "18.2", "SD3": "20.1", "SD3neg": "12.0", "M": "15.2291", "L": "-0.5599", "Month": "56", "S": "0.08536", "SD2neg": "12.9"}, {"SD1neg": "14.0", "SD0": "15.2", "SD1": "16.6", "SD2": "18.2", "SD3": "20.1", "SD3neg": "12.0", "M": "15.2188", "L": "-0.5905", "Month": "57", "S": "0.08577", "SD2neg": "12.9"}, {"SD1neg": "14.0", "SD0": "15.2", "SD1": "16.6", "SD2": "18.3", "SD3": "20.2", "SD3neg": "12.0", "M": "15.2091", "L": "-0.6223", "Month": "58", "S": "0.08617", "SD2neg": "12.9"}, {"SD1neg": "14.0", "SD0": "15.2", "SD1": "16.6", "SD2": "18.3", "SD3": "20.2", "SD3neg": "12.0", "M": "15.2000", "L": "-0.6552", "Month": "59", "S": "0.08659", "SD2neg": "12.9"}, {"SD1neg": "14.0", "SD0": "15.2", "SD1": "16.6", "SD2": "18.3", "SD3": "20.3", "SD3neg": "12.0", "M": "15.1916", "L": "-0.6892", "Month": "60", "S": "0.08700", "SD2neg": "12.9"}]