[{"SD1neg": "14.4", "SD0": "15.7", "SD1": "17.1", "SD2": "18.7", "SD3": "20.6", "SD3neg": "12.4", "M": "15.6881", "L": "-0.5684", "Month": "24", "S": "0.08454", "SD2neg": "13.3"}, {"SD1neg": "14.4", "SD0": "15.7", "SD1": "17.1", "SD2": "18.7", "SD3": "20.6", "SD3neg": "12.4", "M": "15.6590", "L": "-0.5684", "Month": "25", "S": "0.08452", "SD2neg": "13.3"}, {"SD1neg": "14.4", "SD0": "15.6", "SD1": "17.0", "SD2": "18.7", "SD3": "20.6", "SD3neg": "12.3", "M": "15.6308", "L": "-0.5684", "Month": "26", "S": "0.08449", "SD2neg": "13.3"}, {"SD1neg": "14.4", "SD0": "15.6", "SD1": "17.0", "SD2": "18.6", "SD3": "20.5", "SD3neg": "12.3", "M": "15.6037", "L": "-0.5684", "Month": "27", "S": "0.08446", "SD2neg": "13.3"}, {"SD1neg": "14.3", "SD0": "15.6", "SD1": "17.0", "SD2": "18.6", "SD3": "20.5", "SD3neg": "12.3", "M": "15.5777", "L": "-0.5684", "Month": "28", "S": "0.08444", "SD2neg": "13.3"}, {"SD1neg": "14.3", "SD0": "15.6", "SD1": "17.0", "SD2": "18.6", "SD3": "20.4", "SD3neg": "12.3", "M": "15.5523", "L": "-0.5684", "Month": "29", "S": "0.08443", "SD2neg": "13.2"}, {"SD1neg": "14.3", "SD0": "15.5", "SD1": "16.9", "SD2": "18.5", "SD3": "20.4", "SD3neg": "12.3", "M": "15.5276", "L": "-0.5684", "Month": "30", "S": "0.08444", "SD2neg": "13.2"}, {"SD1neg": "14.3", "SD0": "15.5", "SD1": "16.9", "SD2": "18.5", "SD3": "20.4", "SD3neg": "12.2", "M": "15.5034", "L": "-0.5684", "Month": "31", "S": "0.08448", "SD2neg": "13.2"}, {"SD1neg": "14.3", "SD0": "15.5", "SD1": "16.9", "SD2": "18.5", "SD3": "20.4", "SD3neg": "12.2", "M": "15.4798", "L": "-0.5684", "Month": "32", "S": "0.08455", "SD2neg": "13.2"}, {"SD1neg": "14.2", "SD0": "15.5", "SD1": "16.9", "SD2": "18.5", "SD3": "20.3", "SD3neg": "12.2", "M": "15.4572", "L": "-0.5684", "Month": "33", "S": "0.08467", "SD2neg": "13.1"}, {"SD1neg": "14.2", "SD0": "15.4", "SD1": "16.8", "SD2": "18.5", "SD3": "20.3", "SD3neg": "12.2", "M": "15.4356", "L": "-0.5684", "Month": "34", "S": "0.08484", "SD2neg": "13.1"}, {"SD1neg": "14.2", "SD0": "15.4", "SD1": "16.8", "SD2": "18.4", "SD3": "20.3", "SD3neg": "12.1", "M": "15.4155", "L": "-0.5684", "Month": "35", "S": "0.08506", "SD2neg": "13.1"}, {"SD1neg": "14.2", "SD0": "15.4", "SD1": "16.8", "SD2": "18.4", "SD3": "20.3", "SD3neg": "12.1", "M": "15.3968", "L": "-0.5684", "Month": "36", "S": "0.08535", "SD2neg": "13.1"}, {"SD1neg": "14.1", "SD0": "15.4", "SD1": "16.8", "SD2": "18.4", "SD3": "20.3", "SD3neg": "12.1", "M": "15.3796", "L": "-0.5684", "Month": "37", "S": "0.08569", "SD2neg": "13.1"}, {"SD1neg": "14.1", "SD0": "15.4", "SD1": "16.8", "SD2": "18.4", "SD3": "20.3", "SD3neg": "12.1", "M": "15.3638", "L": "-0.5684", "Month": "38", "S": "0.08609", "SD2neg": "13.0"}, {"SD1neg": "14.1", "SD0": "15.3", "SD1": "16.8", "SD2": "18.4", "SD3": "20.3", "SD3neg": "12.0", "M": "15.3493", "L": "-0.5684", "Month": "39", "S": "0.08654", "SD2neg": "13.0"}, {"SD1neg": "14.1", "SD0": "15.3", "SD1": "16.8", "SD2": "18.4", "SD3": "20.3", "SD3neg": "12.0", "M": "15.3358", "L": "-0.5684", "Month": "40", "S": "0.08704", "SD2neg": "13.0"}, {"SD1neg": "14.1", "SD0": "15.3", "SD1": "16.8", "SD2": "18.4", "SD3": "20.4", "SD3neg": "12.0", "M": "15.3233", "L": "-0.5684", "Month": "41", "S": "0.08757", "SD2neg": "13.0"}, {"SD1neg": "14.0", "SD0": "15.3", "SD1": "16.8", "SD2": "18.4", "SD3": "20.4", "SD3neg": "12.0", "M": "15.3116", "L": "-0.5684", "Month": "42", "S": "0.08813", "SD2neg": "12.9"}, {"SD1neg": "14.0", "SD0": "15.3", "SD1": "16.8", "SD2": "18.4", "SD3": "20.4", "SD3neg": "11.9", "M": "15.3007", "L": "-0.5684", "Month": "43", "S": "0.08872", "SD2neg": "12.9"}, {"SD1neg": "14.0", "SD0": "15.3", "SD1": "16.8", "SD2": "18.5", "SD3": "20.4", "SD3neg": "11.9", "M": "15.2905", "L": "-0.5684", "Month": "44", "S": "0.08931", "SD2neg": "12.9"}, {"SD1neg": "14.0", "SD0": "15.3", "SD1": "16.8", "SD2": "18.5", "SD3": "20.5", "SD3neg": "11.9", "M": "15.2814", "L": "-0.5684", "Month": "45", "S": "0.08991", "SD2neg": "12.9"}, {"SD1neg": "14.0", "SD0": "15.3", "SD1": "16.8", "SD2": "18.5", "SD3": "20.5", "SD3neg": "11.9", "M": "15.2732", "L": "-0.5684", "Month": "46", "S": "0.09051", "SD2neg": "12.9"}, {"SD1neg": "14.0", "SD0": "15.3", "SD1": "16.8", "SD2": "18.5", "SD3": "20.5", "SD3neg": "11.8", "M": "15.2661", "L": "-0.5684", "Month": "47", "S": "0.09110", "SD2neg": "12.8"}, {"SD1neg": "14.0", "SD0": "15.3", "SD1": "16.8", "SD2": "18.5", "SD3": "20.6", "SD3neg": "11.8", "M": "15.2602", "L": "-0.5684", "Month": "48", "S": "0.09168", "SD2neg": "12.8"}, {"SD1neg": "13.9", "SD0": "15.3", "SD1": "16.8", "SD2": "18.5", "SD3": "20.6", "SD3neg": "11.8", "M": "15.2556", "L": "-0.5684", "Month": "49", "S": "0.09227", "SD2neg": "12.8"}, {"SD1neg": "13.9", "SD0": "15.3", "SD1": "16.8", "SD2": "18.6", "SD3": "20.7", "SD3neg": "11.8", "M": "15.2523", "L": "-0.5684", "Month": "50", "S": "0.09286", "SD2neg": "12.8"}, {"SD1neg": "13.9", "SD0": "15.3", "SD1": "16.8", "SD2": "18.6", "SD3": "20.7", "SD3neg": "11.8", "M": "15.2503", "L": "-0.5684", "Month": "51", "S": "0.09345", "SD2neg": "12.8"}, {"SD1neg": "13.9", "SD0": "15.2", "SD1": "16.8", "SD2": "18.6", "SD3": "20.7", "SD3neg": "11.7", "M": "15.2496", "L": "-0.5684", "Month": "52", "S": "0.09403", "SD2neg": "12.8"}, {"SD1neg": "13.9", "SD0": "15.3", "SD1": "16.8", "SD2": "18.6", "SD3": "20.8", "SD3neg": "11.7", "M": "15.2502", "L": "-0.5684", "Month": "53", "S": "0.09460", "SD2neg": "12.7"}, {"SD1neg": "13.9", "SD0": "15.3", "SD1": "16.8", "SD2": "18.7", "SD3": "20.8", "SD3neg": "11.7", "M": "15.2519", "L": "-0.5684", "Month": "54", "S": "0.09515", "SD2neg": "12.7"}, {"SD1neg": "13.9", "SD0": "15.3", "SD1": "16.8", "SD2": "18.7", "SD3": "20.9", "SD3neg": "11.7", "M": "15.2544", "L": "-0.5684", "Month": "55", "S": "0.09568", "SD2neg": "12.7"}, {"SD1neg": "13.9", "SD0": "15.3", "SD1": "16.8", "SD2": "18.7", "SD3": "20.9", "SD3neg": "11.7", "M": "15.2575", "L": "-0.5684", "Month": "56", "S": "0.09618", "SD2neg": "12.7"}, {"SD1neg": "13.9", "SD0": "15.3", "SD1": "16.9", "SD2": "18.7", "SD3": "21.0", "SD3neg": "11.7", "M": "15.2612", "L": "-0.5684", "Month": "57", "S": "0.09665", "SD2neg": "12.7"}, {"SD1neg": "13.9", "SD0": "15.3", "SD1": "16.9", "SD2": "18.8", "SD3": "21.0", "SD3neg": "11.7", "M": "15.2653", "L": "-0.5684", "Month": "58", "S": "0.09709", "SD2neg": "12.7"}, {"SD1neg": "13.9", "SD0": "15.3", "SD1": "16.9", "SD2": "18.8", "SD3": "21.0", "SD3neg": "11.6", "M": "15.2698", "L": "-0.5684", "Month": "59", "S": "0.09750", "SD2neg": "12.7"}, {"SD1neg": "13.9", "SD0": "15.3", "SD1": "16.9", "SD2": "18.8", "SD3": "21.1", "SD3neg": "11.6", "M": "15.2747", "L": "-0.5684", "Month": "60", "S": "0.09789", "SD2neg": "12.7"}]