[{"Week": "0", "SD1neg": "12.2", "SD0": "13.3", "SD1": "14.6", "SD2": "16.1", "SD3": "17.7", "SD3neg": "10.1", "M": "13.3363", "L": "-0.0631", "S": "0.09272", "SD2neg": "11.1"}, {"Week": "1", "SD1neg": "11.9", "SD0": "13.2", "SD1": "14.5", "SD2": "15.9", "SD3": "17.3", "SD3neg": "9.5", "M": "13.2113", "L": "0.6319", "S": "0.09887", "SD2neg": "10.7"}, {"Week": "2", "SD1neg": "12.2", "SD0": "13.5", "SD1": "14.8", "SD2": "16.2", "SD3": "17.7", "SD3neg": "9.8", "M": "13.4501", "L": "0.5082", "S": "0.09741", "SD2neg": "11.0"}, {"Week": "3", "SD1neg": "12.6", "SD0": "14.0", "SD1": "15.3", "SD2": "16.8", "SD3": "18.3", "SD3neg": "10.2", "M": "13.9505", "L": "0.4263", "S": "0.09647", "SD2neg": "11.4"}, {"Week": "4", "SD1neg": "13.1", "SD0": "14.4", "SD1": "15.8", "SD2": "17.4", "SD3": "19.0", "SD3neg": "10.6", "M": "14.4208", "L": "0.3637", "S": "0.09577", "SD2neg": "11.8"}, {"Week": "5", "SD1neg": "13.5", "SD0": "14.8", "SD1": "16.3", "SD2": "17.8", "SD3": "19.5", "SD3neg": "11.0", "M": "14.8157", "L": "0.3124", "S": "0.09520", "SD2neg": "12.2"}, {"Week": "6", "SD1neg": "13.8", "SD0": "15.1", "SD1": "16.6", "SD2": "18.2", "SD3": "19.9", "SD3neg": "11.3", "M": "15.1380", "L": "0.2688", "S": "0.09472", "SD2neg": "12.5"}, {"Week": "7", "SD1neg": "14.0", "SD0": "15.4", "SD1": "16.9", "SD2": "18.5", "SD3": "20.3", "SD3neg": "11.5", "M": "15.4063", "L": "0.2306", "S": "0.09431", "SD2neg": "12.7"}, {"Week": "8", "SD1neg": "14.2", "SD0": "15.6", "SD1": "17.2", "SD2": "18.8", "SD3": "20.6", "SD3neg": "11.7", "M": "15.6311", "L": "0.1966", "S": "0.09394", "SD2neg": "12.9"}, {"Week": "9", "SD1neg": "14.4", "SD0": "15.8", "SD1": "17.4", "SD2": "19.0", "SD3": "20.8", "SD3neg": "11.9", "M": "15.8232", "L": "0.1658", "S": "0.09361", "SD2neg": "13.1"}, {"Week": "10", "SD1neg": "14.6", "SD0": "16.0", "SD1": "17.5", "SD2": "19.2", "SD3": "21.0", "SD3neg": "12.0", "M": "15.9874", "L": "0.1377", "S": "0.09332", "SD2neg": "13.2"}, {"Week": "11", "SD1neg": "14.7", "SD0": "16.1", "SD1": "17.7", "SD2": "19.4", "SD3": "21.2", "SD3neg": "12.1", "M": "16.1277", "L": "0.1118", "S": "0.09304", "SD2neg": "13.4"}, {"Week": "12", "SD1neg": "14.8", "SD0": "16.2", "SD1": "17.8", "SD2": "19.5", "SD3": "21.4", "SD3neg": "12.3", "M": "16.2485", "L": "0.0877", "S": "0.09279", "SD2neg": "13.5"}, {"Week": "13", "SD1neg": "14.9", "SD0": "16.4", "SD1": "17.9", "SD2": "19.7", "SD3": "21.5", "SD3neg": "12.4", "M": "16.3531", "L": "0.0652", "S": "0.09255", "SD2neg": "13.6"}]