[{"Week": "0", "SD1neg": "32.7", "SD0": "33.9", "SD1": "35.1", "SD2": "36.2", "SD3": "37.4", "SD3neg": "30.3", "M": "33.8787", "L": "1", "S": "0.03496", "SD2neg": "31.5", "SD": "1.1844"}, {"Week": "1", "SD1neg": "33.4", "SD0": "34.6", "SD1": "35.7", "SD2": "36.9", "SD3": "38.1", "SD3neg": "31.1", "M": "34.5529", "L": "1", "S": "0.03374", "SD2neg": "32.2", "SD": "1.1658"}, {"Week": "2", "SD1neg": "34.1", "SD0": "35.2", "SD1": "36.4", "SD2": "37.5", "SD3": "38.7", "SD3neg": "31.8", "M": "35.2272", "L": "1", "S": "0.03251", "SD2neg": "32.9", "SD": "1.1452"}, {"Week": "3", "SD1neg": "34.7", "SD0": "35.8", "SD1": "37.0", "SD2": "38.2", "SD3": "39.3", "SD3neg": "32.4", "M": "35.8430", "L": "1", "S": "0.03231", "SD2neg": "33.5", "SD": "1.1581"}, {"Week": "4", "SD1neg": "35.2", "SD0": "36.4", "SD1": "37.5", "SD2": "38.7", "SD3": "39.9", "SD3neg": "32.9", "M": "36.3761", "L": "1", "S": "0.03215", "SD2neg": "34.0", "SD": "1.1695"}, {"Week": "5", "SD1neg": "35.7", "SD0": "36.8", "SD1": "38.0", "SD2": "39.2", "SD3": "40.4", "SD3neg": "33.3", "M": "36.8472", "L": "1", "S": "0.03202", "SD2neg": "34.5", "SD": "1.1799"}, {"Week": "6", "SD1neg": "36.1", "SD0": "37.3", "SD1": "38.5", "SD2": "39.6", "SD3": "40.8", "SD3neg": "33.7", "M": "37.2711", "L": "1", "S": "0.03191", "SD2neg": "34.9", "SD": "1.1893"}, {"Week": "7", "SD1neg": "36.5", "SD0": "37.7", "SD1": "38.9", "SD2": "40.1", "SD3": "41.3", "SD3neg": "34.1", "M": "37.6584", "L": "1", "S": "0.03182", "SD2neg": "35.3", "SD": "1.1983"}, {"Week": "8", "SD1neg": "36.8", "SD0": "38.0", "SD1": "39.2", "SD2": "40.4", "SD3": "41.6", "SD3neg": "34.4", "M": "38.0167", "L": "1", "S": "0.03173", "SD2neg": "35.6", "SD": "1.2063"}, {"Week": "9", "SD1neg": "37.1", "SD0": "38.4", "SD1": "39.6", "SD2": "40.8", "SD3": "42.0", "SD3neg": "34.7", "M": "38.3516", "L": "1", "S": "0.03166", "SD2neg": "35.9", "SD": "1.2142"}, {"Week": "10", "SD1neg": "37.4", "SD0": "38.7", "SD1": "39.9", "SD2": "41.1", "SD3": "42.3", "SD3neg": "35.0", "M": "38.6673", "L": "1", "S": "0.03158", "SD2neg": "36.2", "SD": "1.2211"}, {"Week": "11", "SD1neg": "37.7", "SD0": "39.0", "SD1": "40.2", "SD2": "41.4", "SD3": "42.7", "SD3neg": "35.3", "M": "38.9661", "L": "1", "S": "0.03152", "SD2neg": "36.5", "SD": "1.2282"}, {"Week": "12", "SD1neg": "38.0", "SD0": "39.3", "SD1": "40.5", "SD2": "41.7", "SD3": "43.0", "SD3neg": "35.5", "M": "39.2501", "L": "1", "S": "0.03146", "SD2neg": "36.8", "SD": "1.2348"}, {"Week": "13", "SD1neg": "38.3", "SD0": "39.5", "SD1": "40.8", "SD2": "42.0", "SD3": "43.2", "SD3neg": "35.8", "M": "39.5210", "L": "1", "S": "0.03140", "SD2neg": "37.0", "SD": "1.2410"}]