[{
		"SD0": "34.5",
		"SD1": "35.7",
		"SD2": "37.0",
		"SD3": "38.3",
		"M": "34.4618",
		"L": "1",
		"SD1neg": "33.2",
		"SD3neg": "30.7",
		"S": "0.03686",
		"Month": "0",
		"SD2neg": "31.9",
		"SD": "1.2703"
	},
	{
		"SD0": "37.3",
		"SD1": "38.4",
		"SD2": "39.6",
		"SD3": "40.8",
		"M": "37.2759",
		"L": "1",
		"SD1neg": "36.1",
		"SD3neg": "33.8",
		"S": "0.03133",
		"Month": "1",
		"SD2neg": "34.9",
		"SD": "1.1679"
	},
	{
		"SD0": "39.1",
		"SD1": "40.3",
		"SD2": "41.5",
		"SD3": "42.6",
		"M": "39.1285",
		"L": "1",
		"SD1neg": "38.0",
		"SD3neg": "35.6",
		"S": "0.02997",
		"Month": "2",
		"SD2neg": "36.8",
		"SD": "1.1727"
	},
	{
		"SD0": "40.5",
		"SD1": "41.7",
		"SD2": "42.9",
		"SD3": "44.1",
		"M": "40.5135",
		"L": "1",
		"SD1neg": "39.3",
		"SD3neg": "37.0",
		"S": "0.02918",
		"Month": "3",
		"SD2neg": "38.1",
		"SD": "1.1822"
	},
	{
		"SD0": "41.6",
		"SD1": "42.8",
		"SD2": "44.0",
		"SD3": "45.2",
		"M": "41.6317",
		"L": "1",
		"SD1neg": "40.4",
		"SD3neg": "38.0",
		"S": "0.02868",
		"Month": "4",
		"SD2neg": "39.2",
		"SD": "1.1940"
	},
	{
		"SD0": "42.6",
		"SD1": "43.8",
		"SD2": "45.0",
		"SD3": "46.2",
		"M": "42.5576",
		"L": "1",
		"SD1neg": "41.4",
		"SD3neg": "38.9",
		"S": "0.02837",
		"Month": "5",
		"SD2neg": "40.1",
		"SD": "1.2074"
	},
	{
		"SD0": "43.3",
		"SD1": "44.6",
		"SD2": "45.8",
		"SD3": "47.0",
		"M": "43.3306",
		"L": "1",
		"SD1neg": "42.1",
		"SD3neg": "39.7",
		"S": "0.02817",
		"Month": "6",
		"SD2neg": "40.9",
		"SD": "1.2206"
	},
	{
		"SD0": "44.0",
		"SD1": "45.2",
		"SD2": "46.4",
		"SD3": "47.7",
		"M": "43.9803",
		"L": "1",
		"SD1neg": "42.7",
		"SD3neg": "40.3",
		"S": "0.02804",
		"Month": "7",
		"SD2neg": "41.5",
		"SD": "1.2332"
	},
	{
		"SD0": "44.5",
		"SD1": "45.8",
		"SD2": "47.0",
		"SD3": "48.3",
		"M": "44.5300",
		"L": "1",
		"SD1neg": "43.3",
		"SD3neg": "40.8",
		"S": "0.02796",
		"Month": "8",
		"SD2neg": "42.0",
		"SD": "1.2451"
	},
	{
		"SD0": "45.0",
		"SD1": "46.3",
		"SD2": "47.5",
		"SD3": "48.8",
		"M": "44.9998",
		"L": "1",
		"SD1neg": "43.7",
		"SD3neg": "41.2",
		"S": "0.02792",
		"Month": "9",
		"SD2neg": "42.5",
		"SD": "1.2564"
	},
	{
		"SD0": "45.4",
		"SD1": "46.7",
		"SD2": "47.9",
		"SD3": "49.2",
		"M": "45.4051",
		"L": "1",
		"SD1neg": "44.1",
		"SD3neg": "41.6",
		"S": "0.02790",
		"Month": "10",
		"SD2neg": "42.9",
		"SD": "1.2668"
	},
	{
		"SD0": "45.8",
		"SD1": "47.0",
		"SD2": "48.3",
		"SD3": "49.6",
		"M": "45.7573",
		"L": "1",
		"SD1neg": "44.5",
		"SD3neg": "41.9",
		"S": "0.02789",
		"Month": "11",
		"SD2neg": "43.2",
		"SD": "1.2762"
	},
	{
		"SD0": "46.1",
		"SD1": "47.4",
		"SD2": "48.6",
		"SD3": "49.9",
		"M": "46.0661",
		"L": "1",
		"SD1neg": "44.8",
		"SD3neg": "42.2",
		"S": "0.02789",
		"Month": "12",
		"SD2neg": "43.5",
		"SD": "1.2848"
	},
	{
		"SD0": "46.3",
		"SD1": "47.6",
		"SD2": "48.9",
		"SD3": "50.2",
		"M": "46.3395",
		"L": "1",
		"SD1neg": "45.0",
		"SD3neg": "42.5",
		"S": "0.02789",
		"Month": "13",
		"SD2neg": "43.8",
		"SD": "1.2924"
	},
	{
		"SD0": "46.6",
		"SD1": "47.9",
		"SD2": "49.2",
		"SD3": "50.5",
		"M": "46.5844",
		"L": "1",
		"SD1neg": "45.3",
		"SD3neg": "42.7",
		"S": "0.02791",
		"Month": "14",
		"SD2neg": "44.0",
		"SD": "1.3002"
	},
	{
		"SD0": "46.8",
		"SD1": "48.1",
		"SD2": "49.4",
		"SD3": "50.7",
		"M": "46.8060",
		"L": "1",
		"SD1neg": "45.5",
		"SD3neg": "42.9",
		"S": "0.02792",
		"Month": "15",
		"SD2neg": "44.2",
		"SD": "1.3068"
	},
	{
		"SD0": "47.0",
		"SD1": "48.3",
		"SD2": "49.6",
		"SD3": "51.0",
		"M": "47.0088",
		"L": "1",
		"SD1neg": "45.7",
		"SD3neg": "43.1",
		"S": "0.02795",
		"Month": "16",
		"SD2neg": "44.4",
		"SD": "1.3139"
	},
	{
		"SD0": "47.2",
		"SD1": "48.5",
		"SD2": "49.8",
		"SD3": "51.2",
		"M": "47.1962",
		"L": "1",
		"SD1neg": "45.9",
		"SD3neg": "43.2",
		"S": "0.02797",
		"Month": "17",
		"SD2neg": "44.6",
		"SD": "1.3201"
	},
	{
		"SD0": "47.4",
		"SD1": "48.7",
		"SD2": "50.0",
		"SD3": "51.4",
		"M": "47.3711",
		"L": "1",
		"SD1neg": "46.0",
		"SD3neg": "43.4",
		"S": "0.02800",
		"Month": "18",
		"SD2neg": "44.7",
		"SD": "1.3264"
	},
	{
		"SD0": "47.5",
		"SD1": "48.9",
		"SD2": "50.2",
		"SD3": "51.5",
		"M": "47.5357",
		"L": "1",
		"SD1neg": "46.2",
		"SD3neg": "43.5",
		"S": "0.02803",
		"Month": "19",
		"SD2neg": "44.9",
		"SD": "1.3324"
	},
	{
		"SD0": "47.7",
		"SD1": "49.0",
		"SD2": "50.4",
		"SD3": "51.7",
		"M": "47.6919",
		"L": "1",
		"SD1neg": "46.4",
		"SD3neg": "43.7",
		"S": "0.02806",
		"Month": "20",
		"SD2neg": "45.0",
		"SD": "1.3382"
	},
	{
		"SD0": "47.8",
		"SD1": "49.2",
		"SD2": "50.5",
		"SD3": "51.9",
		"M": "47.8408",
		"L": "1",
		"SD1neg": "46.5",
		"SD3neg": "43.8",
		"S": "0.02810",
		"Month": "21",
		"SD2neg": "45.2",
		"SD": "1.3443"
	},
	{
		"SD0": "48.0",
		"SD1": "49.3",
		"SD2": "50.7",
		"SD3": "52.0",
		"M": "47.9833",
		"L": "1",
		"SD1neg": "46.6",
		"SD3neg": "43.9",
		"S": "0.02813",
		"Month": "22",
		"SD2neg": "45.3",
		"SD": "1.3498"
	},
	{
		"SD0": "48.1",
		"SD1": "49.5",
		"SD2": "50.8",
		"SD3": "52.2",
		"M": "48.1201",
		"L": "1",
		"SD1neg": "46.8",
		"SD3neg": "44.1",
		"S": "0.02817",
		"Month": "23",
		"SD2neg": "45.4",
		"SD": "1.3555"
	},
	{
		"SD0": "48.3",
		"SD1": "49.6",
		"SD2": "51.0",
		"SD3": "52.3",
		"M": "48.2515",
		"L": "1",
		"SD1neg": "46.9",
		"SD3neg": "44.2",
		"S": "0.02821",
		"Month": "24",
		"SD2neg": "45.5",
		"SD": "1.3612"
	},
	{
		"SD0": "48.4",
		"SD1": "49.7",
		"SD2": "51.1",
		"SD3": "52.5",
		"M": "48.3777",
		"L": "1",
		"SD1neg": "47.0",
		"SD3neg": "44.3",
		"S": "0.02825",
		"Month": "25",
		"SD2neg": "45.6",
		"SD": "1.3667"
	},
	{
		"SD0": "48.5",
		"SD1": "49.9",
		"SD2": "51.2",
		"SD3": "52.6",
		"M": "48.4989",
		"L": "1",
		"SD1neg": "47.1",
		"SD3neg": "44.4",
		"S": "0.02830",
		"Month": "26",
		"SD2neg": "45.8",
		"SD": "1.3725"
	},
	{
		"SD0": "48.6",
		"SD1": "50.0",
		"SD2": "51.4",
		"SD3": "52.7",
		"M": "48.6151",
		"L": "1",
		"SD1neg": "47.2",
		"SD3neg": "44.5",
		"S": "0.02834",
		"Month": "27",
		"SD2neg": "45.9",
		"SD": "1.3778"
	},
	{
		"SD0": "48.7",
		"SD1": "50.1",
		"SD2": "51.5",
		"SD3": "52.9",
		"M": "48.7264",
		"L": "1",
		"SD1neg": "47.3",
		"SD3neg": "44.6",
		"S": "0.02838",
		"Month": "28",
		"SD2neg": "46.0",
		"SD": "1.3829"
	},
	{
		"SD0": "48.8",
		"SD1": "50.2",
		"SD2": "51.6",
		"SD3": "53.0",
		"M": "48.8331",
		"L": "1",
		"SD1neg": "47.4",
		"SD3neg": "44.7",
		"S": "0.02842",
		"Month": "29",
		"SD2neg": "46.1",
		"SD": "1.3878"
	},
	{
		"SD0": "48.9",
		"SD1": "50.3",
		"SD2": "51.7",
		"SD3": "53.1",
		"M": "48.9351",
		"L": "1",
		"SD1neg": "47.5",
		"SD3neg": "44.8",
		"S": "0.02847",
		"Month": "30",
		"SD2neg": "46.1",
		"SD": "1.3932"
	},
	{
		"SD0": "49.0",
		"SD1": "50.4",
		"SD2": "51.8",
		"SD3": "53.2",
		"M": "49.0327",
		"L": "1",
		"SD1neg": "47.6",
		"SD3neg": "44.8",
		"S": "0.02851",
		"Month": "31",
		"SD2neg": "46.2",
		"SD": "1.3979"
	},
	{
		"SD0": "49.1",
		"SD1": "50.5",
		"SD2": "51.9",
		"SD3": "53.3",
		"M": "49.1260",
		"L": "1",
		"SD1neg": "47.7",
		"SD3neg": "44.9",
		"S": "0.02855",
		"Month": "32",
		"SD2neg": "46.3",
		"SD": "1.4026"
	},
	{
		"SD0": "49.2",
		"SD1": "50.6",
		"SD2": "52.0",
		"SD3": "53.4",
		"M": "49.2153",
		"L": "1",
		"SD1neg": "47.8",
		"SD3neg": "45.0",
		"S": "0.02859",
		"Month": "33",
		"SD2neg": "46.4",
		"SD": "1.4071"
	},
	{
		"SD0": "49.3",
		"SD1": "50.7",
		"SD2": "52.1",
		"SD3": "53.5",
		"M": "49.3007",
		"L": "1",
		"SD1neg": "47.9",
		"SD3neg": "45.1",
		"S": "0.02863",
		"Month": "34",
		"SD2neg": "46.5",
		"SD": "1.4115"
	},
	{
		"SD0": "49.4",
		"SD1": "50.8",
		"SD2": "52.2",
		"SD3": "53.6",
		"M": "49.3826",
		"L": "1",
		"SD1neg": "48.0",
		"SD3neg": "45.1",
		"S": "0.02867",
		"Month": "35",
		"SD2neg": "46.6",
		"SD": "1.4158"
	},
	{
		"SD0": "49.5",
		"SD1": "50.9",
		"SD2": "52.3",
		"SD3": "53.7",
		"M": "49.4612",
		"L": "1",
		"SD1neg": "48.0",
		"SD3neg": "45.2",
		"S": "0.02871",
		"Month": "36",
		"SD2neg": "46.6",
		"SD": "1.4200"
	},
	{
		"SD0": "49.5",
		"SD1": "51.0",
		"SD2": "52.4",
		"SD3": "53.8",
		"M": "49.5367",
		"L": "1",
		"SD1neg": "48.1",
		"SD3neg": "45.3",
		"S": "0.02875",
		"Month": "37",
		"SD2neg": "46.7",
		"SD": "1.4242"
	},
	{
		"SD0": "49.6",
		"SD1": "51.0",
		"SD2": "52.5",
		"SD3": "53.9",
		"M": "49.6093",
		"L": "1",
		"SD1neg": "48.2",
		"SD3neg": "45.3",
		"S": "0.02878",
		"Month": "38",
		"SD2neg": "46.8",
		"SD": "1.4278"
	},
	{
		"SD0": "49.7",
		"SD1": "51.1",
		"SD2": "52.5",
		"SD3": "54.0",
		"M": "49.6791",
		"L": "1",
		"SD1neg": "48.2",
		"SD3neg": "45.4",
		"S": "0.02882",
		"Month": "39",
		"SD2neg": "46.8",
		"SD": "1.4318"
	},
	{
		"SD0": "49.7",
		"SD1": "51.2",
		"SD2": "52.6",
		"SD3": "54.1",
		"M": "49.7465",
		"L": "1",
		"SD1neg": "48.3",
		"SD3neg": "45.4",
		"S": "0.02886",
		"Month": "40",
		"SD2neg": "46.9",
		"SD": "1.4357"
	},
	{
		"SD0": "49.8",
		"SD1": "51.3",
		"SD2": "52.7",
		"SD3": "54.1",
		"M": "49.8116",
		"L": "1",
		"SD1neg": "48.4",
		"SD3neg": "45.5",
		"S": "0.02889",
		"Month": "41",
		"SD2neg": "46.9",
		"SD": "1.4391"
	},
	{
		"SD0": "49.9",
		"SD1": "51.3",
		"SD2": "52.8",
		"SD3": "54.2",
		"M": "49.8745",
		"L": "1",
		"SD1neg": "48.4",
		"SD3neg": "45.5",
		"S": "0.02893",
		"Month": "42",
		"SD2neg": "47.0",
		"SD": "1.4429"
	},
	{
		"SD0": "49.9",
		"SD1": "51.4",
		"SD2": "52.8",
		"SD3": "54.3",
		"M": "49.9354",
		"L": "1",
		"SD1neg": "48.5",
		"SD3neg": "45.6",
		"S": "0.02896",
		"Month": "43",
		"SD2neg": "47.0",
		"SD": "1.4461"
	},
	{
		"SD0": "50.0",
		"SD1": "51.4",
		"SD2": "52.9",
		"SD3": "54.3",
		"M": "49.9942",
		"L": "1",
		"SD1neg": "48.5",
		"SD3neg": "45.6",
		"S": "0.02899",
		"Month": "44",
		"SD2neg": "47.1",
		"SD": "1.4493"
	},
	{
		"SD0": "50.1",
		"SD1": "51.5",
		"SD2": "53.0",
		"SD3": "54.4",
		"M": "50.0512",
		"L": "1",
		"SD1neg": "48.6",
		"SD3neg": "45.7",
		"S": "0.02903",
		"Month": "45",
		"SD2neg": "47.1",
		"SD": "1.4530"
	},
	{
		"SD0": "50.1",
		"SD1": "51.6",
		"SD2": "53.0",
		"SD3": "54.5",
		"M": "50.1064",
		"L": "1",
		"SD1neg": "48.7",
		"SD3neg": "45.7",
		"S": "0.02906",
		"Month": "46",
		"SD2neg": "47.2",
		"SD": "1.4561"
	},
	{
		"SD0": "50.2",
		"SD1": "51.6",
		"SD2": "53.1",
		"SD3": "54.5",
		"M": "50.1598",
		"L": "1",
		"SD1neg": "48.7",
		"SD3neg": "45.8",
		"S": "0.02909",
		"Month": "47",
		"SD2neg": "47.2",
		"SD": "1.4592"
	},
	{
		"SD0": "50.2",
		"SD1": "51.7",
		"SD2": "53.1",
		"SD3": "54.6",
		"M": "50.2115",
		"L": "1",
		"SD1neg": "48.7",
		"SD3neg": "45.8",
		"S": "0.02912",
		"Month": "48",
		"SD2neg": "47.3",
		"SD": "1.4622"
	},
	{
		"SD0": "50.3",
		"SD1": "51.7",
		"SD2": "53.2",
		"SD3": "54.7",
		"M": "50.2617",
		"L": "1",
		"SD1neg": "48.8",
		"SD3neg": "45.9",
		"S": "0.02915",
		"Month": "49",
		"SD2neg": "47.3",
		"SD": "1.4651"
	},
	{
		"SD0": "50.3",
		"SD1": "51.8",
		"SD2": "53.2",
		"SD3": "54.7",
		"M": "50.3105",
		"L": "1",
		"SD1neg": "48.8",
		"SD3neg": "45.9",
		"S": "0.02918",
		"Month": "50",
		"SD2neg": "47.4",
		"SD": "1.4681"
	},
	{
		"SD0": "50.4",
		"SD1": "51.8",
		"SD2": "53.3",
		"SD3": "54.8",
		"M": "50.3578",
		"L": "1",
		"SD1neg": "48.9",
		"SD3neg": "45.9",
		"S": "0.02921",
		"Month": "51",
		"SD2neg": "47.4",
		"SD": "1.4710"
	},
	{
		"SD0": "50.4",
		"SD1": "51.9",
		"SD2": "53.4",
		"SD3": "54.8",
		"M": "50.4039",
		"L": "1",
		"SD1neg": "48.9",
		"SD3neg": "46.0",
		"S": "0.02924",
		"Month": "52",
		"SD2neg": "47.5",
		"SD": "1.4738"
	},
	{
		"SD0": "50.4",
		"SD1": "51.9",
		"SD2": "53.4",
		"SD3": "54.9",
		"M": "50.4488",
		"L": "1",
		"SD1neg": "49.0",
		"SD3neg": "46.0",
		"S": "0.02927",
		"Month": "53",
		"SD2neg": "47.5",
		"SD": "1.4766"
	},
	{
		"SD0": "50.5",
		"SD1": "52.0",
		"SD2": "53.5",
		"SD3": "54.9",
		"M": "50.4926",
		"L": "1",
		"SD1neg": "49.0",
		"SD3neg": "46.1",
		"S": "0.02929",
		"Month": "54",
		"SD2neg": "47.5",
		"SD": "1.4789"
	},
	{
		"SD0": "50.5",
		"SD1": "52.0",
		"SD2": "53.5",
		"SD3": "55.0",
		"M": "50.5354",
		"L": "1",
		"SD1neg": "49.1",
		"SD3neg": "46.1",
		"S": "0.02932",
		"Month": "55",
		"SD2neg": "47.6",
		"SD": "1.4817"
	},
	{
		"SD0": "50.6",
		"SD1": "52.1",
		"SD2": "53.5",
		"SD3": "55.0",
		"M": "50.5772",
		"L": "1",
		"SD1neg": "49.1",
		"SD3neg": "46.1",
		"S": "0.02935",
		"Month": "56",
		"SD2neg": "47.6",
		"SD": "1.4844"
	},
	{
		"SD0": "50.6",
		"SD1": "52.1",
		"SD2": "53.6",
		"SD3": "55.1",
		"M": "50.6183",
		"L": "1",
		"SD1neg": "49.1",
		"SD3neg": "46.2",
		"S": "0.02938",
		"Month": "57",
		"SD2neg": "47.6",
		"SD": "1.4872"
	},
	{
		"SD0": "50.7",
		"SD1": "52.1",
		"SD2": "53.6",
		"SD3": "55.1",
		"M": "50.6587",
		"L": "1",
		"SD1neg": "49.2",
		"SD3neg": "46.2",
		"S": "0.02940",
		"Month": "58",
		"SD2neg": "47.7",
		"SD": "1.4894"
	},
	{
		"SD0": "50.7",
		"SD1": "52.2",
		"SD2": "53.7",
		"SD3": "55.2",
		"M": "50.6984",
		"L": "1",
		"SD1neg": "49.2",
		"SD3neg": "46.2",
		"S": "0.02943",
		"Month": "59",
		"SD2neg": "47.7",
		"SD": "1.4921"
	},
	{
		"SD0": "50.7",
		"SD1": "52.2",
		"SD2": "53.7",
		"SD3": "55.2",
		"M": "50.7375",
		"L": "1",
		"SD1neg": "49.2",
		"SD3neg": "46.3",
		"S": "0.02946",
		"Month": "60",
		"SD2neg": "47.7",
		"SD": "1.4947"}]
