[{
		"SD0": "33.9",
		"SD1": "35.1",
		"SD2": "36.2",
		"SD3": "37.4",
		"M": "33.8787",
		"L": "1",
		"SD1neg": "32.7",
		"SD3neg": "30.3",
		"S": "0.03496",
		"Month": "0",
		"SD2neg": "31.5",
		"SD": "1.1844"
	},
	{
		"SD0": "36.5",
		"SD1": "37.7",
		"SD2": "38.9",
		"SD3": "40.1",
		"M": "36.5463",
		"L": "1",
		"SD1neg": "35.4",
		"SD3neg": "33.0",
		"S": "0.03210",
		"Month": "1",
		"SD2neg": "34.2",
		"SD": "1.1731"
	},
	{
		"SD0": "38.3",
		"SD1": "39.5",
		"SD2": "40.7",
		"SD3": "41.9",
		"M": "38.2521",
		"L": "1",
		"SD1neg": "37.0",
		"SD3neg": "34.6",
		"S": "0.03168",
		"Month": "2",
		"SD2neg": "35.8",
		"SD": "1.2118"
	},
	{
		"SD0": "39.5",
		"SD1": "40.8",
		"SD2": "42.0",
		"SD3": "43.3",
		"M": "39.5328",
		"L": "1",
		"SD1neg": "38.3",
		"SD3neg": "35.8",
		"S": "0.03140",
		"Month": "3",
		"SD2neg": "37.1",
		"SD": "1.2413"
	},
	{
		"SD0": "40.6",
		"SD1": "41.8",
		"SD2": "43.1",
		"SD3": "44.4",
		"M": "40.5817",
		"L": "1",
		"SD1neg": "39.3",
		"SD3neg": "36.8",
		"S": "0.03119",
		"Month": "4",
		"SD2neg": "38.1",
		"SD": "1.2657"
	},
	{
		"SD0": "41.5",
		"SD1": "42.7",
		"SD2": "44.0",
		"SD3": "45.3",
		"M": "41.4590",
		"L": "1",
		"SD1neg": "40.2",
		"SD3neg": "37.6",
		"S": "0.03102",
		"Month": "5",
		"SD2neg": "38.9",
		"SD": "1.2861"
	},
	{
		"SD0": "42.2",
		"SD1": "43.5",
		"SD2": "44.8",
		"SD3": "46.1",
		"M": "42.1995",
		"L": "1",
		"SD1neg": "40.9",
		"SD3neg": "38.3",
		"S": "0.03087",
		"Month": "6",
		"SD2neg": "39.6",
		"SD": "1.3027"
	},
	{
		"SD0": "42.8",
		"SD1": "44.1",
		"SD2": "45.5",
		"SD3": "46.8",
		"M": "42.8290",
		"L": "1",
		"SD1neg": "41.5",
		"SD3neg": "38.9",
		"S": "0.03075",
		"Month": "7",
		"SD2neg": "40.2",
		"SD": "1.3170"
	},
	{
		"SD0": "43.4",
		"SD1": "44.7",
		"SD2": "46.0",
		"SD3": "47.4",
		"M": "43.3671",
		"L": "1",
		"SD1neg": "42.0",
		"SD3neg": "39.4",
		"S": "0.03063",
		"Month": "8",
		"SD2neg": "40.7",
		"SD": "1.3283"
	},
	{
		"SD0": "43.8",
		"SD1": "45.2",
		"SD2": "46.5",
		"SD3": "47.8",
		"M": "43.8300",
		"L": "1",
		"SD1neg": "42.5",
		"SD3neg": "39.8",
		"S": "0.03053",
		"Month": "9",
		"SD2neg": "41.2",
		"SD": "1.3381"
	},
	{
		"SD0": "44.2",
		"SD1": "45.6",
		"SD2": "46.9",
		"SD3": "48.3",
		"M": "44.2319",
		"L": "1",
		"SD1neg": "42.9",
		"SD3neg": "40.2",
		"S": "0.03044",
		"Month": "10",
		"SD2neg": "41.5",
		"SD": "1.3464"
	},
	{
		"SD0": "44.6",
		"SD1": "45.9",
		"SD2": "47.3",
		"SD3": "48.6",
		"M": "44.5844",
		"L": "1",
		"SD1neg": "43.2",
		"SD3neg": "40.5",
		"S": "0.03035",
		"Month": "11",
		"SD2neg": "41.9",
		"SD": "1.3531"
	},
	{
		"SD0": "44.9",
		"SD1": "46.3",
		"SD2": "47.6",
		"SD3": "49.0",
		"M": "44.8965",
		"L": "1",
		"SD1neg": "43.5",
		"SD3neg": "40.8",
		"S": "0.03027",
		"Month": "12",
		"SD2neg": "42.2",
		"SD": "1.3590"
	},
	{
		"SD0": "45.2",
		"SD1": "46.5",
		"SD2": "47.9",
		"SD3": "49.3",
		"M": "45.1752",
		"L": "1",
		"SD1neg": "43.8",
		"SD3neg": "41.1",
		"S": "0.03019",
		"Month": "13",
		"SD2neg": "42.4",
		"SD": "1.3638"
	},
	{
		"SD0": "45.4",
		"SD1": "46.8",
		"SD2": "48.2",
		"SD3": "49.5",
		"M": "45.4265",
		"L": "1",
		"SD1neg": "44.1",
		"SD3neg": "41.3",
		"S": "0.03012",
		"Month": "14",
		"SD2neg": "42.7",
		"SD": "1.3683"
	},
	{
		"SD0": "45.7",
		"SD1": "47.0",
		"SD2": "48.4",
		"SD3": "49.8",
		"M": "45.6551",
		"L": "1",
		"SD1neg": "44.3",
		"SD3neg": "41.5",
		"S": "0.03006",
		"Month": "15",
		"SD2neg": "42.9",
		"SD": "1.3724"
	},
	{
		"SD0": "45.9",
		"SD1": "47.2",
		"SD2": "48.6",
		"SD3": "50.0",
		"M": "45.8650",
		"L": "1",
		"SD1neg": "44.5",
		"SD3neg": "41.7",
		"S": "0.02999",
		"Month": "16",
		"SD2neg": "43.1",
		"SD": "1.3755"
	},
	{
		"SD0": "46.1",
		"SD1": "47.4",
		"SD2": "48.8",
		"SD3": "50.2",
		"M": "46.0598",
		"L": "1",
		"SD1neg": "44.7",
		"SD3neg": "41.9",
		"S": "0.02993",
		"Month": "17",
		"SD2neg": "43.3",
		"SD": "1.3786"
	},
	{
		"SD0": "46.2",
		"SD1": "47.6",
		"SD2": "49.0",
		"SD3": "50.4",
		"M": "46.2424",
		"L": "1",
		"SD1neg": "44.9",
		"SD3neg": "42.1",
		"S": "0.02987",
		"Month": "18",
		"SD2neg": "43.5",
		"SD": "1.3813"
	},
	{
		"SD0": "46.4",
		"SD1": "47.8",
		"SD2": "49.2",
		"SD3": "50.6",
		"M": "46.4152",
		"L": "1",
		"SD1neg": "45.0",
		"SD3neg": "42.3",
		"S": "0.02982",
		"Month": "19",
		"SD2neg": "43.6",
		"SD": "1.3841"
	},
	{
		"SD0": "46.6",
		"SD1": "48.0",
		"SD2": "49.4",
		"SD3": "50.7",
		"M": "46.5801",
		"L": "1",
		"SD1neg": "45.2",
		"SD3neg": "42.4",
		"S": "0.02977",
		"Month": "20",
		"SD2neg": "43.8",
		"SD": "1.3867"
	},
	{
		"SD0": "46.7",
		"SD1": "48.1",
		"SD2": "49.5",
		"SD3": "50.9",
		"M": "46.7384",
		"L": "1",
		"SD1neg": "45.3",
		"SD3neg": "42.6",
		"S": "0.02972",
		"Month": "21",
		"SD2neg": "44.0",
		"SD": "1.3891"
	},
	{
		"SD0": "46.9",
		"SD1": "48.3",
		"SD2": "49.7",
		"SD3": "51.1",
		"M": "46.8913",
		"L": "1",
		"SD1neg": "45.5",
		"SD3neg": "42.7",
		"S": "0.02967",
		"Month": "22",
		"SD2neg": "44.1",
		"SD": "1.3913"
	},
	{
		"SD0": "47.0",
		"SD1": "48.4",
		"SD2": "49.8",
		"SD3": "51.2",
		"M": "47.0391",
		"L": "1",
		"SD1neg": "45.6",
		"SD3neg": "42.9",
		"S": "0.02962",
		"Month": "23",
		"SD2neg": "44.3",
		"SD": "1.3933"
	},
	{
		"SD0": "47.2",
		"SD1": "48.6",
		"SD2": "50.0",
		"SD3": "51.4",
		"M": "47.1822",
		"L": "1",
		"SD1neg": "45.8",
		"SD3neg": "43.0",
		"S": "0.02957",
		"Month": "24",
		"SD2neg": "44.4",
		"SD": "1.3952"
	},
	{
		"SD0": "47.3",
		"SD1": "48.7",
		"SD2": "50.1",
		"SD3": "51.5",
		"M": "47.3204",
		"L": "1",
		"SD1neg": "45.9",
		"SD3neg": "43.1",
		"S": "0.02953",
		"Month": "25",
		"SD2neg": "44.5",
		"SD": "1.3974"
	},
	{
		"SD0": "47.5",
		"SD1": "48.9",
		"SD2": "50.3",
		"SD3": "51.7",
		"M": "47.4536",
		"L": "1",
		"SD1neg": "46.1",
		"SD3neg": "43.3",
		"S": "0.02949",
		"Month": "26",
		"SD2neg": "44.7",
		"SD": "1.3994"
	},
	{
		"SD0": "47.6",
		"SD1": "49.0",
		"SD2": "50.4",
		"SD3": "51.8",
		"M": "47.5817",
		"L": "1",
		"SD1neg": "46.2",
		"SD3neg": "43.4",
		"S": "0.02945",
		"Month": "27",
		"SD2neg": "44.8",
		"SD": "1.4013"
	},
	{
		"SD0": "47.7",
		"SD1": "49.1",
		"SD2": "50.5",
		"SD3": "51.9",
		"M": "47.7045",
		"L": "1",
		"SD1neg": "46.3",
		"SD3neg": "43.5",
		"S": "0.02941",
		"Month": "28",
		"SD2neg": "44.9",
		"SD": "1.4030"
	},
	{
		"SD0": "47.8",
		"SD1": "49.2",
		"SD2": "50.6",
		"SD3": "52.0",
		"M": "47.8219",
		"L": "1",
		"SD1neg": "46.4",
		"SD3neg": "43.6",
		"S": "0.02937",
		"Month": "29",
		"SD2neg": "45.0",
		"SD": "1.4045"
	},
	{
		"SD0": "47.9",
		"SD1": "49.3",
		"SD2": "50.7",
		"SD3": "52.2",
		"M": "47.9340",
		"L": "1",
		"SD1neg": "46.5",
		"SD3neg": "43.7",
		"S": "0.02933",
		"Month": "30",
		"SD2neg": "45.1",
		"SD": "1.4059"
	},
	{
		"SD0": "48.0",
		"SD1": "49.4",
		"SD2": "50.9",
		"SD3": "52.3",
		"M": "48.0410",
		"L": "1",
		"SD1neg": "46.6",
		"SD3neg": "43.8",
		"S": "0.02929",
		"Month": "31",
		"SD2neg": "45.2",
		"SD": "1.4071"
	},
	{
		"SD0": "48.1",
		"SD1": "49.6",
		"SD2": "51.0",
		"SD3": "52.4",
		"M": "48.1432",
		"L": "1",
		"SD1neg": "46.7",
		"SD3neg": "43.9",
		"S": "0.02926",
		"Month": "32",
		"SD2neg": "45.3",
		"SD": "1.4087"
	},
	{
		"SD0": "48.2",
		"SD1": "49.7",
		"SD2": "51.1",
		"SD3": "52.5",
		"M": "48.2408",
		"L": "1",
		"SD1neg": "46.8",
		"SD3neg": "44.0",
		"S": "0.02922",
		"Month": "33",
		"SD2neg": "45.4",
		"SD": "1.4096"
	},
	{
		"SD0": "48.3",
		"SD1": "49.7",
		"SD2": "51.2",
		"SD3": "52.6",
		"M": "48.3343",
		"L": "1",
		"SD1neg": "46.9",
		"SD3neg": "44.1",
		"S": "0.02919",
		"Month": "34",
		"SD2neg": "45.5",
		"SD": "1.4109"
	},
	{
		"SD0": "48.4",
		"SD1": "49.8",
		"SD2": "51.2",
		"SD3": "52.7",
		"M": "48.4239",
		"L": "1",
		"SD1neg": "47.0",
		"SD3neg": "44.2",
		"S": "0.02915",
		"Month": "35",
		"SD2neg": "45.6",
		"SD": "1.4116"
	},
	{
		"SD0": "48.5",
		"SD1": "49.9",
		"SD2": "51.3",
		"SD3": "52.7",
		"M": "48.5099",
		"L": "1",
		"SD1neg": "47.1",
		"SD3neg": "44.3",
		"S": "0.02912",
		"Month": "36",
		"SD2neg": "45.7",
		"SD": "1.4126"
	},
	{
		"SD0": "48.6",
		"SD1": "50.0",
		"SD2": "51.4",
		"SD3": "52.8",
		"M": "48.5926",
		"L": "1",
		"SD1neg": "47.2",
		"SD3neg": "44.4",
		"S": "0.02909",
		"Month": "37",
		"SD2neg": "45.8",
		"SD": "1.4136"
	},
	{
		"SD0": "48.7",
		"SD1": "50.1",
		"SD2": "51.5",
		"SD3": "52.9",
		"M": "48.6722",
		"L": "1",
		"SD1neg": "47.3",
		"SD3neg": "44.4",
		"S": "0.02906",
		"Month": "38",
		"SD2neg": "45.8",
		"SD": "1.4144"
	},
	{
		"SD0": "48.7",
		"SD1": "50.2",
		"SD2": "51.6",
		"SD3": "53.0",
		"M": "48.7489",
		"L": "1",
		"SD1neg": "47.3",
		"SD3neg": "44.5",
		"S": "0.02903",
		"Month": "39",
		"SD2neg": "45.9",
		"SD": "1.4152"
	},
	{
		"SD0": "48.8",
		"SD1": "50.2",
		"SD2": "51.7",
		"SD3": "53.1",
		"M": "48.8228",
		"L": "1",
		"SD1neg": "47.4",
		"SD3neg": "44.6",
		"S": "0.02900",
		"Month": "40",
		"SD2neg": "46.0",
		"SD": "1.4159"
	},
	{
		"SD0": "48.9",
		"SD1": "50.3",
		"SD2": "51.7",
		"SD3": "53.1",
		"M": "48.8941",
		"L": "1",
		"SD1neg": "47.5",
		"SD3neg": "44.6",
		"S": "0.02897",
		"Month": "41",
		"SD2neg": "46.1",
		"SD": "1.4165"
	},
	{
		"SD0": "49.0",
		"SD1": "50.4",
		"SD2": "51.8",
		"SD3": "53.2",
		"M": "48.9629",
		"L": "1",
		"SD1neg": "47.5",
		"SD3neg": "44.7",
		"S": "0.02894",
		"Month": "42",
		"SD2neg": "46.1",
		"SD": "1.4170"
	},
	{
		"SD0": "49.0",
		"SD1": "50.4",
		"SD2": "51.9",
		"SD3": "53.3",
		"M": "49.0294",
		"L": "1",
		"SD1neg": "47.6",
		"SD3neg": "44.8",
		"S": "0.02891",
		"Month": "43",
		"SD2neg": "46.2",
		"SD": "1.4174"
	},
	{
		"SD0": "49.1",
		"SD1": "50.5",
		"SD2": "51.9",
		"SD3": "53.3",
		"M": "49.0937",
		"L": "1",
		"SD1neg": "47.7",
		"SD3neg": "44.8",
		"S": "0.02888",
		"Month": "44",
		"SD2neg": "46.3",
		"SD": "1.4178"
	},
	{
		"SD0": "49.2",
		"SD1": "50.6",
		"SD2": "52.0",
		"SD3": "53.4",
		"M": "49.1560",
		"L": "1",
		"SD1neg": "47.7",
		"SD3neg": "44.9",
		"S": "0.02886",
		"Month": "45",
		"SD2neg": "46.3",
		"SD": "1.4186"
	},
	{
		"SD0": "49.2",
		"SD1": "50.6",
		"SD2": "52.1",
		"SD3": "53.5",
		"M": "49.2164",
		"L": "1",
		"SD1neg": "47.8",
		"SD3neg": "45.0",
		"S": "0.02883",
		"Month": "46",
		"SD2neg": "46.4",
		"SD": "1.4189"
	},
	{
		"SD0": "49.3",
		"SD1": "50.7",
		"SD2": "52.1",
		"SD3": "53.5",
		"M": "49.2751",
		"L": "1",
		"SD1neg": "47.9",
		"SD3neg": "45.0",
		"S": "0.02880",
		"Month": "47",
		"SD2neg": "46.4",
		"SD": "1.4191"
	},
	{
		"SD0": "49.3",
		"SD1": "50.8",
		"SD2": "52.2",
		"SD3": "53.6",
		"M": "49.3321",
		"L": "1",
		"SD1neg": "47.9",
		"SD3neg": "45.1",
		"S": "0.02878",
		"Month": "48",
		"SD2neg": "46.5",
		"SD": "1.4198"
	},
	{
		"SD0": "49.4",
		"SD1": "50.8",
		"SD2": "52.2",
		"SD3": "53.6",
		"M": "49.3877",
		"L": "1",
		"SD1neg": "48.0",
		"SD3neg": "45.1",
		"S": "0.02875",
		"Month": "49",
		"SD2neg": "46.5",
		"SD": "1.4199"
	},
	{
		"SD0": "49.4",
		"SD1": "50.9",
		"SD2": "52.3",
		"SD3": "53.7",
		"M": "49.4419",
		"L": "1",
		"SD1neg": "48.0",
		"SD3neg": "45.2",
		"S": "0.02873",
		"Month": "50",
		"SD2neg": "46.6",
		"SD": "1.4205"
	},
	{
		"SD0": "49.5",
		"SD1": "50.9",
		"SD2": "52.3",
		"SD3": "53.8",
		"M": "49.4947",
		"L": "1",
		"SD1neg": "48.1",
		"SD3neg": "45.2",
		"S": "0.02870",
		"Month": "51",
		"SD2neg": "46.7",
		"SD": "1.4205"
	},
	{
		"SD0": "49.5",
		"SD1": "51.0",
		"SD2": "52.4",
		"SD3": "53.8",
		"M": "49.5464",
		"L": "1",
		"SD1neg": "48.1",
		"SD3neg": "45.3",
		"S": "0.02868",
		"Month": "52",
		"SD2neg": "46.7",
		"SD": "1.4210"
	},
	{
		"SD0": "49.6",
		"SD1": "51.0",
		"SD2": "52.4",
		"SD3": "53.9",
		"M": "49.5969",
		"L": "1",
		"SD1neg": "48.2",
		"SD3neg": "45.3",
		"S": "0.02865",
		"Month": "53",
		"SD2neg": "46.8",
		"SD": "1.4210"
	},
	{
		"SD0": "49.6",
		"SD1": "51.1",
		"SD2": "52.5",
		"SD3": "53.9",
		"M": "49.6464",
		"L": "1",
		"SD1neg": "48.2",
		"SD3neg": "45.4",
		"S": "0.02863",
		"Month": "54",
		"SD2neg": "46.8",
		"SD": "1.4214"
	},
	{
		"SD0": "49.7",
		"SD1": "51.1",
		"SD2": "52.5",
		"SD3": "54.0",
		"M": "49.6947",
		"L": "1",
		"SD1neg": "48.3",
		"SD3neg": "45.4",
		"S": "0.02861",
		"Month": "55",
		"SD2neg": "46.9",
		"SD": "1.4218"
	},
	{
		"SD0": "49.7",
		"SD1": "51.2",
		"SD2": "52.6",
		"SD3": "54.0",
		"M": "49.7421",
		"L": "1",
		"SD1neg": "48.3",
		"SD3neg": "45.5",
		"S": "0.02859",
		"Month": "56",
		"SD2neg": "46.9",
		"SD": "1.4221"
	},
	{
		"SD0": "49.8",
		"SD1": "51.2",
		"SD2": "52.6",
		"SD3": "54.1",
		"M": "49.7885",
		"L": "1",
		"SD1neg": "48.4",
		"SD3neg": "45.5",
		"S": "0.02856",
		"Month": "57",
		"SD2neg": "46.9",
		"SD": "1.4220"
	},
	{
		"SD0": "49.8",
		"SD1": "51.3",
		"SD2": "52.7",
		"SD3": "54.1",
		"M": "49.8341",
		"L": "1",
		"SD1neg": "48.4",
		"SD3neg": "45.6",
		"S": "0.02854",
		"Month": "58",
		"SD2neg": "47.0",
		"SD": "1.4223"
	},
	{
		"SD0": "49.9",
		"SD1": "51.3",
		"SD2": "52.7",
		"SD3": "54.1",
		"M": "49.8789",
		"L": "1",
		"SD1neg": "48.5",
		"SD3neg": "45.6",
		"S": "0.02852",
		"Month": "59",
		"SD2neg": "47.0",
		"SD": "1.4226"
	},
	{
		"SD0": "49.9",
		"SD1": "51.3",
		"SD2": "52.8",
		"SD3": "54.2",
		"M": "49.9229",
		"L": "1",
		"SD1neg": "48.5",
		"SD3neg": "45.7",
		"S": "0.02850",
		"Month": "60",
		"SD2neg": "47.1",
		"SD": "1.4228"}]