[{
		"Month":"0",
		"L":"1",
		"M":"49.8842",
		"S":"0.03795",
		"SD":"1.8931",
		"SD3neg":"44.2",
		"SD2neg":"46.1",
		"SD1neg":"48",
		"SD0":"49.9",
		"SD1":"51.8",
		"SD2":"53.7",
		"SD3":"55.6"
	},
	{
		"Month":"1",
		"L":"1",
		"M":"54.7244",
		"S":"0.03557",
		"SD":"1.9465",
		"SD3neg":"48.9",
		"SD2neg":"50.8",
		"SD1neg":"52.8",
		"SD0":"54.7",
		"SD1":"56.7",
		"SD2":"58.6",
		"SD3":"60.6"
	},
	{
		"Month":"2",
		"L":"1",
		"M":"58.4249",
		"S":"0.03424",
		"SD":"2.0005",
		"SD3neg":"52.4",
		"SD2neg":"54.4",
		"SD1neg":"56.4",
		"SD0":"58.4",
		"SD1":"60.4",
		"SD2":"62.4",
		"SD3":"64.4"
	},
	{
		"Month":"3",
		"L":"1",
		"M":"61.4292",
		"S":"0.03328",
		"SD":"2.0444",
		"SD3neg":"55.3",
		"SD2neg":"57.3",
		"SD1neg":"59.4",
		"SD0":"61.4",
		"SD1":"63.5",
		"SD2":"65.5",
		"SD3":"67.6"
	},
	{
		"Month":"4",
		"L":"1",
		"M":"63.886",
		"S":"0.03257",
		"SD":"2.0808",
		"SD3neg":"57.6",
		"SD2neg":"59.7",
		"SD1neg":"61.8",
		"SD0":"63.9",
		"SD1":"66",
		"SD2":"68",
		"SD3":"70.1"
	},
	{
		"Month":"5",
		"L":"1",
		"M":"65.9026",
		"S":"0.03204",
		"SD":"2.1115",
		"SD3neg":"59.6",
		"SD2neg":"61.7",
		"SD1neg":"63.8",
		"SD0":"65.9",
		"SD1":"68",
		"SD2":"70.1",
		"SD3":"72.2"
	},
	{
		"Month":"6",
		"L":"1",
		"M":"67.6236",
		"S":"0.03165",
		"SD":"2.1403",
		"SD3neg":"61.2",
		"SD2neg":"63.3",
		"SD1neg":"65.5",
		"SD0":"67.6",
		"SD1":"69.8",
		"SD2":"71.9",
		"SD3":"74"
	},
	{
		"Month":"7",
		"L":"1",
		"M":"69.1645",
		"S":"0.03139",
		"SD":"2.1711",
		"SD3neg":"62.7",
		"SD2neg":"64.8",
		"SD1neg":"67",
		"SD0":"69.2",
		"SD1":"71.3",
		"SD2":"73.5",
		"SD3":"75.7"
	},
	{
		"Month":"8",
		"L":"1",
		"M":"70.5994",
		"S":"0.03124",
		"SD":"2.2055",
		"SD3neg":"64",
		"SD2neg":"66.2",
		"SD1neg":"68.4",
		"SD0":"70.6",
		"SD1":"72.8",
		"SD2":"75",
		"SD3":"77.2"
	},
	{
		"Month":"9",
		"L":"1",
		"M":"71.9687",
		"S":"0.03117",
		"SD":"2.2433",
		"SD3neg":"65.2",
		"SD2neg":"67.5",
		"SD1neg":"69.7",
		"SD0":"72",
		"SD1":"74.2",
		"SD2":"76.5",
		"SD3":"78.7"
	},
	{
		"Month":"10",
		"L":"1",
		"M":"73.2812",
		"S":"0.03118",
		"SD":"2.2849",
		"SD3neg":"66.4",
		"SD2neg":"68.7",
		"SD1neg":"71",
		"SD0":"73.3",
		"SD1":"75.6",
		"SD2":"77.9",
		"SD3":"80.1"
	},
	{
		"Month":"11",
		"L":"1",
		"M":"74.5388",
		"S":"0.03125",
		"SD":"2.3293",
		"SD3neg":"67.6",
		"SD2neg":"69.9",
		"SD1neg":"72.2",
		"SD0":"74.5",
		"SD1":"76.9",
		"SD2":"79.2",
		"SD3":"81.5"
	},
	{
		"Month":"12",
		"L":"1",
		"M":"75.7488",
		"S":"0.03137",
		"SD":"2.3762",
		"SD3neg":"68.6",
		"SD2neg":"71",
		"SD1neg":"73.4",
		"SD0":"75.7",
		"SD1":"78.1",
		"SD2":"80.5",
		"SD3":"82.9"
	},
	{
		"Month":"13",
		"L":"1",
		"M":"76.9186",
		"S":"0.03154",
		"SD":"2.426",
		"SD3neg":"69.6",
		"SD2neg":"72.1",
		"SD1neg":"74.5",
		"SD0":"76.9",
		"SD1":"79.3",
		"SD2":"81.8",
		"SD3":"84.2"
	},
	{
		"Month":"14",
		"L":"1",
		"M":"78.0497",
		"S":"0.03174",
		"SD":"2.4773",
		"SD3neg":"70.6",
		"SD2neg":"73.1",
		"SD1neg":"75.6",
		"SD0":"78",
		"SD1":"80.5",
		"SD2":"83",
		"SD3":"85.5"
	},
	{
		"Month":"15",
		"L":"1",
		"M":"79.1458",
		"S":"0.03197",
		"SD":"2.5303",
		"SD3neg":"71.6",
		"SD2neg":"74.1",
		"SD1neg":"76.6",
		"SD0":"79.1",
		"SD1":"81.7",
		"SD2":"84.2",
		"SD3":"86.7"
	},
	{
		"Month":"16",
		"L":"1",
		"M":"80.2113",
		"S":"0.03222",
		"SD":"2.5844",
		"SD3neg":"72.5",
		"SD2neg":"75",
		"SD1neg":"77.6",
		"SD0":"80.2",
		"SD1":"82.8",
		"SD2":"85.4",
		"SD3":"88"
	},
	{
		"Month":"17",
		"L":"1",
		"M":"81.2487",
		"S":"0.0325",
		"SD":"2.6406",
		"SD3neg":"73.3",
		"SD2neg":"76",
		"SD1neg":"78.6",
		"SD0":"81.2",
		"SD1":"83.9",
		"SD2":"86.5",
		"SD3":"89.2"
	},
	{
		"Month":"18",
		"L":"1",
		"M":"82.2587",
		"S":"0.03279",
		"SD":"2.6973",
		"SD3neg":"74.2",
		"SD2neg":"76.9",
		"SD1neg":"79.6",
		"SD0":"82.3",
		"SD1":"85",
		"SD2":"87.7",
		"SD3":"90.4"
	},
	{
		"Month":"19",
		"L":"1",
		"M":"83.2418",
		"S":"0.0331",
		"SD":"2.7553",
		"SD3neg":"75",
		"SD2neg":"77.7",
		"SD1neg":"80.5",
		"SD0":"83.2",
		"SD1":"86",
		"SD2":"88.8",
		"SD3":"91.5"
	},
	{
		"Month":"20",
		"L":"1",
		"M":"84.1996",
		"S":"0.03342",
		"SD":"2.814",
		"SD3neg":"75.8",
		"SD2neg":"78.6",
		"SD1neg":"81.4",
		"SD0":"84.2",
		"SD1":"87",
		"SD2":"89.8",
		"SD3":"92.6"
	},
	{
		"Month":"21",
		"L":"1",
		"M":"85.1348",
		"S":"0.03376",
		"SD":"2.8742",
		"SD3neg":"76.5",
		"SD2neg":"79.4",
		"SD1neg":"82.3",
		"SD0":"85.1",
		"SD1":"88",
		"SD2":"90.9",
		"SD3":"93.8"
	},
	{
		"Month":"22",
		"L":"1",
		"M":"86.0477",
		"S":"0.0341",
		"SD":"2.9342",
		"SD3neg":"77.2",
		"SD2neg":"80.2",
		"SD1neg":"83.1",
		"SD0":"86",
		"SD1":"89",
		"SD2":"91.9",
		"SD3":"94.9"
	},
	{
		"Month":"23",
		"L":"1",
		"M":"86.941",
		"S":"0.03445",
		"SD":"2.9951",
		"SD3neg":"78",
		"SD2neg":"81",
		"SD1neg":"83.9",
		"SD0":"86.9",
		"SD1":"89.9",
		"SD2":"92.9",
		"SD3":"95.9"
	},
	{
		"Month":"24",
		"L":"1",
		"M":"87.8161",
		"S":"0.03479",
		"SD":"3.0551",
		"SD3neg":"78.7",
		"SD2neg":"81.7",
		"SD1neg":"84.8",
		"SD0":"87.8",
		"SD1":"90.9",
		"SD2":"93.9",
		"SD3":"97"
	}
]