[{"Week": "0", "SD1neg": "48.0", "SD0": "49.9", "SD1": "51.8", "SD2": "53.7", "SD3": "55.6", "SD3neg": "44.2", "M": "49.8842", "L": "1", "S": "0.03795", "SD2neg": "46.1", "SD": "1.8931"}, {"Week": "1", "SD1neg": "49.2", "SD0": "51.1", "SD1": "53.0", "SD2": "54.9", "SD3": "56.8", "SD3neg": "45.4", "M": "51.1152", "L": "1", "S": "0.03723", "SD2neg": "47.3", "SD": "1.9030"}, {"Week": "2", "SD1neg": "50.4", "SD0": "52.3", "SD1": "54.3", "SD2": "56.2", "SD3": "58.1", "SD3neg": "46.6", "M": "52.3461", "L": "1", "S": "0.03652", "SD2neg": "48.5", "SD": "1.9117"}, {"Week": "3", "SD1neg": "51.5", "SD0": "53.4", "SD1": "55.3", "SD2": "57.2", "SD3": "59.2", "SD3neg": "47.6", "M": "53.3905", "L": "1", "S": "0.03609", "SD2neg": "49.5", "SD": "1.9269"}, {"Week": "4", "SD1neg": "52.4", "SD0": "54.4", "SD1": "56.3", "SD2": "58.3", "SD3": "60.2", "SD3neg": "48.6", "M": "54.3881", "L": "1", "S": "0.03570", "SD2neg": "50.5", "SD": "1.9417"}, {"Week": "5", "SD1neg": "53.4", "SD0": "55.3", "SD1": "57.3", "SD2": "59.2", "SD3": "61.2", "SD3neg": "49.5", "M": "55.3374", "L": "1", "S": "0.03534", "SD2neg": "51.4", "SD": "1.9556"}, {"Week": "6", "SD1neg": "54.3", "SD0": "56.2", "SD1": "58.2", "SD2": "60.2", "SD3": "62.1", "SD3neg": "50.3", "M": "56.2357", "L": "1", "S": "0.03501", "SD2neg": "52.3", "SD": "1.9688"}, {"Week": "7", "SD1neg": "55.1", "SD0": "57.1", "SD1": "59.1", "SD2": "61.0", "SD3": "63.0", "SD3neg": "51.1", "M": "57.0851", "L": "1", "S": "0.03470", "SD2neg": "53.1", "SD": "1.9809"}, {"Week": "8", "SD1neg": "55.9", "SD0": "57.9", "SD1": "59.9", "SD2": "61.9", "SD3": "63.9", "SD3neg": "51.9", "M": "57.8889", "L": "1", "S": "0.03442", "SD2neg": "53.9", "SD": "1.9925"}, {"Week": "9", "SD1neg": "56.6", "SD0": "58.7", "SD1": "60.7", "SD2": "62.7", "SD3": "64.7", "SD3neg": "52.6", "M": "58.6536", "L": "1", "S": "0.03416", "SD2neg": "54.6", "SD": "2.0036"}, {"Week": "10", "SD1neg": "57.4", "SD0": "59.4", "SD1": "61.4", "SD2": "63.4", "SD3": "65.4", "SD3neg": "53.3", "M": "59.3872", "L": "1", "S": "0.03392", "SD2neg": "55.4", "SD": "2.0144"}, {"Week": "11", "SD1neg": "58.1", "SD0": "60.1", "SD1": "62.1", "SD2": "64.1", "SD3": "66.2", "SD3neg": "54.0", "M": "60.0894", "L": "1", "S": "0.03369", "SD2neg": "56.0", "SD": "2.0244"}, {"Week": "12", "SD1neg": "58.7", "SD0": "60.8", "SD1": "62.8", "SD2": "64.8", "SD3": "66.9", "SD3neg": "54.7", "M": "60.7605", "L": "1", "S": "0.03348", "SD2neg": "56.7", "SD": "2.0343"}, {"Week": "13", "SD1neg": "59.4", "SD0": "61.4", "SD1": "63.4", "SD2": "65.5", "SD3": "67.5", "SD3neg": "55.3", "M": "61.4013", "L": "1", "S": "0.03329", "SD2neg": "57.3", "SD": "2.0440"}]