[{
		"Month":"24",
		"L":"1",
		"M":"85.7153",
		"S":"0.03764",
		"SD":"3.2267",
		"SD3neg":"76",
		"SD2neg":"79.3",
		"SD1neg":"82.5",
		"SD0":"85.7",
		"SD1":"88.9",
		"SD2":"92.2",
		"SD3":"95.4"
	},
	{
		"Month":"25",
		"L":"1",
		"M":"86.5904",
		"S":"0.03786",
		"SD":"3.2783",
		"SD3neg":"76.8",
		"SD2neg":"80",
		"SD1neg":"83.3",
		"SD0":"86.6",
		"SD1":"89.9",
		"SD2":"93.1",
		"SD3":"96.4"
	},
	{
		"Month":"26",
		"L":"1",
		"M":"87.4462",
		"S":"0.03808",
		"SD":"3.33",
		"SD3neg":"77.5",
		"SD2neg":"80.8",
		"SD1neg":"84.1",
		"SD0":"87.4",
		"SD1":"90.8",
		"SD2":"94.1",
		"SD3":"97.4"
	},
	{
		"Month":"27",
		"L":"1",
		"M":"88.283",
		"S":"0.0383",
		"SD":"3.3812",
		"SD3neg":"78.1",
		"SD2neg":"81.5",
		"SD1neg":"84.9",
		"SD0":"88.3",
		"SD1":"91.7",
		"SD2":"95",
		"SD3":"98.4"
	},
	{
		"Month":"28",
		"L":"1",
		"M":"89.1004",
		"S":"0.03851",
		"SD":"3.4313",
		"SD3neg":"78.8",
		"SD2neg":"82.2",
		"SD1neg":"85.7",
		"SD0":"89.1",
		"SD1":"92.5",
		"SD2":"96",
		"SD3":"99.4"
	},
	{
		"Month":"29",
		"L":"1",
		"M":"89.8991",
		"S":"0.03872",
		"SD":"3.4809",
		"SD3neg":"79.5",
		"SD2neg":"82.9",
		"SD1neg":"86.4",
		"SD0":"89.9",
		"SD1":"93.4",
		"SD2":"96.9",
		"SD3":"100.3"
	},
	{
		"Month":"30",
		"L":"1",
		"M":"90.6797",
		"S":"0.03893",
		"SD":"3.5302",
		"SD3neg":"80.1",
		"SD2neg":"83.6",
		"SD1neg":"87.1",
		"SD0":"90.7",
		"SD1":"94.2",
		"SD2":"97.7",
		"SD3":"101.3"
	},
	{
		"Month":"31",
		"L":"1",
		"M":"91.443",
		"S":"0.03913",
		"SD":"3.5782",
		"SD3neg":"80.7",
		"SD2neg":"84.3",
		"SD1neg":"87.9",
		"SD0":"91.4",
		"SD1":"95",
		"SD2":"98.6",
		"SD3":"102.2"
	},
	{
		"Month":"32",
		"L":"1",
		"M":"92.1906",
		"S":"0.03933",
		"SD":"3.6259",
		"SD3neg":"81.3",
		"SD2neg":"84.9",
		"SD1neg":"88.6",
		"SD0":"92.2",
		"SD1":"95.8",
		"SD2":"99.4",
		"SD3":"103.1"
	},
	{
		"Month":"33",
		"L":"1",
		"M":"92.9239",
		"S":"0.03952",
		"SD":"3.6724",
		"SD3neg":"81.9",
		"SD2neg":"85.6",
		"SD1neg":"89.3",
		"SD0":"92.9",
		"SD1":"96.6",
		"SD2":"100.3",
		"SD3":"103.9"
	},
	{
		"Month":"34",
		"L":"1",
		"M":"93.6444",
		"S":"0.03971",
		"SD":"3.7186",
		"SD3neg":"82.5",
		"SD2neg":"86.2",
		"SD1neg":"89.9",
		"SD0":"93.6",
		"SD1":"97.4",
		"SD2":"101.1",
		"SD3":"104.8"
	},
	{
		"Month":"35",
		"L":"1",
		"M":"94.3533",
		"S":"0.03989",
		"SD":"3.7638",
		"SD3neg":"83.1",
		"SD2neg":"86.8",
		"SD1neg":"90.6",
		"SD0":"94.4",
		"SD1":"98.1",
		"SD2":"101.9",
		"SD3":"105.6"
	},
	{
		"Month":"36",
		"L":"1",
		"M":"95.0515",
		"S":"0.04006",
		"SD":"3.8078",
		"SD3neg":"83.6",
		"SD2neg":"87.4",
		"SD1neg":"91.2",
		"SD0":"95.1",
		"SD1":"98.9",
		"SD2":"102.7",
		"SD3":"106.5"
	},
	{
		"Month":"37",
		"L":"1",
		"M":"95.7399",
		"S":"0.04024",
		"SD":"3.8526",
		"SD3neg":"84.2",
		"SD2neg":"88",
		"SD1neg":"91.9",
		"SD0":"95.7",
		"SD1":"99.6",
		"SD2":"103.4",
		"SD3":"107.3"
	},
	{
		"Month":"38",
		"L":"1",
		"M":"96.4187",
		"S":"0.04041",
		"SD":"3.8963",
		"SD3neg":"84.7",
		"SD2neg":"88.6",
		"SD1neg":"92.5",
		"SD0":"96.4",
		"SD1":"100.3",
		"SD2":"104.2",
		"SD3":"108.1"
	},
	{
		"Month":"39",
		"L":"1",
		"M":"97.0885",
		"S":"0.04057",
		"SD":"3.9389",
		"SD3neg":"85.3",
		"SD2neg":"89.2",
		"SD1neg":"93.1",
		"SD0":"97.1",
		"SD1":"101",
		"SD2":"105",
		"SD3":"108.9"
	},
	{
		"Month":"40",
		"L":"1",
		"M":"97.7493",
		"S":"0.04073",
		"SD":"3.9813",
		"SD3neg":"85.8",
		"SD2neg":"89.8",
		"SD1neg":"93.8",
		"SD0":"97.7",
		"SD1":"101.7",
		"SD2":"105.7",
		"SD3":"109.7"
	},
	{
		"Month":"41",
		"L":"1",
		"M":"98.4015",
		"S":"0.04089",
		"SD":"4.0236",
		"SD3neg":"86.3",
		"SD2neg":"90.4",
		"SD1neg":"94.4",
		"SD0":"98.4",
		"SD1":"102.4",
		"SD2":"106.4",
		"SD3":"110.5"
	},
	{
		"Month":"42",
		"L":"1",
		"M":"99.0448",
		"S":"0.04105",
		"SD":"4.0658",
		"SD3neg":"86.8",
		"SD2neg":"90.9",
		"SD1neg":"95",
		"SD0":"99",
		"SD1":"103.1",
		"SD2":"107.2",
		"SD3":"111.2"
	},
	{
		"Month":"43",
		"L":"1",
		"M":"99.6795",
		"S":"0.0412",
		"SD":"4.1068",
		"SD3neg":"87.4",
		"SD2neg":"91.5",
		"SD1neg":"95.6",
		"SD0":"99.7",
		"SD1":"103.8",
		"SD2":"107.9",
		"SD3":"112"
	},
	{
		"Month":"44",
		"L":"1",
		"M":"100.3058",
		"S":"0.04135",
		"SD":"4.1476",
		"SD3neg":"87.9",
		"SD2neg":"92",
		"SD1neg":"96.2",
		"SD0":"100.3",
		"SD1":"104.5",
		"SD2":"108.6",
		"SD3":"112.7"
	},
	{
		"Month":"45",
		"L":"1",
		"M":"100.9238",
		"S":"0.0415",
		"SD":"4.1883",
		"SD3neg":"88.4",
		"SD2neg":"92.5",
		"SD1neg":"96.7",
		"SD0":"100.9",
		"SD1":"105.1",
		"SD2":"109.3",
		"SD3":"113.5"
	},
	{
		"Month":"46",
		"L":"1",
		"M":"101.5337",
		"S":"0.04164",
		"SD":"4.2279",
		"SD3neg":"88.9",
		"SD2neg":"93.1",
		"SD1neg":"97.3",
		"SD0":"101.5",
		"SD1":"105.8",
		"SD2":"110",
		"SD3":"114.2"
	},
	{
		"Month":"47",
		"L":"1",
		"M":"102.136",
		"S":"0.04179",
		"SD":"4.2683",
		"SD3neg":"89.3",
		"SD2neg":"93.6",
		"SD1neg":"97.9",
		"SD0":"102.1",
		"SD1":"106.4",
		"SD2":"110.7",
		"SD3":"114.9"
	},
	{
		"Month":"48",
		"L":"1",
		"M":"102.7312",
		"S":"0.04193",
		"SD":"4.3075",
		"SD3neg":"89.8",
		"SD2neg":"94.1",
		"SD1neg":"98.4",
		"SD0":"102.7",
		"SD1":"107",
		"SD2":"111.3",
		"SD3":"115.7"
	},
	{
		"Month":"49",
		"L":"1",
		"M":"103.3197",
		"S":"0.04206",
		"SD":"4.3456",
		"SD3neg":"90.3",
		"SD2neg":"94.6",
		"SD1neg":"99",
		"SD0":"103.3",
		"SD1":"107.7",
		"SD2":"112",
		"SD3":"116.4"
	},
	{
		"Month":"50",
		"L":"1",
		"M":"103.9021",
		"S":"0.0422",
		"SD":"4.3847",
		"SD3neg":"90.7",
		"SD2neg":"95.1",
		"SD1neg":"99.5",
		"SD0":"103.9",
		"SD1":"108.3",
		"SD2":"112.7",
		"SD3":"117.1"
	},
	{
		"Month":"51",
		"L":"1",
		"M":"104.4786",
		"S":"0.04233",
		"SD":"4.4226",
		"SD3neg":"91.2",
		"SD2neg":"95.6",
		"SD1neg":"100.1",
		"SD0":"104.5",
		"SD1":"108.9",
		"SD2":"113.3",
		"SD3":"117.7"
	},
	{
		"Month":"52",
		"L":"1",
		"M":"105.0494",
		"S":"0.04246",
		"SD":"4.4604",
		"SD3neg":"91.7",
		"SD2neg":"96.1",
		"SD1neg":"100.6",
		"SD0":"105",
		"SD1":"109.5",
		"SD2":"114",
		"SD3":"118.4"
	},
	{
		"Month":"53",
		"L":"1",
		"M":"105.6148",
		"S":"0.04259",
		"SD":"4.4981",
		"SD3neg":"92.1",
		"SD2neg":"96.6",
		"SD1neg":"101.1",
		"SD0":"105.6",
		"SD1":"110.1",
		"SD2":"114.6",
		"SD3":"119.1"
	},
	{
		"Month":"54",
		"L":"1",
		"M":"106.1748",
		"S":"0.04272",
		"SD":"4.5358",
		"SD3neg":"92.6",
		"SD2neg":"97.1",
		"SD1neg":"101.6",
		"SD0":"106.2",
		"SD1":"110.7",
		"SD2":"115.2",
		"SD3":"119.8"
	},
	{
		"Month":"55",
		"L":"1",
		"M":"106.7295",
		"S":"0.04285",
		"SD":"4.5734",
		"SD3neg":"93",
		"SD2neg":"97.6",
		"SD1neg":"102.2",
		"SD0":"106.7",
		"SD1":"111.3",
		"SD2":"115.9",
		"SD3":"120.4"
	},
	{
		"Month":"56",
		"L":"1",
		"M":"107.2788",
		"S":"0.04298",
		"SD":"4.6108",
		"SD3neg":"93.4",
		"SD2neg":"98.1",
		"SD1neg":"102.7",
		"SD0":"107.3",
		"SD1":"111.9",
		"SD2":"116.5",
		"SD3":"121.1"
	},
	{
		"Month":"57",
		"L":"1",
		"M":"107.8227",
		"S":"0.0431",
		"SD":"4.6472",
		"SD3neg":"93.9",
		"SD2neg":"98.5",
		"SD1neg":"103.2",
		"SD0":"107.8",
		"SD1":"112.5",
		"SD2":"117.1",
		"SD3":"121.8"
	},
	{
		"Month":"58",
		"L":"1",
		"M":"108.3613",
		"S":"0.04322",
		"SD":"4.6834",
		"SD3neg":"94.3",
		"SD2neg":"99",
		"SD1neg":"103.7",
		"SD0":"108.4",
		"SD1":"113",
		"SD2":"117.7",
		"SD3":"122.4"
	},
	{
		"Month":"59",
		"L":"1",
		"M":"108.8948",
		"S":"0.04334",
		"SD":"4.7195",
		"SD3neg":"94.7",
		"SD2neg":"99.5",
		"SD1neg":"104.2",
		"SD0":"108.9",
		"SD1":"113.6",
		"SD2":"118.3",
		"SD3":"123.1"
	},
	{
		"Month":"60",
		"L":"1",
		"M":"109.4233",
		"S":"0.04347",
		"SD":"4.7566",
		"SD3neg":"95.2",
		"SD2neg":"99.9",
		"SD1neg":"104.7",
		"SD0":"109.4",
		"SD1":"114.2",
		"SD2":"118.9",
		"SD3":"123.7"
	}
]