[{
		"Month":"24",
		"L":"1",
		"M":"87.1161",
		"S":"0.03507",
		"SD":"3.0551",
		"SD3neg":"78",
		"SD2neg":"81",
		"SD1neg":"84.1",
		"SD0":"87.1",
		"SD1":"90.2",
		"SD2":"93.2",
		"SD3":"96.3"
	},
	{
		"Month":"25",
		"L":"1",
		"M":"87.972",
		"S":"0.03542",
		"SD":"3.116",
		"SD3neg":"78.6",
		"SD2neg":"81.7",
		"SD1neg":"84.9",
		"SD0":"88",
		"SD1":"91.1",
		"SD2":"94.2",
		"SD3":"97.3"
	},
	{
		"Month":"26",
		"L":"1",
		"M":"88.8065",
		"S":"0.03576",
		"SD":"3.1757",
		"SD3neg":"79.3",
		"SD2neg":"82.5",
		"SD1neg":"85.6",
		"SD0":"88.8",
		"SD1":"92",
		"SD2":"95.2",
		"SD3":"98.3"
	},
	{
		"Month":"27",
		"L":"1",
		"M":"89.6197",
		"S":"0.0361",
		"SD":"3.2353",
		"SD3neg":"79.9",
		"SD2neg":"83.1",
		"SD1neg":"86.4",
		"SD0":"89.6",
		"SD1":"92.9",
		"SD2":"96.1",
		"SD3":"99.3"
	},
	{
		"Month":"28",
		"L":"1",
		"M":"90.412",
		"S":"0.03642",
		"SD":"3.2928",
		"SD3neg":"80.5",
		"SD2neg":"83.8",
		"SD1neg":"87.1",
		"SD0":"90.4",
		"SD1":"93.7",
		"SD2":"97",
		"SD3":"100.3"
	},
	{
		"Month":"29",
		"L":"1",
		"M":"91.1828",
		"S":"0.03674",
		"SD":"3.3501",
		"SD3neg":"81.1",
		"SD2neg":"84.5",
		"SD1neg":"87.8",
		"SD0":"91.2",
		"SD1":"94.5",
		"SD2":"97.9",
		"SD3":"101.2"
	},
	{
		"Month":"30",
		"L":"1",
		"M":"91.9327",
		"S":"0.03704",
		"SD":"3.4052",
		"SD3neg":"81.7",
		"SD2neg":"85.1",
		"SD1neg":"88.5",
		"SD0":"91.9",
		"SD1":"95.3",
		"SD2":"98.7",
		"SD3":"102.1"
	},
	{
		"Month":"31",
		"L":"1",
		"M":"92.6631",
		"S":"0.03733",
		"SD":"3.4591",
		"SD3neg":"82.3",
		"SD2neg":"85.7",
		"SD1neg":"89.2",
		"SD0":"92.7",
		"SD1":"96.1",
		"SD2":"99.6",
		"SD3":"103"
	},
	{
		"Month":"32",
		"L":"1",
		"M":"93.3753",
		"S":"0.03761",
		"SD":"3.5118",
		"SD3neg":"82.8",
		"SD2neg":"86.4",
		"SD1neg":"89.9",
		"SD0":"93.4",
		"SD1":"96.9",
		"SD2":"100.4",
		"SD3":"103.9"
	},
	{
		"Month":"33",
		"L":"1",
		"M":"94.0711",
		"S":"0.03787",
		"SD":"3.5625",
		"SD3neg":"83.4",
		"SD2neg":"86.9",
		"SD1neg":"90.5",
		"SD0":"94.1",
		"SD1":"97.6",
		"SD2":"101.2",
		"SD3":"104.8"
	},
	{
		"Month":"34",
		"L":"1",
		"M":"94.7532",
		"S":"0.03812",
		"SD":"3.612",
		"SD3neg":"83.9",
		"SD2neg":"87.5",
		"SD1neg":"91.1",
		"SD0":"94.8",
		"SD1":"98.4",
		"SD2":"102",
		"SD3":"105.6"
	},
	{
		"Month":"35",
		"L":"1",
		"M":"95.4236",
		"S":"0.03836",
		"SD":"3.6604",
		"SD3neg":"84.4",
		"SD2neg":"88.1",
		"SD1neg":"91.8",
		"SD0":"95.4",
		"SD1":"99.1",
		"SD2":"102.7",
		"SD3":"106.4"
	},
	{
		"Month":"36",
		"L":"1",
		"M":"96.0835",
		"S":"0.03858",
		"SD":"3.7069",
		"SD3neg":"85",
		"SD2neg":"88.7",
		"SD1neg":"92.4",
		"SD0":"96.1",
		"SD1":"99.8",
		"SD2":"103.5",
		"SD3":"107.2"
	},
	{
		"Month":"37",
		"L":"1",
		"M":"96.7337",
		"S":"0.03879",
		"SD":"3.7523",
		"SD3neg":"85.5",
		"SD2neg":"89.2",
		"SD1neg":"93",
		"SD0":"96.7",
		"SD1":"100.5",
		"SD2":"104.2",
		"SD3":"108"
	},
	{
		"Month":"38",
		"L":"1",
		"M":"97.3749",
		"S":"0.039",
		"SD":"3.7976",
		"SD3neg":"86",
		"SD2neg":"89.8",
		"SD1neg":"93.6",
		"SD0":"97.4",
		"SD1":"101.2",
		"SD2":"105",
		"SD3":"108.8"
	},
	{
		"Month":"39",
		"L":"1",
		"M":"98.0073",
		"S":"0.03919",
		"SD":"3.8409",
		"SD3neg":"86.5",
		"SD2neg":"90.3",
		"SD1neg":"94.2",
		"SD0":"98",
		"SD1":"101.8",
		"SD2":"105.7",
		"SD3":"109.5"
	},
	{
		"Month":"40",
		"L":"1",
		"M":"98.631",
		"S":"0.03937",
		"SD":"3.8831",
		"SD3neg":"87",
		"SD2neg":"90.9",
		"SD1neg":"94.7",
		"SD0":"98.6",
		"SD1":"102.5",
		"SD2":"106.4",
		"SD3":"110.3"
	},
	{
		"Month":"41",
		"L":"1",
		"M":"99.2459",
		"S":"0.03954",
		"SD":"3.9242",
		"SD3neg":"87.5",
		"SD2neg":"91.4",
		"SD1neg":"95.3",
		"SD0":"99.2",
		"SD1":"103.2",
		"SD2":"107.1",
		"SD3":"111"
	},
	{
		"Month":"42",
		"L":"1",
		"M":"99.8515",
		"S":"0.03971",
		"SD":"3.9651",
		"SD3neg":"88",
		"SD2neg":"91.9",
		"SD1neg":"95.9",
		"SD0":"99.9",
		"SD1":"103.8",
		"SD2":"107.8",
		"SD3":"111.7"
	},
	{
		"Month":"43",
		"L":"1",
		"M":"100.4485",
		"S":"0.03986",
		"SD":"4.0039",
		"SD3neg":"88.4",
		"SD2neg":"92.4",
		"SD1neg":"96.4",
		"SD0":"100.4",
		"SD1":"104.5",
		"SD2":"108.5",
		"SD3":"112.5"
	},
	{
		"Month":"44",
		"L":"1",
		"M":"101.0374",
		"S":"0.04002",
		"SD":"4.0435",
		"SD3neg":"88.9",
		"SD2neg":"93",
		"SD1neg":"97",
		"SD0":"101",
		"SD1":"105.1",
		"SD2":"109.1",
		"SD3":"113.2"
	},
	{
		"Month":"45",
		"L":"1",
		"M":"101.6186",
		"S":"0.04016",
		"SD":"4.081",
		"SD3neg":"89.4",
		"SD2neg":"93.5",
		"SD1neg":"97.5",
		"SD0":"101.6",
		"SD1":"105.7",
		"SD2":"109.8",
		"SD3":"113.9"
	},
	{
		"Month":"46",
		"L":"1",
		"M":"102.1933",
		"S":"0.04031",
		"SD":"4.1194",
		"SD3neg":"89.8",
		"SD2neg":"94",
		"SD1neg":"98.1",
		"SD0":"102.2",
		"SD1":"106.3",
		"SD2":"110.4",
		"SD3":"114.6"
	},
	{
		"Month":"47",
		"L":"1",
		"M":"102.7625",
		"S":"0.04045",
		"SD":"4.1567",
		"SD3neg":"90.3",
		"SD2neg":"94.4",
		"SD1neg":"98.6",
		"SD0":"102.8",
		"SD1":"106.9",
		"SD2":"111.1",
		"SD3":"115.2"
	},
	{
		"Month":"48",
		"L":"1",
		"M":"103.3273",
		"S":"0.04059",
		"SD":"4.1941",
		"SD3neg":"90.7",
		"SD2neg":"94.9",
		"SD1neg":"99.1",
		"SD0":"103.3",
		"SD1":"107.5",
		"SD2":"111.7",
		"SD3":"115.9"
	},
	{
		"Month":"49",
		"L":"1",
		"M":"103.8886",
		"S":"0.04073",
		"SD":"4.2314",
		"SD3neg":"91.2",
		"SD2neg":"95.4",
		"SD1neg":"99.7",
		"SD0":"103.9",
		"SD1":"108.1",
		"SD2":"112.4",
		"SD3":"116.6"
	},
	{
		"Month":"50",
		"L":"1",
		"M":"104.4473",
		"S":"0.04086",
		"SD":"4.2677",
		"SD3neg":"91.6",
		"SD2neg":"95.9",
		"SD1neg":"100.2",
		"SD0":"104.4",
		"SD1":"108.7",
		"SD2":"113",
		"SD3":"117.3"
	},
	{
		"Month":"51",
		"L":"1",
		"M":"105.0041",
		"S":"0.041",
		"SD":"4.3052",
		"SD3neg":"92.1",
		"SD2neg":"96.4",
		"SD1neg":"100.7",
		"SD0":"105",
		"SD1":"109.3",
		"SD2":"113.6",
		"SD3":"117.9"
	},
	{
		"Month":"52",
		"L":"1",
		"M":"105.5596",
		"S":"0.04113",
		"SD":"4.3417",
		"SD3neg":"92.5",
		"SD2neg":"96.9",
		"SD1neg":"101.2",
		"SD0":"105.6",
		"SD1":"109.9",
		"SD2":"114.2",
		"SD3":"118.6"
	},
	{
		"Month":"53",
		"L":"1",
		"M":"106.1138",
		"S":"0.04126",
		"SD":"4.3783",
		"SD3neg":"93",
		"SD2neg":"97.4",
		"SD1neg":"101.7",
		"SD0":"106.1",
		"SD1":"110.5",
		"SD2":"114.9",
		"SD3":"119.2"
	},
	{
		"Month":"54",
		"L":"1",
		"M":"106.6668",
		"S":"0.04139",
		"SD":"4.4149",
		"SD3neg":"93.4",
		"SD2neg":"97.8",
		"SD1neg":"102.3",
		"SD0":"106.7",
		"SD1":"111.1",
		"SD2":"115.5",
		"SD3":"119.9"
	},
	{
		"Month":"55",
		"L":"1",
		"M":"107.2188",
		"S":"0.04152",
		"SD":"4.4517",
		"SD3neg":"93.9",
		"SD2neg":"98.3",
		"SD1neg":"102.8",
		"SD0":"107.2",
		"SD1":"111.7",
		"SD2":"116.1",
		"SD3":"120.6"
	},
	{
		"Month":"56",
		"L":"1",
		"M":"107.7697",
		"S":"0.04165",
		"SD":"4.4886",
		"SD3neg":"94.3",
		"SD2neg":"98.8",
		"SD1neg":"103.3",
		"SD0":"107.8",
		"SD1":"112.3",
		"SD2":"116.7",
		"SD3":"121.2"
	},
	{
		"Month":"57",
		"L":"1",
		"M":"108.3198",
		"S":"0.04177",
		"SD":"4.5245",
		"SD3neg":"94.7",
		"SD2neg":"99.3",
		"SD1neg":"103.8",
		"SD0":"108.3",
		"SD1":"112.8",
		"SD2":"117.4",
		"SD3":"121.9"
	},
	{
		"Month":"58",
		"L":"1",
		"M":"108.8689",
		"S":"0.0419",
		"SD":"4.5616",
		"SD3neg":"95.2",
		"SD2neg":"99.7",
		"SD1neg":"104.3",
		"SD0":"108.9",
		"SD1":"113.4",
		"SD2":"118",
		"SD3":"122.6"
	},
	{
		"Month":"59",
		"L":"1",
		"M":"109.417",
		"S":"0.04202",
		"SD":"4.5977",
		"SD3neg":"95.6",
		"SD2neg":"100.2",
		"SD1neg":"104.8",
		"SD0":"109.4",
		"SD1":"114",
		"SD2":"118.6",
		"SD3":"123.2"
	},
	{
		"Month":"60",
		"L":"1",
		"M":"109.9638",
		"S":"0.04214",
		"SD":"4.6339",
		"SD3neg":"96.1",
		"SD2neg":"100.7",
		"SD1neg":"105.3",
		"SD0":"110",
		"SD1":"114.6",
		"SD2":"119.2",
		"SD3":"123.9"
	}
]