[
    {
        "L": "1.00720807", 
        "M": "86.86160934", 
        "Month": "24", 
        "S": "0.040395626", 
        "SD0": "86.86160934", 
        "SD1": "90.3699344", 
        "SD1neg": "83.35226232", 
        "SD2": "93.87727774", 
        "SD2neg": "79.84184964", 
        "SD3": "93.97727774", 
        "SD3neg": "79.74184964"
    }, 
    {
        "L": "0.837251351", 
        "M": "87.65247282", 
        "Month": "25", 
        "S": "0.040577525", 
        "SD0": "87.65247282", 
        "SD1": "91.22083184", 
        "SD1neg": "84.10760544", 
        "SD2": "94.81205847", 
        "SD2neg": "80.58689327", 
        "SD3": "94.91205847", 
        "SD3neg": "80.48689327"
    }, 
    {
        "L": "0.681492975", 
        "M": "88.42326434", 
        "Month": "26", 
        "S": "0.040723122", 
        "SD0": "88.42326434", 
        "SD1": "92.04737456", 
        "SD1neg": "84.84586203", 
        "SD2": "95.71751647", 
        "SD2neg": "81.31587325", 
        "SD3": "95.81751647", 
        "SD3neg": "81.21587325"
    }, 
    {
        "L": "0.538779654", 
        "M": "89.17549228", 
        "Month": "27", 
        "S": "0.040833194", 
        "SD0": "89.17549228", 
        "SD1": "92.85106517", 
        "SD1neg": "85.56849718", 
        "SD2": "96.59500136", 
        "SD2neg": "82.03029988", 
        "SD3": "96.69500136", 
        "SD3neg": "81.93029988"
    }, 
    {
        "L": "0.407697153", 
        "M": "89.91040853", 
        "Month": "28", 
        "S": "0.040909059", 
        "SD0": "89.91040853", 
        "SD1": "93.63323245", 
        "SD1neg": "86.2767077", 
        "SD2": "97.44584951", 
        "SD2neg": "82.73145379", 
        "SD3": "97.54584951", 
        "SD3neg": "82.63145379"
    }, 
    {
        "L": "0.286762453", 
        "M": "90.62907762", 
        "Month": "29", 
        "S": "0.040952433", 
        "SD0": "90.62907762", 
        "SD1": "94.39507883", 
        "SD1neg": "86.97148527", 
        "SD2": "98.27138767", 
        "SD2neg": "83.42041385", 
        "SD3": "98.37138767", 
        "SD3neg": "83.32041385"
    }, 
    {
        "L": "0.174489485", 
        "M": "91.33242379", 
        "Month": "30", 
        "S": "0.04096533", 
        "SD0": "91.33242379", 
        "SD1": "95.13771493", 
        "SD1neg": "87.65366435", 
        "SD2": "99.07294528", 
        "SD2neg": "84.09809498", 
        "SD3": "99.17294528", 
        "SD3neg": "83.99809498"
    }, 
    {
        "L": "0.069444521", 
        "M": "92.02127167", 
        "Month": "31", 
        "S": "0.040949976", 
        "SD0": "92.02127167", 
        "SD1": "95.86218857", 
        "SD1neg": "88.32396296", 
        "SD2": "99.85186044", 
        "SD2neg": "84.7652798", 
        "SD3": "99.95186044", 
        "SD3neg": "84.6652798"
    }, 
    {
        "L": "-0.029720564", 
        "M": "92.69637946", 
        "Month": "32", 
        "S": "0.040908737", 
        "SD0": "92.69637946", 
        "SD1": "96.56950819", 
        "SD1neg": "88.98301666", 
        "SD2": "100.6094839", 
        "SD2neg": "85.42264735", 
        "SD3": "100.7094839", 
        "SD3neg": "85.32264735"
    }, 
    {
        "L": "-0.124251789", 
        "M": "93.35846546", 
        "Month": "33", 
        "S": "0.040844062", 
        "SD0": "93.35846546", 
        "SD1": "97.26066141", 
        "SD1neg": "89.6314068", 
        "SD2": "101.3471816", 
        "SD2neg": "86.07079943", 
        "SD3": "101.4471816", 
        "SD3neg": "85.97079943"
    }, 
    {
        "L": "-0.215288396", 
        "M": "94.00822923", 
        "Month": "34", 
        "S": "0.040758431", 
        "SD0": "94.00822923", 
        "SD1": "97.93662943", 
        "SD1neg": "90.26968388", 
        "SD2": "102.0663366", 
        "SD2neg": "86.71028441", 
        "SD3": "102.1663366", 
        "SD3neg": "86.61028441"
    }, 
    {
        "L": "-0.30385434", 
        "M": "94.64636981", 
        "Month": "35", 
        "S": "0.040654312", 
        "SD0": "94.64636981", 
        "SD1": "98.59839896", 
        "SD1neg": "90.89838763", 
        "SD2": "102.7683481", 
        "SD2neg": "87.34161691", 
        "SD3": "102.8683481", 
        "SD3neg": "87.24161691"
    }, 
    {
        "L": "-0.390918369", 
        "M": "95.27359106", 
        "Month": "36", 
        "S": "0.04053412", 
        "SD0": "95.27359106", 
        "SD1": "99.24696639", 
        "SD1neg": "91.51805989", 
        "SD2": "103.4546413", 
        "SD2neg": "87.96530526", 
        "SD3": "103.5546413", 
        "SD3neg": "87.86530526"
    }, 
    {
        "L": "-0.254801167", 
        "M": "95.91474929", 
        "Month": "37", 
        "S": "0.040572876", 
        "SD0": "95.91474929", 
        "SD1": "99.90740662", 
        "SD1neg": "92.120286", 
        "SD2": "104.1108454", 
        "SD2neg": "88.51229911", 
        "SD3": "104.2108454", 
        "SD3neg": "88.41229911"
    }, 
    {
        "L": "-0.125654535", 
        "M": "96.54734328", 
        "Month": "38", 
        "S": "0.04061691", 
        "SD0": "96.54734328", 
        "SD1": "100.5599839", 
        "SD1neg": "92.71403645", 
        "SD2": "104.7613334", 
        "SD2neg": "89.05119824", 
        "SD3": "104.8613334", 
        "SD3neg": "88.95119824"
    }, 
    {
        "L": "-0.00316735", 
        "M": "97.17191309", 
        "Month": "39", 
        "S": "0.040666414", 
        "SD0": "97.17191309", 
        "SD1": "101.2052612", 
        "SD1neg": "93.29979533", 
        "SD2": "105.4065751", 
        "SD2neg": "89.58244328", 
        "SD3": "105.5065751", 
        "SD3neg": "89.48244328"
    }, 
    {
        "L": "0.11291221", 
        "M": "97.78897727", 
        "Month": "40", 
        "S": "0.040721467", 
        "SD0": "97.78897727", 
        "SD1": "101.8437728", 
        "SD1neg": "93.8780398", 
        "SD2": "106.0470229", 
        "SD2neg": "90.10648584", 
        "SD3": "106.1470229", 
        "SD3neg": "90.00648584"
    }, 
    {
        "L": "0.222754969", 
        "M": "98.3990283", 
        "Month": "41", 
        "S": "0.040782045", 
        "SD0": "98.3990283", 
        "SD1": "102.4760229", 
        "SD1neg": "94.44923685", 
        "SD2": "106.6831165", 
        "SD2neg": "90.62379156", 
        "SD3": "106.7831165", 
        "SD3neg": "90.52379156"
    }, 
    {
        "L": "0.326530126", 
        "M": "99.00254338", 
        "Month": "42", 
        "S": "0.040848042", 
        "SD0": "99.00254338", 
        "SD1": "103.1024922", 
        "SD1neg": "95.01384649", 
        "SD2": "107.3152702", 
        "SD2neg": "91.13482552", 
        "SD3": "107.4152702", 
        "SD3neg": "91.03482552"
    }, 
    {
        "L": "0.42436156", 
        "M": "99.599977", 
        "Month": "43", 
        "S": "0.040919281", 
        "SD0": "99.599977", 
        "SD1": "103.7236345", 
        "SD1neg": "95.57231759", 
        "SD2": "107.943881", 
        "SD2neg": "91.64005863", 
        "SD3": "108.043881", 
        "SD3neg": "91.54005863"
    }, 
    {
        "L": "0.516353108", 
        "M": "100.191764", 
        "Month": "44", 
        "S": "0.040995524", 
        "SD0": "100.191764", 
        "SD1": "104.3398793", 
        "SD1neg": "96.12508801", 
        "SD2": "108.5693259", 
        "SD2neg": "92.13996189", 
        "SD3": "108.6693259", 
        "SD3neg": "92.03996189"
    }, 
    {
        "L": "0.602595306", 
        "M": "100.7783198", 
        "Month": "45", 
        "S": "0.041076485", 
        "SD0": "100.7783198", 
        "SD1": "104.9516323", 
        "SD1neg": "96.67258391", 
        "SD2": "109.1919612", 
        "SD2neg": "92.63500399", 
        "SD3": "109.2919612", 
        "SD3neg": "92.53500399"
    }, 
    {
        "L": "0.683170764", 
        "M": "101.3600411", 
        "Month": "46", 
        "S": "0.041161838", 
        "SD0": "101.3600411", 
        "SD1": "105.5592766", 
        "SD1neg": "97.21521891", 
        "SD2": "109.812122", 
        "SD2neg": "93.12564887", 
        "SD3": "109.912122", 
        "SD3neg": "93.02564887"
    }, 
    {
        "L": "0.758158406", 
        "M": "101.9373058", 
        "Month": "47", 
        "S": "0.041251224", 
        "SD0": "101.9373058", 
        "SD1": "106.1631727", 
        "SD1neg": "97.75339337", 
        "SD2": "110.4301232", 
        "SD2neg": "93.61235341", 
        "SD3": "110.5301232", 
        "SD3neg": "93.51235341"
    }, 
    {
        "L": "0.827636736", 
        "M": "102.5104735", 
        "Month": "48", 
        "S": "0.041344257", 
        "SD0": "102.5104735", 
        "SD1": "106.7636598", 
        "SD1neg": "98.28749383", 
        "SD2": "111.0462585", 
        "SD2neg": "94.0955655", 
        "SD3": "111.1462585", 
        "SD3neg": "93.9955655"
    }, 
    {
        "L": "0.891686306", 
        "M": "103.0798852", 
        "Month": "49", 
        "S": "0.041440534", 
        "SD0": "103.0798852", 
        "SD1": "107.3610555", 
        "SD1neg": "98.81789217", 
        "SD2": "111.6608014", 
        "SD2neg": "94.57572183", 
        "SD3": "111.7608014", 
        "SD3neg": "94.47572183"
    }, 
    {
        "L": "0.95039153", 
        "M": "103.645864", 
        "Month": "50", 
        "S": "0.041539635", 
        "SD0": "103.645864", 
        "SD1": "107.9556572", 
        "SD1neg": "99.34494513", 
        "SD2": "112.2740049", 
        "SD2neg": "95.05324616", 
        "SD3": "112.3740049", 
        "SD3neg": "94.95324616"
    }, 
    {
        "L": "1.003830006", 
        "M": "104.208713", 
        "Month": "51", 
        "S": "0.041641136", 
        "SD0": "104.208713", 
        "SD1": "108.5477409", 
        "SD1neg": "99.86899277", 
        "SD2": "112.8861044", 
        "SD2neg": "95.52854997", 
        "SD3": "112.9861044", 
        "SD3neg": "95.42854997"
    }, 
    {
        "L": "1.05213569", 
        "M": "104.7687256", 
        "Month": "52", 
        "S": "0.041744602", 
        "SD0": "104.7687256", 
        "SD1": "109.1375667", 
        "SD1neg": "100.3903627", 
        "SD2": "113.4973062", 
        "SD2neg": "96.0020182", 
        "SD3": "113.5973062", 
        "SD3neg": "95.9020182"
    }, 
    {
        "L": "1.0953669", 
        "M": "105.3261638", 
        "Month": "53", 
        "S": "0.041849607", 
        "SD0": "105.3261638", 
        "SD1": "109.725369", 
        "SD1neg": "100.9093595", 
        "SD2": "114.1078127", 
        "SD2neg": "96.47403434", 
        "SD3": "114.2078127", 
        "SD3neg": "96.37403434"
    }, 
    {
        "L": "1.133652119", 
        "M": "105.8812823", 
        "Month": "54", 
        "S": "0.041955723", 
        "SD0": "105.8812823", 
        "SD1": "110.3113683", 
        "SD1neg": "101.426275", 
        "SD2": "114.7177954", 
        "SD2neg": "96.94494977", 
        "SD3": "114.8177954", 
        "SD3neg": "96.84494977"
    }, 
    {
        "L": "1.167104213", 
        "M": "106.4343146", 
        "Month": "55", 
        "S": "0.042062532", 
        "SD0": "106.4343146", 
        "SD1": "110.8957645", 
        "SD1neg": "101.9413818", 
        "SD2": "115.3274114", 
        "SD2neg": "97.41509967", 
        "SD3": "115.4274114", 
        "SD3neg": "97.31509967"
    }, 
    {
        "L": "1.195845353", 
        "M": "106.9854769", 
        "Month": "56", 
        "S": "0.042169628", 
        "SD0": "106.9854769", 
        "SD1": "111.4787397", 
        "SD1neg": "102.4549346", 
        "SD2": "115.9367993", 
        "SD2neg": "97.88479664", 
        "SD3": "116.0367993", 
        "SD3neg": "97.78479664"
    }, 
    {
        "L": "1.220004233", 
        "M": "107.534968", 
        "Month": "57", 
        "S": "0.042276619", 
        "SD0": "107.534968", 
        "SD1": "112.0604579", 
        "SD1neg": "102.9671694", 
        "SD2": "116.5460798", 
        "SD2neg": "98.35433036", 
        "SD3": "116.6460798", 
        "SD3neg": "98.25433036"
    }, 
    {
        "L": "1.239715856", 
        "M": "108.0829695", 
        "Month": "58", 
        "S": "0.042383129", 
        "SD0": "108.0829695", 
        "SD1": "112.641066", 
        "SD1neg": "103.4783034", 
        "SD2": "117.1553562", 
        "SD2neg": "98.82396616", 
        "SD3": "117.2553562", 
        "SD3neg": "98.72396616"
    }, 
    {
        "L": "1.255121285", 
        "M": "108.6296457", 
        "Month": "59", 
        "S": "0.042488804", 
        "SD0": "108.6296457", 
        "SD1": "113.2206935", 
        "SD1neg": "103.9885349", 
        "SD2": "117.7647151", 
        "SD2neg": "99.29394453", 
        "SD3": "117.8647151", 
        "SD3neg": "99.19394453"
    }, 
    {
        "L": "1.266367398", 
        "M": "109.1751441", 
        "Month": "60", 
        "S": "0.042593311", 
        "SD0": "109.1751441", 
        "SD1": "113.7994535", 
        "SD1neg": "104.4980425", 
        "SD2": "118.3742262", 
        "SD2neg": "99.76447998", 
        "SD3": "118.4742262", 
        "SD3neg": "99.66447998"
    }, 
    {
        "L": "1.273606657", 
        "M": "109.7195954", 
        "Month": "61", 
        "S": "0.042696342", 
        "SD0": "109.7195954", 
        "SD1": "114.3774428", 
        "SD1neg": "105.0069858", 
        "SD2": "118.9839433", 
        "SD2neg": "100.2357605", 
        "SD3": "119.0839433", 
        "SD3neg": "100.1357605"
    }, 
    {
        "L": "1.276996893", 
        "M": "110.2631136", 
        "Month": "62", 
        "S": "0.042797615", 
        "SD0": "110.2631136", 
        "SD1": "114.9547425", 
        "SD1neg": "105.5155043", 
        "SD2": "119.5939045", 
        "SD2neg": "100.7079472", 
        "SD3": "119.6939045", 
        "SD3neg": "100.6079472"
    }, 
    {
        "L": "1.276701119", 
        "M": "110.8057967", 
        "Month": "63", 
        "S": "0.042896877", 
        "SD0": "110.8057967", 
        "SD1": "115.5314181", 
        "SD1neg": "106.0237183", 
        "SD2": "120.2041325", 
        "SD2neg": "101.1811733", 
        "SD3": "120.3041325", 
        "SD3neg": "101.0811733"
    }, 
    {
        "L": "1.272887366", 
        "M": "111.3477265", 
        "Month": "64", 
        "S": "0.042993904", 
        "SD0": "111.3477265", 
        "SD1": "116.1075206", 
        "SD1neg": "106.531728", 
        "SD2": "120.8146354", 
        "SD2neg": "101.6555446", 
        "SD3": "120.9146354", 
        "SD3neg": "101.5555446"
    }, 
    {
        "L": "1.265728536", 
        "M": "111.8889694", 
        "Month": "65", 
        "S": "0.043088503", 
        "SD0": "111.8889694", 
        "SD1": "116.6830864", 
        "SD1neg": "107.0396145", 
        "SD2": "121.4254067", 
        "SD2neg": "102.1311388", 
        "SD3": "121.5254067", 
        "SD3neg": "102.0311388"
    }, 
    {
        "L": "1.255402281", 
        "M": "112.4295761", 
        "Month": "66", 
        "S": "0.043180513", 
        "SD0": "112.4295761", 
        "SD1": "117.2581381", 
        "SD1neg": "107.5474389", 
        "SD2": "122.036426", 
        "SD2neg": "102.6080056", 
        "SD3": "122.136426", 
        "SD3neg": "102.5080056"
    }, 
    {
        "L": "1.242090871", 
        "M": "112.9695827", 
        "Month": "67", 
        "S": "0.043269806", 
        "SD0": "112.9695827", 
        "SD1": "117.8326848", 
        "SD1neg": "108.0552436", 
        "SD2": "122.6476596", 
        "SD2neg": "103.0861671", 
        "SD3": "122.7476596", 
        "SD3neg": "102.9861671"
    }, 
    {
        "L": "1.225981067", 
        "M": "113.5090108", 
        "Month": "68", 
        "S": "0.043356287", 
        "SD0": "113.5090108", 
        "SD1": "118.4067229", 
        "SD1neg": "108.5630517", 
        "SD2": "123.2590608", 
        "SD2neg": "103.5656177", 
        "SD3": "123.3590608", 
        "SD3neg": "103.4656177"
    }, 
    {
        "L": "1.207263978", 
        "M": "114.0478678", 
        "Month": "69", 
        "S": "0.043439893", 
        "SD0": "114.0478678", 
        "SD1": "118.9802365", 
        "SD1neg": "109.0708676", 
        "SD2": "123.8705705", 
        "SD2neg": "104.0463249", 
        "SD3": "123.9705705", 
        "SD3neg": "103.9463249"
    }, 
    {
        "L": "1.186140222", 
        "M": "114.5861486", 
        "Month": "70", 
        "S": "0.043520597", 
        "SD0": "114.5861486", 
        "SD1": "119.5531984", 
        "SD1neg": "109.5786782", 
        "SD2": "124.4821162", 
        "SD2neg": "104.5282284", 
        "SD3": "124.5821162", 
        "SD3neg": "104.4282284"
    }, 
    {
        "L": "1.162796198", 
        "M": "115.1238315", 
        "Month": "71", 
        "S": "0.043598407", 
        "SD0": "115.1238315", 
        "SD1": "120.1255689", 
        "SD1neg": "110.0864508", 
        "SD2": "125.0936185", 
        "SD2neg": "105.0112466", 
        "SD3": "125.1936185", 
        "SD3neg": "104.9112466"
    }, 
    {
        "L": "1.137442868", 
        "M": "115.6608862", 
        "Month": "72", 
        "S": "0.043673359", 
        "SD0": "115.6608862", 
        "SD1": "120.6972993", 
        "SD1neg": "110.5941374", 
        "SD2": "125.7049824", 
        "SD2neg": "105.4952683", 
        "SD3": "125.8049824", 
        "SD3neg": "105.3952683"
    }, 
    {
        "L": "1.110286487", 
        "M": "116.1972691", 
        "Month": "73", 
        "S": "0.043745523", 
        "SD0": "116.1972691", 
        "SD1": "121.2683304", 
        "SD1neg": "111.1016729", 
        "SD2": "126.3161044", 
        "SD2neg": "105.9801604", 
        "SD3": "126.4161044", 
        "SD3neg": "105.8801604"
    }, 
    {
        "L": "1.081536236", 
        "M": "116.732925", 
        "Month": "74", 
        "S": "0.043815003", 
        "SD0": "116.732925", 
        "SD1": "121.8385938", 
        "SD1neg": "111.6089763", 
        "SD2": "126.9268714", 
        "SD2neg": "106.4657674", 
        "SD3": "127.0268714", 
        "SD3neg": "106.3657674"
    }, 
    {
        "L": "1.05140374", 
        "M": "117.2677879", 
        "Month": "75", 
        "S": "0.043881929", 
        "SD0": "117.2677879", 
        "SD1": "122.4080123", 
        "SD1neg": "112.1159515", 
        "SD2": "127.5371615", 
        "SD2neg": "106.9519127", 
        "SD3": "127.6371615", 
        "SD3neg": "106.8519127"
    }, 
    {
        "L": "1.020102497", 
        "M": "117.8017819", 
        "Month": "76", 
        "S": "0.043946461", 
        "SD0": "117.8017819", 
        "SD1": "122.9765006", 
        "SD1neg": "112.6224881", 
        "SD2": "128.1468445", 
        "SD2neg": "107.4384001", 
        "SD3": "128.2468445", 
        "SD3neg": "107.3384001"
    }, 
    {
        "L": "0.987847213", 
        "M": "118.3348215", 
        "Month": "77", 
        "S": "0.044008785", 
        "SD0": "118.3348215", 
        "SD1": "123.5439663", 
        "SD1neg": "113.1284628", 
        "SD2": "128.7557825", 
        "SD2neg": "107.9250153", 
        "SD3": "128.8557825", 
        "SD3neg": "107.8250153"
    }, 
    {
        "L": "0.954853043", 
        "M": "118.8668123", 
        "Month": "78", 
        "S": "0.044069112", 
        "SD0": "118.8668123", 
        "SD1": "124.11031", 
        "SD1neg": "113.6337396", 
        "SD2": "129.363831", 
        "SD2neg": "108.411528", 
        "SD3": "129.463831", 
        "SD3neg": "108.311528"
    }, 
    {
        "L": "0.921334742", 
        "M": "119.397652", 
        "Month": "79", 
        "S": "0.044127675", 
        "SD0": "119.397652", 
        "SD1": "124.6754262", 
        "SD1neg": "114.1381715", 
        "SD2": "129.9708393", 
        "SD2neg": "108.8976932", 
        "SD3": "130.0708393", 
        "SD3neg": "108.7976932"
    }, 
    {
        "L": "0.887505723", 
        "M": "119.9272309", 
        "Month": "80", 
        "S": "0.044184725", 
        "SD0": "119.9272309", 
        "SD1": "125.2392043", 
        "SD1neg": "114.6416017", 
        "SD2": "130.5766513", 
        "SD2neg": "109.3832535", 
        "SD3": "130.6766513", 
        "SD3neg": "109.2832535"
    }, 
    {
        "L": "0.85357703", 
        "M": "120.455433", 
        "Month": "81", 
        "S": "0.044240532", 
        "SD0": "120.455433", 
        "SD1": "125.8015287", 
        "SD1neg": "115.1438639", 
        "SD2": "131.1811065", 
        "SD2neg": "109.8679409", 
        "SD3": "131.2811065", 
        "SD3neg": "109.7679409"
    }, 
    {
        "L": "0.819756239", 
        "M": "120.9821362", 
        "Month": "82", 
        "S": "0.044295379", 
        "SD0": "120.9821362", 
        "SD1": "126.3622798", 
        "SD1neg": "115.6447848", 
        "SD2": "131.7840409", 
        "SD2neg": "110.3514789", 
        "SD3": "131.8840409", 
        "SD3neg": "110.2514789"
    }, 
    {
        "L": "0.786246296", 
        "M": "121.5072136", 
        "Month": "83", 
        "S": "0.044349559", 
        "SD0": "121.5072136", 
        "SD1": "126.9213345", 
        "SD1neg": "116.1441843", 
        "SD2": "132.3852873", 
        "SD2neg": "110.8335847", 
        "SD3": "132.4852873", 
        "SD3neg": "110.7335847"
    }, 
    {
        "L": "0.753244292", 
        "M": "122.0305342", 
        "Month": "84", 
        "S": "0.044403374", 
        "SD0": "122.0305342", 
        "SD1": "127.4785671", 
        "SD1neg": "116.6418775", 
        "SD2": "132.984677", 
        "SD2neg": "111.3139714", 
        "SD3": "133.084677", 
        "SD3neg": "111.2139714"
    }, 
    {
        "L": "0.720940222", 
        "M": "122.5519634", 
        "Month": "85", 
        "S": "0.04445713", 
        "SD0": "122.5519634", 
        "SD1": "128.0338499", 
        "SD1neg": "117.1376754", 
        "SD2": "133.5820399", 
        "SD2neg": "111.7923497", 
        "SD3": "133.6820399", 
        "SD3neg": "111.6923497"
    }, 
    {
        "L": "0.689515708", 
        "M": "123.0713645", 
        "Month": "86", 
        "S": "0.044511135", 
        "SD0": "123.0713645", 
        "SD1": "128.5870535", 
        "SD1neg": "117.6313872", 
        "SD2": "134.1772062", 
        "SD2neg": "112.2684305", 
        "SD3": "134.2772062", 
        "SD3neg": "112.1684305"
    }, 
    {
        "L": "0.659142731", 
        "M": "123.588599", 
        "Month": "87", 
        "S": "0.044565693", 
        "SD0": "123.588599", 
        "SD1": "129.1380482", 
        "SD1neg": "118.1228208", 
        "SD2": "134.7700066", 
        "SD2neg": "112.741927", 
        "SD3": "134.8700066", 
        "SD3neg": "112.641927"
    }, 
    {
        "L": "0.629997853", 
        "M": "124.1035312", 
        "Month": "88", 
        "S": "0.044621104", 
        "SD0": "124.1035312", 
        "SD1": "129.6867057", 
        "SD1neg": "118.6117862", 
        "SD2": "135.3602691", 
        "SD2neg": "113.2125529", 
        "SD3": "135.4602691", 
        "SD3neg": "113.1125529"
    }, 
    {
        "L": "0.602203984", 
        "M": "124.6160161", 
        "Month": "89", 
        "S": "0.044677662", 
        "SD0": "124.6160161", 
        "SD1": "130.232894", 
        "SD1neg": "119.0980909", 
        "SD2": "135.9478365", 
        "SD2neg": "113.6800386", 
        "SD3": "136.0478365", 
        "SD3neg": "113.5800386"
    }, 
    {
        "L": "0.575908038", 
        "M": "125.1259182", 
        "Month": "90", 
        "S": "0.044735646", 
        "SD0": "125.1259182", 
        "SD1": "130.7764865", 
        "SD1neg": "119.5815494", 
        "SD2": "136.5325445", 
        "SD2neg": "114.1441136", 
        "SD3": "136.6325445", 
        "SD3neg": "114.0441136"
    }, 
    {
        "L": "0.55123134", 
        "M": "125.6331012", 
        "Month": "91", 
        "S": "0.044795322", 
        "SD0": "125.6331012", 
        "SD1": "131.3173574", 
        "SD1neg": "120.06198", 
        "SD2": "137.1142367", 
        "SD2neg": "114.6045208", 
        "SD3": "137.2142367", 
        "SD3neg": "114.5045208"
    }, 
    {
        "L": "0.528279901", 
        "M": "126.1374319", 
        "Month": "92", 
        "S": "0.044856941", 
        "SD0": "126.1374319", 
        "SD1": "131.8553837", 
        "SD1neg": "120.5392064", 
        "SD2": "137.6927622", 
        "SD2neg": "115.0610153", 
        "SD3": "137.7927622", 
        "SD3neg": "114.9610153"
    }, 
    {
        "L": "0.507143576", 
        "M": "126.6387804", 
        "Month": "93", 
        "S": "0.04492073", 
        "SD0": "126.6387804", 
        "SD1": "132.3904459", 
        "SD1neg": "121.01306", 
        "SD2": "138.2679767", 
        "SD2neg": "115.5133664", 
        "SD3": "138.3679767", 
        "SD3neg": "115.4133664"
    }, 
    {
        "L": "0.487895344", 
        "M": "127.1370217", 
        "Month": "94", 
        "S": "0.044986899", 
        "SD0": "127.1370217", 
        "SD1": "132.9224288", 
        "SD1neg": "121.4833802", 
        "SD2": "138.8397435", 
        "SD2neg": "115.9613593", 
        "SD3": "138.9397435", 
        "SD3neg": "115.8613593"
    }, 
    {
        "L": "0.470590753", 
        "M": "127.6320362", 
        "Month": "95", 
        "S": "0.045055632", 
        "SD0": "127.6320362", 
        "SD1": "133.451222", 
        "SD1neg": "121.9500167", 
        "SD2": "139.4079343", 
        "SD2neg": "116.4047967", 
        "SD3": "139.5079343", 
        "SD3neg": "116.3047967"
    }, 
    {
        "L": "0.455267507", 
        "M": "128.1237104", 
        "Month": "96", 
        "S": "0.045127088", 
        "SD0": "128.1237104", 
        "SD1": "133.9767208", 
        "SD1neg": "122.4128297", 
        "SD2": "139.9724302", 
        "SD2neg": "116.8435001", 
        "SD3": "140.0724302", 
        "SD3neg": "116.7435001"
    }, 
    {
        "L": "0.441945241", 
        "M": "128.6119383", 
        "Month": "97", 
        "S": "0.045201399", 
        "SD0": "128.6119383", 
        "SD1": "134.4988273", 
        "SD1neg": "122.8716916", 
        "SD2": "140.5331225", 
        "SD2neg": "117.2773118", 
        "SD3": "140.6331225", 
        "SD3neg": "117.1773118"
    }, 
    {
        "L": "0.430625458", 
        "M": "129.096622", 
        "Month": "98", 
        "S": "0.045278671", 
        "SD0": "129.096622", 
        "SD1": "135.0174505", 
        "SD1neg": "123.326488", 
        "SD2": "141.0899139", 
        "SD2neg": "117.7060954", 
        "SD3": "141.1899139", 
        "SD3neg": "117.6060954"
    }, 
    {
        "L": "0.421291648", 
        "M": "129.5776723", 
        "Month": "99", 
        "S": "0.045358979", 
        "SD0": "129.5776723", 
        "SD1": "135.5325075", 
        "SD1neg": "123.7771185", 
        "SD2": "141.6427192", 
        "SD2neg": "118.1297376", 
        "SD3": "141.7427192", 
        "SD3neg": "118.0297376"
    }, 
    {
        "L": "0.413909588", 
        "M": "130.0550101", 
        "Month": "100", 
        "S": "0.045442372", 
        "SD0": "130.0550101", 
        "SD1": "136.0439246", 
        "SD1neg": "124.2234978", 
        "SD2": "142.1914661", 
        "SD2neg": "118.5481491", 
        "SD3": "142.2914661", 
        "SD3neg": "118.4481491"
    }, 
    {
        "L": "0.408427813", 
        "M": "130.5285669", 
        "Month": "101", 
        "S": "0.045528869", 
        "SD0": "130.5285669", 
        "SD1": "136.5516375", 
        "SD1neg": "124.6655567", 
        "SD2": "142.7360964", 
        "SD2neg": "118.9612653", 
        "SD3": "142.8360964", 
        "SD3neg": "118.8612653"
    }, 
    {
        "L": "0.404778262", 
        "M": "130.9982857", 
        "Month": "102", 
        "S": "0.045618459", 
        "SD0": "130.9982857", 
        "SD1": "137.0555925", 
        "SD1neg": "125.1032429", 
        "SD2": "143.2765665", 
        "SD2neg": "119.3690476", 
        "SD3": "143.3765665", 
        "SD3neg": "119.2690476"
    }, 
    {
        "L": "0.402877077", 
        "M": "131.4641218", 
        "Month": "103", 
        "S": "0.045711105", 
        "SD0": "131.4641218", 
        "SD1": "137.5557475", 
        "SD1neg": "125.5365215", 
        "SD2": "143.8128483", 
        "SD2neg": "119.7714833", 
        "SD3": "143.9128483", 
        "SD3neg": "119.6714833"
    }, 
    {
        "L": "0.402625561", 
        "M": "131.9260439", 
        "Month": "104", 
        "S": "0.045806742", 
        "SD0": "131.9260439", 
        "SD1": "138.0520726", 
        "SD1neg": "125.9653762", 
        "SD2": "144.3449304", 
        "SD2neg": "120.1685872", 
        "SD3": "144.4449304", 
        "SD3neg": "120.0685872"
    }, 
    {
        "L": "0.40391127", 
        "M": "132.3840348", 
        "Month": "105", 
        "S": "0.045905281", 
        "SD0": "132.3840348", 
        "SD1": "138.544551", 
        "SD1neg": "126.3898095", 
        "SD2": "144.8728183", 
        "SD2neg": "120.560401", 
        "SD3": "144.9728183", 
        "SD3neg": "120.460401"
    }, 
    {
        "L": "0.406609232", 
        "M": "132.838092", 
        "Month": "106", 
        "S": "0.046006604", 
        "SD0": "132.838092", 
        "SD1": "139.0331805", 
        "SD1neg": "126.8098437", 
        "SD2": "145.3965357", 
        "SD2neg": "120.9469946", 
        "SD3": "145.4965357", 
        "SD3neg": "120.8469946"
    }, 
    {
        "L": "0.410583274", 
        "M": "133.2882291", 
        "Month": "107", 
        "S": "0.046110573", 
        "SD0": "133.2882291", 
        "SD1": "139.5179736", 
        "SD1neg": "127.2255213", 
        "SD2": "145.9161251", 
        "SD2neg": "121.3284654", 
        "SD3": "146.0161251", 
        "SD3neg": "121.2284654"
    }, 
    {
        "L": "0.415687443", 
        "M": "133.7344759", 
        "Month": "108", 
        "S": "0.046217028", 
        "SD0": "133.7344759", 
        "SD1": "139.9989591", 
        "SD1neg": "127.6369054", 
        "SD2": "146.4316485", 
        "SD2neg": "121.7049393", 
        "SD3": "146.5316485", 
        "SD3neg": "121.6049393"
    }, 
    {
        "L": "0.421767514", 
        "M": "134.1768801", 
        "Month": "109", 
        "S": "0.04632579", 
        "SD0": "134.1768801", 
        "SD1": "140.4761829", 
        "SD1neg": "128.0440806", 
        "SD2": "146.9431884", 
        "SD2neg": "122.0765699", 
        "SD3": "147.0431884", 
        "SD3neg": "121.9765699"
    }, 
    {
        "L": "0.428662551", 
        "M": "134.6155076", 
        "Month": "110", 
        "S": "0.046436662", 
        "SD0": "134.6155076", 
        "SD1": "140.9497087", 
        "SD1neg": "128.447153", 
        "SD2": "147.4508482", 
        "SD2neg": "122.4435387", 
        "SD3": "147.5508482", 
        "SD3neg": "122.3435387"
    }, 
    {
        "L": "0.436206531", 
        "M": "135.0504433", 
        "Month": "111", 
        "S": "0.04654943", 
        "SD0": "135.0504433", 
        "SD1": "141.4196198", 
        "SD1neg": "128.8462507", 
        "SD2": "147.9547532", 
        "SD2neg": "122.8060551", 
        "SD3": "148.0547532", 
        "SD3neg": "122.7060551"
    }, 
    {
        "L": "0.44423", 
        "M": "135.4817925", 
        "Month": "112", 
        "S": "0.046663871", 
        "SD0": "135.4817925", 
        "SD1": "141.886019", 
        "SD1neg": "129.2415247", 
        "SD2": "148.4550512", 
        "SD2neg": "123.1643555", 
        "SD3": "148.5550512", 
        "SD3neg": "123.0643555"
    }, 
    {
        "L": "0.45256176", 
        "M": "135.9096813", 
        "Month": "113", 
        "S": "0.046779748", 
        "SD0": "135.9096813", 
        "SD1": "142.3490307", 
        "SD1neg": "129.6331484", 
        "SD2": "148.9519134", 
        "SD2neg": "123.5187033", 
        "SD3": "149.0519134", 
        "SD3neg": "123.4187033"
    }, 
    {
        "L": "0.461030578", 
        "M": "136.3342577", 
        "Month": "114", 
        "S": "0.046896817", 
        "SD0": "136.3342577", 
        "SD1": "142.8088011", 
        "SD1neg": "130.0213187", 
        "SD2": "149.4455346", 
        "SD2neg": "123.8693882", 
        "SD3": "149.5455346", 
        "SD3neg": "123.7693882"
    }, 
    {
        "L": "0.469466904", 
        "M": "136.7556923", 
        "Month": "115", 
        "S": "0.047014827", 
        "SD0": "136.7556923", 
        "SD1": "143.2654997", 
        "SD1neg": "130.4062557", 
        "SD2": "149.9361342", 
        "SD2neg": "124.2167252", 
        "SD3": "150.0361342", 
        "SD3neg": "124.1167252"
    }, 
    {
        "L": "0.477704608", 
        "M": "137.1741794", 
        "Month": "116", 
        "S": "0.047133525", 
        "SD0": "137.1741794", 
        "SD1": "143.7193201", 
        "SD1neg": "130.7882034", 
        "SD2": "150.4239568", 
        "SD2neg": "124.5610542", 
        "SD3": "150.5239568", 
        "SD3neg": "124.4610542"
    }, 
    {
        "L": "0.48558272", 
        "M": "137.5899378", 
        "Month": "117", 
        "S": "0.047252654", 
        "SD0": "137.5899378", 
        "SD1": "144.170481", 
        "SD1neg": "131.1674297", 
        "SD2": "150.9092724", 
        "SD2neg": "124.902739", 
        "SD3": "151.0092724", 
        "SD3neg": "124.802739"
    }, 
    {
        "L": "0.492947182", 
        "M": "138.0032114", 
        "Month": "118", 
        "S": "0.047371961", 
        "SD0": "138.0032114", 
        "SD1": "144.619227", 
        "SD1neg": "131.5442265", 
        "SD2": "151.3923771", 
        "SD2neg": "125.2421661", 
        "SD3": "151.4923771", 
        "SD3neg": "125.1421661"
    }, 
    {
        "L": "0.499652617", 
        "M": "138.4142703", 
        "Month": "119", 
        "S": "0.047491194", 
        "SD0": "138.4142703", 
        "SD1": "145.0658298", 
        "SD1neg": "131.91891", 
        "SD2": "151.8735935", 
        "SD2neg": "125.5797436", 
        "SD3": "151.9735935", 
        "SD3neg": "125.4797436"
    }, 
    {
        "L": "0.505564115", 
        "M": "138.8234114", 
        "Month": "120", 
        "S": "0.047610108", 
        "SD0": "138.8234114", 
        "SD1": "145.5105884", 
        "SD1neg": "132.2918208", 
        "SD2": "152.3532704", 
        "SD2neg": "125.9158999", 
        "SD3": "152.4532704", 
        "SD3neg": "125.8158999"
    }, 
    {
        "L": "0.510559047", 
        "M": "139.2309592", 
        "Month": "121", 
        "S": "0.047728463", 
        "SD0": "139.2309592", 
        "SD1": "145.9538307", 
        "SD1neg": "132.6633235", 
        "SD2": "152.8317835", 
        "SD2neg": "126.2510822", 
        "SD3": "152.9317835", 
        "SD3neg": "126.1510822"
    }, 
    {
        "L": "0.514528903", 
        "M": "139.6372663", 
        "Month": "122", 
        "S": "0.04784603", 
        "SD0": "139.6372663", 
        "SD1": "146.3959131", 
        "SD1neg": "133.0338073", 
        "SD2": "153.3095348", 
        "SD2neg": "126.5857549", 
        "SD3": "153.4095348", 
        "SD3neg": "126.4857549"
    }, 
    {
        "L": "0.517381177", 
        "M": "140.042714", 
        "Month": "123", 
        "S": "0.047962592", 
        "SD0": "140.042714", 
        "SD1": "146.8372217", 
        "SD1neg": "133.4036852", 
        "SD2": "153.7869526", 
        "SD2neg": "126.9203981", 
        "SD3": "153.8869526", 
        "SD3neg": "126.8203981"
    }, 
    {
        "L": "0.519041285", 
        "M": "140.4477127", 
        "Month": "124", 
        "S": "0.048077942", 
        "SD0": "140.4477127", 
        "SD1": "147.2781723", 
        "SD1neg": "133.7733937", 
        "SD2": "154.2644904", 
        "SD2neg": "127.2555052", 
        "SD3": "154.3644904", 
        "SD3neg": "127.1555052"
    }, 
    {
        "L": "0.519454524", 
        "M": "140.8527022", 
        "Month": "125", 
        "S": "0.048191889", 
        "SD0": "140.8527022", 
        "SD1": "147.7192103", 
        "SD1neg": "134.1433929", 
        "SD2": "154.7426264", 
        "SD2neg": "127.5915813", 
        "SD3": "154.8426264", 
        "SD3neg": "127.4915813"
    }, 
    {
        "L": "0.518588072", 
        "M": "141.2581515", 
        "Month": "126", 
        "S": "0.048304259", 
        "SD0": "141.2581515", 
        "SD1": "148.1608109", 
        "SD1neg": "134.5141651", 
        "SD2": "155.2218621", 
        "SD2neg": "127.9291406", 
        "SD3": "155.3218621", 
        "SD3neg": "127.8291406"
    }, 
    {
        "L": "0.516433004", 
        "M": "141.6645592", 
        "Month": "127", 
        "S": "0.048414893", 
        "SD0": "141.6645592", 
        "SD1": "148.6034784", 
        "SD1neg": "134.8862147", 
        "SD2": "155.7027202", 
        "SD2neg": "128.2687041", 
        "SD3": "155.8027202", 
        "SD3neg": "128.1687041"
    }, 
    {
        "L": "0.513006312", 
        "M": "142.072452", 
        "Month": "128", 
        "S": "0.048523648", 
        "SD0": "142.072452", 
        "SD1": "149.0477452", 
        "SD1neg": "135.2600664", 
        "SD2": "156.185743", 
        "SD2neg": "128.6107968", 
        "SD3": "156.285743", 
        "SD3neg": "128.5107968"
    }, 
    {
        "L": "0.508352901", 
        "M": "142.4823852", 
        "Month": "129", 
        "S": "0.048630402", 
        "SD0": "142.4823852", 
        "SD1": "149.494171", 
        "SD1neg": "135.6362645", 
        "SD2": "156.6714891", 
        "SD2neg": "128.9559453", 
        "SD3": "156.7714891", 
        "SD3neg": "128.8559453"
    }, 
    {
        "L": "0.502547502", 
        "M": "142.8949403", 
        "Month": "130", 
        "S": "0.04873505", 
        "SD0": "142.8949403", 
        "SD1": "149.9433408", 
        "SD1neg": "136.0153705", 
        "SD2": "157.1605305", 
        "SD2neg": "129.304674", 
        "SD3": "157.2605305", 
        "SD3neg": "129.204674"
    }, 
    {
        "L": "0.495696454", 
        "M": "143.3107241", 
        "Month": "131", 
        "S": "0.048837504", 
        "SD0": "143.3107241", 
        "SD1": "150.3958624", 
        "SD1neg": "136.397962", 
        "SD2": "157.6534485", 
        "SD2neg": "129.6575028", 
        "SD3": "157.7534485", 
        "SD3neg": "129.5575028"
    }, 
    {
        "L": "0.487939275", 
        "M": "143.7303663", 
        "Month": "132", 
        "S": "0.048937694", 
        "SD0": "143.7303663", 
        "SD1": "150.8523642", 
        "SD1neg": "136.7846294", 
        "SD2": "158.1508286", 
        "SD2neg": "130.014943", 
        "SD3": "158.2508286", 
        "SD3neg": "129.914943"
    }, 
    {
        "L": "0.479449924", 
        "M": "144.1545167", 
        "Month": "133", 
        "S": "0.049035564", 
        "SD0": "144.1545167", 
        "SD1": "151.3134909", 
        "SD1neg": "137.1759736", 
        "SD2": "158.6532561", 
        "SD2neg": "130.3774941", 
        "SD3": "158.7532561", 
        "SD3neg": "130.2774941"
    }, 
    {
        "L": "0.470437652", 
        "M": "144.5838414", 
        "Month": "134", 
        "S": "0.049131073", 
        "SD0": "144.5838414", 
        "SD1": "151.7798998", 
        "SD1neg": "137.5726023", 
        "SD2": "159.161309", 
        "SD2neg": "130.7456401", 
        "SD3": "159.261309", 
        "SD3neg": "130.6456401"
    }, 
    {
        "L": "0.461147305", 
        "M": "145.0190192", 
        "Month": "135", 
        "S": "0.049224189", 
        "SD0": "145.0190192", 
        "SD1": "152.2522551", 
        "SD1neg": "137.9751265", 
        "SD2": "159.6755517", 
        "SD2neg": "131.1198456", 
        "SD3": "159.7755517", 
        "SD3neg": "131.0198456"
    }, 
    {
        "L": "0.451858946", 
        "M": "145.4607359", 
        "Month": "136", 
        "S": "0.049314887", 
        "SD0": "145.4607359", 
        "SD1": "152.7312221", 
        "SD1neg": "138.3841556", 
        "SD2": "160.1965271", 
        "SD2neg": "131.5005524", 
        "SD3": "160.2965271", 
        "SD3neg": "131.4005524"
    }, 
    {
        "L": "0.442886661", 
        "M": "145.9096784", 
        "Month": "137", 
        "S": "0.049403145", 
        "SD0": "145.9096784", 
        "SD1": "153.2174601", 
        "SD1neg": "138.800293", 
        "SD2": "160.7247488", 
        "SD2neg": "131.888175", 
        "SD3": "160.8247488", 
        "SD3neg": "131.788175"
    }, 
    {
        "L": "0.434576385", 
        "M": "146.3665278", 
        "Month": "138", 
        "S": "0.049488934", 
        "SD0": "146.3665278", 
        "SD1": "153.7116141", 
        "SD1neg": "139.2241297", 
        "SD2": "161.2606913", 
        "SD2neg": "132.2830972", 
        "SD3": "161.3606913", 
        "SD3neg": "132.1830972"
    }, 
    {
        "L": "0.427302633", 
        "M": "146.8319513", 
        "Month": "139", 
        "S": "0.049572216", 
        "SD0": "146.8319513", 
        "SD1": "154.2143058", 
        "SD1neg": "139.6562388", 
        "SD2": "161.8047817", 
        "SD2neg": "132.6856685", 
        "SD3": "161.9047817", 
        "SD3neg": "132.5856685"
    }, 
    {
        "L": "0.421464027", 
        "M": "147.3065929", 
        "Month": "140", 
        "S": "0.049652935", 
        "SD0": "147.3065929", 
        "SD1": "154.7261238", 
        "SD1neg": "140.0971682", 
        "SD2": "162.3573888", 
        "SD2neg": "133.0962", 
        "SD3": "162.4573888", 
        "SD3neg": "132.9962"
    }, 
    {
        "L": "0.417477538", 
        "M": "147.7910635", 
        "Month": "141", 
        "S": "0.049731004", 
        "SD0": "147.7910635", 
        "SD1": "155.2476115", 
        "SD1neg": "140.547433", 
        "SD2": "162.9188139", 
        "SD2neg": "133.5149614", 
        "SD3": "163.0188139", 
        "SD3neg": "133.4149614"
    }, 
    {
        "L": "0.415771438", 
        "M": "148.2859294", 
        "Month": "142", 
        "S": "0.0498063", 
        "SD0": "148.2859294", 
        "SD1": "155.7792561", 
        "SD1neg": "141.0075082", 
        "SD2": "163.4892805", 
        "SD2neg": "133.9421781", 
        "SD3": "163.5892805", 
        "SD3neg": "133.8421781"
    }, 
    {
        "L": "0.416777012", 
        "M": "148.7917006", 
        "Month": "143", 
        "S": "0.04987865", 
        "SD0": "148.7917006", 
        "SD1": "156.321475", 
        "SD1neg": "141.4778193", 
        "SD2": "164.0689241", 
        "SD2neg": "134.3780275", 
        "SD3": "164.1689241", 
        "SD3neg": "134.2780275"
    }, 
    {
        "L": "0.420919142", 
        "M": "149.3088178", 
        "Month": "144", 
        "S": "0.049947823", 
        "SD0": "149.3088178", 
        "SD1": "156.8746032", 
        "SD1neg": "141.9587343", 
        "SD2": "164.6577835", 
        "SD2neg": "134.8226374", 
        "SD3": "164.7577835", 
        "SD3neg": "134.7226374"
    }, 
    {
        "L": "0.428606007", 
        "M": "149.8376391", 
        "Month": "145", 
        "S": "0.050013518", 
        "SD0": "149.8376391", 
        "SD1": "157.4388788", 
        "SD1neg": "142.4505542", 
        "SD2": "165.2557918", 
        "SD2neg": "135.2760835", 
        "SD3": "165.3557918", 
        "SD3neg": "135.1760835"
    }, 
    {
        "L": "0.440218167", 
        "M": "150.3784267", 
        "Month": "146", 
        "S": "0.050075353", 
        "SD0": "150.3784267", 
        "SD1": "158.0144304", 
        "SD1neg": "142.9535037", 
        "SD2": "165.862769", 
        "SD2neg": "135.7383875", 
        "SD3": "165.962769", 
        "SD3neg": "135.6383875"
    }, 
    {
        "L": "0.456097443", 
        "M": "150.9313331", 
        "Month": "147", 
        "S": "0.050132858", 
        "SD0": "150.9313331", 
        "SD1": "158.6012638", 
        "SD1neg": "143.4677229", 
        "SD2": "166.4784151", 
        "SD2neg": "136.2095165", 
        "SD3": "166.5784151", 
        "SD3neg": "136.1095165"
    }, 
    {
        "L": "0.476536014", 
        "M": "151.4963887", 
        "Month": "148", 
        "S": "0.050185471", 
        "SD0": "151.4963887", 
        "SD1": "159.1992497", 
        "SD1neg": "143.9932576", 
        "SD2": "167.1023061", 
        "SD2neg": "136.689381", 
        "SD3": "167.2023061", 
        "SD3neg": "136.589381"
    }, 
    {
        "L": "0.501766234", 
        "M": "152.0734897", 
        "Month": "149", 
        "S": "0.050232532", 
        "SD0": "152.0734897", 
        "SD1": "159.8081136", 
        "SD1neg": "144.5300521", 
        "SD2": "167.7338905", 
        "SD2neg": "137.1778353", 
        "SD3": "167.8338905", 
        "SD3neg": "137.0778353"
    }, 
    {
        "L": "0.531951655", 
        "M": "152.6623878", 
        "Month": "150", 
        "S": "0.050273285", 
        "SD0": "152.6623878", 
        "SD1": "160.4274273", 
        "SD1neg": "145.0779412", 
        "SD2": "168.372488", 
        "SD2neg": "137.6746768", 
        "SD3": "168.472488", 
        "SD3neg": "137.5746768"
    }, 
    {
        "L": "0.567179725", 
        "M": "153.2626819", 
        "Month": "151", 
        "S": "0.050306885", 
        "SD0": "153.2626819", 
        "SD1": "161.0566025", 
        "SD1neg": "145.6366447", 
        "SD2": "169.017291", 
        "SD2neg": "138.1796461", 
        "SD3": "169.117291", 
        "SD3neg": "138.0796461"
    }, 
    {
        "L": "0.607456565", 
        "M": "153.8738124", 
        "Month": "152", 
        "S": "0.050332406", 
        "SD0": "153.8738124", 
        "SD1": "161.6948885", 
        "SD1neg": "146.2057619", 
        "SD2": "169.667368", 
        "SD2neg": "138.6924277", 
        "SD3": "169.767368", 
        "SD3neg": "138.5924277"
    }, 
    {
        "L": "0.652704121", 
        "M": "154.495058", 
        "Month": "153", 
        "S": "0.05034886", 
        "SD0": "154.495058", 
        "SD1": "162.3413722", 
        "SD1neg": "146.7847693", 
        "SD2": "170.3216689", 
        "SD2neg": "139.2126503", 
        "SD3": "170.4216689", 
        "SD3neg": "139.1126503"
    }, 
    {
        "L": "0.702759868", 
        "M": "155.1255365", 
        "Month": "154", 
        "S": "0.050355216", 
        "SD0": "155.1255365", 
        "SD1": "162.9949827", 
        "SD1neg": "147.3730189", 
        "SD2": "170.9790338", 
        "SD2neg": "139.7398873", 
        "SD3": "171.0790338", 
        "SD3neg": "139.6398873"
    }, 
    {
        "L": "0.757379106", 
        "M": "155.7642086", 
        "Month": "155", 
        "S": "0.050350423", 
        "SD0": "155.7642086", 
        "SD1": "163.6544991", 
        "SD1neg": "147.9697394", 
        "SD2": "171.6382034", 
        "SD2neg": "140.2736585", 
        "SD3": "171.7382034", 
        "SD3neg": "140.1736585"
    }, 
    {
        "L": "0.816239713", 
        "M": "156.4098858", 
        "Month": "156", 
        "S": "0.050333444", 
        "SD0": "156.4098858", 
        "SD1": "164.3185628", 
        "SD1neg": "148.5740393", 
        "SD2": "172.2978322", 
        "SD2neg": "140.813431", 
        "SD3": "172.3978322", 
        "SD3neg": "140.713431"
    }, 
    {
        "L": "0.878947416", 
        "M": "157.0612415", 
        "Month": "157", 
        "S": "0.050303283", 
        "SD0": "157.0612415", 
        "SD1": "164.9856931", 
        "SD1neg": "149.1849126", 
        "SD2": "172.9565041", 
        "SD2neg": "141.358621", 
        "SD3": "173.0565041", 
        "SD3neg": "141.258621"
    }, 
    {
        "L": "0.945053486", 
        "M": "157.7168289", 
        "Month": "158", 
        "S": "0.050259018", 
        "SD0": "157.7168289", 
        "SD1": "165.6543074", 
        "SD1neg": "149.801248", 
        "SD2": "173.6127463", 
        "SD2neg": "141.9085925", 
        "SD3": "173.7127463", 
        "SD3neg": "141.8085925"
    }, 
    {
        "L": "1.014046108", 
        "M": "158.3750929", 
        "Month": "159", 
        "S": "0.050199837", 
        "SD0": "158.3750929", 
        "SD1": "166.3227408", 
        "SD1neg": "150.4218366", 
        "SD2": "174.2650559", 
        "SD2neg": "142.4626665", 
        "SD3": "174.3650559", 
        "SD3neg": "142.3626665"
    }, 
    {
        "L": "1.085383319", 
        "M": "159.034399", 
        "Month": "160", 
        "S": "0.050125062", 
        "SD0": "159.034399", 
        "SD1": "166.989274", 
        "SD1neg": "151.0453878", 
        "SD2": "174.9119106", 
        "SD2neg": "143.0201149", 
        "SD3": "175.0119106", 
        "SD3neg": "142.9201149"
    }, 
    {
        "L": "1.158487278", 
        "M": "159.6930501", 
        "Month": "161", 
        "S": "0.05003418", 
        "SD0": "159.6930501", 
        "SD1": "167.652156", 
        "SD1neg": "151.6705413", 
        "SD2": "175.5517971", 
        "SD2neg": "143.5801703", 
        "SD3": "175.6517971", 
        "SD3neg": "143.4801703"
    }, 
    {
        "L": "1.232768816", 
        "M": "160.3493168", 
        "Month": "162", 
        "S": "0.049926861", 
        "SD0": "160.3493168", 
        "SD1": "168.3096337", 
        "SD1neg": "152.2958854", 
        "SD2": "176.1832264", 
        "SD2neg": "144.1420241", 
        "SD3": "176.2832264", 
        "SD3neg": "144.0420241"
    }, 
    {
        "L": "1.307628899", 
        "M": "161.0014586", 
        "Month": "163", 
        "S": "0.049802977", 
        "SD0": "161.0014586", 
        "SD1": "168.9599763", 
        "SD1neg": "152.9199731", 
        "SD2": "176.8047585", 
        "SD2neg": "144.7048342", 
        "SD3": "176.9047585", 
        "SD3neg": "144.6048342"
    }, 
    {
        "L": "1.382473225", 
        "M": "161.6477515", 
        "Month": "164", 
        "S": "0.04966261", 
        "SD0": "161.6477515", 
        "SD1": "169.601502", 
        "SD1neg": "153.5413405", 
        "SD2": "177.4150204", 
        "SD2neg": "145.2677284", 
        "SD3": "177.5150204", 
        "SD3neg": "145.1677284"
    }, 
    {
        "L": "1.456720479", 
        "M": "162.2865119", 
        "Month": "165", 
        "S": "0.049506051", 
        "SD0": "162.2865119", 
        "SD1": "170.232602", 
        "SD1neg": "154.158526", 
        "SD2": "178.0127242", 
        "SD2neg": "145.8298096", 
        "SD3": "178.1127242", 
        "SD3neg": "145.7298096"
    }, 
    {
        "L": "1.529810247", 
        "M": "162.9161202", 
        "Month": "166", 
        "S": "0.049333801", 
        "SD0": "162.9161202", 
        "SD1": "170.8517619", 
        "SD1neg": "154.770088", 
        "SD2": "178.5966841", 
        "SD2neg": "146.3901616", 
        "SD3": "178.6966841", 
        "SD3neg": "146.2901616"
    }, 
    {
        "L": "1.601219573", 
        "M": "163.535045", 
        "Month": "167", 
        "S": "0.049146553", 
        "SD0": "163.535045", 
        "SD1": "171.457582", 
        "SD1neg": "155.3746246", 
        "SD2": "179.1658252", 
        "SD2neg": "146.9478516", 
        "SD3": "179.2658252", 
        "SD3neg": "146.8478516"
    }, 
    {
        "L": "1.670433444", 
        "M": "164.1418486", 
        "Month": "168", 
        "S": "0.04894519", 
        "SD0": "164.1418486", 
        "SD1": "172.0487877", 
        "SD1neg": "155.9707836", 
        "SD2": "179.7192094", 
        "SD2neg": "147.501953", 
        "SD3": "179.8192094", 
        "SD3neg": "147.401953"
    }, 
    {
        "L": "1.736995571", 
        "M": "164.7352199", 
        "Month": "169", 
        "S": "0.048730749", 
        "SD0": "164.7352199", 
        "SD1": "172.6242484", 
        "SD1neg": "156.5572863", 
        "SD2": "180.2560239", 
        "SD2neg": "148.0515314", 
        "SD3": "180.3560239", 
        "SD3neg": "147.9515314"
    }, 
    {
        "L": "1.800483802", 
        "M": "165.3139755", 
        "Month": "170", 
        "S": "0.048504404", 
        "SD0": "165.3139755", 
        "SD1": "173.1829817", 
        "SD1neg": "157.1329353", 
        "SD2": "180.7755977", 
        "SD2neg": "148.5956654", 
        "SD3": "180.8755977", 
        "SD3neg": "148.4956654"
    }, 
    {
        "L": "1.860518777", 
        "M": "165.8770715", 
        "Month": "171", 
        "S": "0.048267442", 
        "SD0": "165.8770715", 
        "SD1": "173.7241593", 
        "SD1neg": "157.6966266", 
        "SD2": "181.2774006", 
        "SD2neg": "149.133451", 
        "SD3": "181.3774006", 
        "SD3neg": "149.033451"
    }, 
    {
        "L": "1.916765525", 
        "M": "166.4236087", 
        "Month": "172", 
        "S": "0.04802123", 
        "SD0": "166.4236087", 
        "SD1": "174.2471085", 
        "SD1neg": "158.2473592", 
        "SD2": "181.7610421", 
        "SD2neg": "149.6640099", 
        "SD3": "181.8610421", 
        "SD3neg": "149.5640099"
    }, 
    {
        "L": "1.968934444", 
        "M": "166.9528354", 
        "Month": "173", 
        "S": "0.047767192", 
        "SD0": "166.9528354", 
        "SD1": "174.7513102", 
        "SD1neg": "158.7842411", 
        "SD2": "182.2262682", 
        "SD2neg": "150.1864966", 
        "SD3": "182.3262682", 
        "SD3neg": "150.0864966"
    }, 
    {
        "L": "2.016781776", 
        "M": "167.4641466", 
        "Month": "174", 
        "S": "0.047506783", 
        "SD0": "167.4641466", 
        "SD1": "175.236395", 
        "SD1neg": "159.306494", 
        "SD2": "182.6729543", 
        "SD2neg": "150.7001054", 
        "SD3": "182.7729543", 
        "SD3neg": "150.6001054"
    }, 
    {
        "L": "2.060109658", 
        "M": "167.9570814", 
        "Month": "175", 
        "S": "0.047241456", 
        "SD0": "167.9570814", 
        "SD1": "175.7021363", 
        "SD1neg": "159.8134553", 
        "SD2": "183.101098", 
        "SD2neg": "151.2040773", 
        "SD3": "183.201098", 
        "SD3neg": "151.1040773"
    }, 
    {
        "L": "2.098765817", 
        "M": "168.4313175", 
        "Month": "176", 
        "S": "0.04697265", 
        "SD0": "168.4313175", 
        "SD1": "176.1484417", 
        "SD1neg": "160.3045787", 
        "SD2": "183.5108089", 
        "SD2neg": "151.6977055", 
        "SD3": "183.6108089", 
        "SD3neg": "151.5977055"
    }, 
    {
        "L": "2.132642948", 
        "M": "168.8866644", 
        "Month": "177", 
        "S": "0.046701759", 
        "SD0": "168.8866644", 
        "SD1": "176.5753427", 
        "SD1neg": "160.7794322", 
        "SD2": "183.9022984", 
        "SD2neg": "152.1803403", 
        "SD3": "184.0022984", 
        "SD3neg": "152.0803403"
    }, 
    {
        "L": "2.16167779", 
        "M": "169.3230548", 
        "Month": "178", 
        "S": "0.046430122", 
        "SD0": "169.3230548", 
        "SD1": "176.982984", 
        "SD1neg": "161.2376947", 
        "SD2": "184.2758677", 
        "SD2neg": "152.6513936", 
        "SD3": "184.3758677", 
        "SD3neg": "152.5513936"
    }, 
    {
        "L": "2.185849904", 
        "M": "169.7405351", 
        "Month": "179", 
        "S": "0.046159004", 
        "SD0": "169.7405351", 
        "SD1": "177.3716113", 
        "SD1neg": "161.6791517", 
        "SD2": "184.6318963", 
        "SD2neg": "153.1103416", 
        "SD3": "184.7318963", 
        "SD3neg": "153.0103416"
    }, 
    {
        "L": "2.205180153", 
        "M": "170.139255", 
        "Month": "180", 
        "S": "0.045889585", 
        "SD0": "170.139255", 
        "SD1": "177.7415594", 
        "SD1neg": "162.1036892", 
        "SD2": "184.9708298", 
        "SD2neg": "153.5567275", 
        "SD3": "185.0708298", 
        "SD3neg": "153.4567275"
    }, 
    {
        "L": "2.219728869", 
        "M": "170.5194567", 
        "Month": "181", 
        "S": "0.045622955", 
        "SD0": "170.5194567", 
        "SD1": "178.09324", 
        "SD1neg": "162.5112872", 
        "SD2": "185.293169", 
        "SD2neg": "153.9901621", 
        "SD3": "185.393169", 
        "SD3neg": "153.8901621"
    }, 
    {
        "L": "2.2295937", 
        "M": "170.881464", 
        "Month": "182", 
        "S": "0.045360101", 
        "SD0": "170.881464", 
        "SD1": "178.42713", 
        "SD1neg": "162.9020119", 
        "SD2": "185.5994581", 
        "SD2neg": "154.410325", 
        "SD3": "185.6994581", 
        "SD3neg": "154.310325"
    }, 
    {
        "L": "2.234907144", 
        "M": "171.2256717", 
        "Month": "183", 
        "S": "0.045101913", 
        "SD0": "171.2256717", 
        "SD1": "178.7437604", 
        "SD1neg": "163.2760083", 
        "SD2": "185.8902747", 
        "SD2neg": "154.8169631", 
        "SD3": "185.9902747", 
        "SD3neg": "154.7169631"
    }, 
    {
        "L": "2.235833767", 
        "M": "171.5525345", 
        "Month": "184", 
        "S": "0.044849174", 
        "SD0": "171.5525345", 
        "SD1": "179.0437051", 
        "SD1neg": "163.6334919", 
        "SD2": "186.1662203", 
        "SD2neg": "155.2098901", 
        "SD3": "186.2662203", 
        "SD3neg": "155.1098901"
    }, 
    {
        "L": "2.232567138", 
        "M": "171.8625576", 
        "Month": "185", 
        "S": "0.044602566", 
        "SD0": "171.8625576", 
        "SD1": "179.3275714", 
        "SD1neg": "163.9747405", 
        "SD2": "186.4279116", 
        "SD2neg": "155.5889839", 
        "SD3": "186.5279116", 
        "SD3neg": "155.4889839"
    }, 
    {
        "L": "2.2253265", 
        "M": "172.1562865", 
        "Month": "186", 
        "S": "0.044362674", 
        "SD0": "172.1562865", 
        "SD1": "179.595991", 
        "SD1neg": "164.3000865", 
        "SD2": "186.6759729", 
        "SD2neg": "155.9541843", 
        "SD3": "186.7759729", 
        "SD3neg": "155.8541843"
    }, 
    {
        "L": "2.214353232", 
        "M": "172.4342983", 
        "Month": "187", 
        "S": "0.044129985", 
        "SD0": "172.4342983", 
        "SD1": "179.8496113", 
        "SD1neg": "164.6099086", 
        "SD2": "186.9110292", 
        "SD2neg": "156.3054895", 
        "SD3": "187.0110292", 
        "SD3neg": "156.2054895"
    }, 
    {
        "L": "2.199905902", 
        "M": "172.6971935", 
        "Month": "188", 
        "S": "0.043904897", 
        "SD0": "172.6971935", 
        "SD1": "180.0890885", 
        "SD1neg": "164.9046244", 
        "SD2": "187.1337015", 
        "SD2neg": "156.6429533", 
        "SD3": "187.2337015", 
        "SD3neg": "156.5429533"
    }, 
    {
        "L": "2.182262864", 
        "M": "172.9455898", 
        "Month": "189", 
        "S": "0.043687723", 
        "SD0": "172.9455898", 
        "SD1": "180.3150817", 
        "SD1neg": "165.1846844", 
        "SD2": "187.3445994", 
        "SD2neg": "156.9666784", 
        "SD3": "187.4445994", 
        "SD3neg": "156.8666784"
    }, 
    {
        "L": "2.161704969", 
        "M": "173.180112", 
        "Month": "190", 
        "S": "0.043478698", 
        "SD0": "173.180112", 
        "SD1": "180.5282458", 
        "SD1neg": "165.4505628", 
        "SD2": "187.5443217", 
        "SD2neg": "157.2768174", 
        "SD3": "187.6443217", 
        "SD3neg": "157.1768174"
    }, 
    {
        "L": "2.138524662", 
        "M": "173.4013896", 
        "Month": "191", 
        "S": "0.043277987", 
        "SD0": "173.4013896", 
        "SD1": "180.7292282", 
        "SD1neg": "165.7027542", 
        "SD2": "187.7334493", 
        "SD2neg": "157.573564", 
        "SD3": "187.8334493", 
        "SD3neg": "157.473564"
    }, 
    {
        "L": "2.113023423", 
        "M": "173.6100518", 
        "Month": "192", 
        "S": "0.043085685", 
        "SD0": "173.6100518", 
        "SD1": "180.9186648", 
        "SD1neg": "165.9417673", 
        "SD2": "187.912542", 
        "SD2neg": "157.8571475", 
        "SD3": "188.012542", 
        "SD3neg": "157.7571475"
    }, 
    {
        "L": "2.085490286", 
        "M": "173.8067179", 
        "Month": "193", 
        "S": "0.042901835", 
        "SD0": "173.8067179", 
        "SD1": "181.0971749", 
        "SD1neg": "166.1681178", 
        "SD2": "188.082143", 
        "SD2neg": "158.1278358", 
        "SD3": "188.182143", 
        "SD3neg": "158.0278358"
    }, 
    {
        "L": "2.0562195", 
        "M": "173.9919998", 
        "Month": "194", 
        "S": "0.042726424", 
        "SD0": "173.9919998", 
        "SD1": "181.2653609", 
        "SD1neg": "166.3823266", 
        "SD2": "188.2427706", 
        "SD2neg": "158.3859229", 
        "SD3": "188.3427706", 
        "SD3neg": "158.2859229"
    }, 
    {
        "L": "2.025496648", 
        "M": "174.1664951", 
        "Month": "195", 
        "S": "0.042559396", 
        "SD0": "174.1664951", 
        "SD1": "181.4238047", 
        "SD1neg": "166.5849147", 
        "SD2": "188.3949211", 
        "SD2neg": "158.6317288", 
        "SD3": "188.4949211", 
        "SD3neg": "158.5317288"
    }, 
    {
        "L": "1.993598182", 
        "M": "174.3307855", 
        "Month": "196", 
        "S": "0.042400652", 
        "SD0": "174.3307855", 
        "SD1": "181.5730665", 
        "SD1neg": "166.7763996", 
        "SD2": "188.5390676", 
        "SD2neg": "158.8655947", 
        "SD3": "188.6390676", 
        "SD3neg": "158.7655947"
    }, 
    {
        "L": "1.960789092", 
        "M": "174.4854344", 
        "Month": "197", 
        "S": "0.042250063", 
        "SD0": "174.4854344", 
        "SD1": "181.7136836", 
        "SD1neg": "166.9572926", 
        "SD2": "188.67566", 
        "SD2neg": "159.0878793", 
        "SD3": "188.77566", 
        "SD3neg": "158.9878793"
    }, 
    {
        "L": "1.927320937", 
        "M": "174.6309856", 
        "Month": "198", 
        "S": "0.042107465", 
        "SD0": "174.6309856", 
        "SD1": "181.8461697", 
        "SD1neg": "167.1280963", 
        "SD2": "188.8051252", 
        "SD2neg": "159.2989549", 
        "SD3": "188.9051252", 
        "SD3neg": "159.1989549"
    }, 
    {
        "L": "1.89343024", 
        "M": "174.7679617", 
        "Month": "199", 
        "S": "0.041972676", 
        "SD0": "174.7679617", 
        "SD1": "181.9710147", 
        "SD1neg": "167.2893022", 
        "SD2": "188.9278677", 
        "SD2neg": "159.4992041", 
        "SD3": "189.0278677", 
        "SD3neg": "159.3992041"
    }, 
    {
        "L": "1.859337259", 
        "M": "174.8968634", 
        "Month": "200", 
        "S": "0.041845488", 
        "SD0": "174.8968634", 
        "SD1": "182.0886841", 
        "SD1neg": "167.4413893", 
        "SD2": "189.04427", 
        "SD2neg": "159.6890167", 
        "SD3": "189.14427", 
        "SD3neg": "159.5890167"
    }, 
    {
        "L": "1.825245107", 
        "M": "175.0181691", 
        "Month": "201", 
        "S": "0.041725679", 
        "SD0": "175.0181691", 
        "SD1": "182.1996192", 
        "SD1neg": "167.5848225", 
        "SD2": "189.1546933", 
        "SD2neg": "159.8687872", 
        "SD3": "189.2546933", 
        "SD3neg": "159.7687872"
    }, 
    {
        "L": "1.791339209", 
        "M": "175.1323345", 
        "Month": "202", 
        "S": "0.041613015", 
        "SD0": "175.1323345", 
        "SD1": "182.304238", 
        "SD1neg": "167.7200518", 
        "SD2": "189.2594788", 
        "SD2neg": "160.0389116", 
        "SD3": "189.3594788", 
        "SD3neg": "159.9389116"
    }, 
    {
        "L": "1.757787065", 
        "M": "175.2397926", 
        "Month": "203", 
        "S": "0.041507249", 
        "SD0": "175.2397926", 
        "SD1": "182.4029349", 
        "SD1neg": "167.847511", 
        "SD2": "189.3589476", 
        "SD2neg": "160.1997855", 
        "SD3": "189.4589476", 
        "SD3neg": "160.0997855"
    }, 
    {
        "L": "1.724738292", 
        "M": "175.340954", 
        "Month": "204", 
        "S": "0.041408129", 
        "SD0": "175.340954", 
        "SD1": "182.4960818", 
        "SD1neg": "167.9676177", 
        "SD2": "189.4534027", 
        "SD2neg": "160.351802", 
        "SD3": "189.5534027", 
        "SD3neg": "160.251802"
    }, 
    {
        "L": "1.692324905", 
        "M": "175.4362071", 
        "Month": "205", 
        "S": "0.041315398", 
        "SD0": "175.4362071", 
        "SD1": "182.5840286", 
        "SD1neg": "168.0807726", 
        "SD2": "189.5431291", 
        "SD2neg": "160.4953495", 
        "SD3": "189.6431291", 
        "SD3neg": "160.3953495"
    }, 
    {
        "L": "1.660661815", 
        "M": "175.5259191", 
        "Month": "206", 
        "S": "0.041228796", 
        "SD0": "175.5259191", 
        "SD1": "182.6671042", 
        "SD1neg": "168.1873593", 
        "SD2": "189.6283951", 
        "SD2neg": "160.6308108", 
        "SD3": "189.7283951", 
        "SD3neg": "160.5308108"
    }, 
    {
        "L": "1.629847495", 
        "M": "175.6104358", 
        "Month": "207", 
        "S": "0.04114806", 
        "SD0": "175.6104358", 
        "SD1": "182.7456172", 
        "SD1neg": "168.2877446", 
        "SD2": "189.709453", 
        "SD2neg": "160.7585611", 
        "SD3": "189.809453", 
        "SD3neg": "160.6585611"
    }, 
    {
        "L": "1.599964788", 
        "M": "175.690083", 
        "Month": "208", 
        "S": "0.041072931", 
        "SD0": "175.690083", 
        "SD1": "182.8198567", 
        "SD1neg": "168.3822782", 
        "SD2": "189.7865402", 
        "SD2neg": "160.8789672", 
        "SD3": "189.8865402", 
        "SD3neg": "160.7789672"
    }, 
    {
        "L": "1.571081817", 
        "M": "175.7651671", 
        "Month": "209", 
        "S": "0.04100315", 
        "SD0": "175.7651671", 
        "SD1": "182.8900937", 
        "SD1neg": "168.4712934", 
        "SD2": "189.8598799", 
        "SD2neg": "160.9923864", 
        "SD3": "189.9598799", 
        "SD3neg": "160.8923864"
    }, 
    {
        "L": "1.543252982", 
        "M": "175.8359757", 
        "Month": "210", 
        "S": "0.040938463", 
        "SD0": "175.8359757", 
        "SD1": "182.9565815", 
        "SD1neg": "168.555107", 
        "SD2": "189.9296819", 
        "SD2neg": "161.099166", 
        "SD3": "190.0296819", 
        "SD3neg": "160.999166"
    }, 
    {
        "L": "1.516519998", 
        "M": "175.9027788", 
        "Month": "211", 
        "S": "0.040878617", 
        "SD0": "175.9027788", 
        "SD1": "183.0195567", 
        "SD1neg": "168.6340198", 
        "SD2": "189.9961434", 
        "SD2neg": "161.199642", 
        "SD3": "190.0961434", 
        "SD3neg": "161.099642"
    }, 
    {
        "L": "1.490912963", 
        "M": "175.9658293", 
        "Month": "212", 
        "S": "0.040823368", 
        "SD0": "175.9658293", 
        "SD1": "183.0792406", 
        "SD1neg": "168.7083171", 
        "SD2": "190.05945", 
        "SD2neg": "161.2941396", 
        "SD3": "190.15945", 
        "SD3neg": "161.1941396"
    }, 
    {
        "L": "1.466451429", 
        "M": "176.0253641", 
        "Month": "213", 
        "S": "0.040772475", 
        "SD0": "176.0253641", 
        "SD1": "183.1358396", 
        "SD1neg": "168.7782694", 
        "SD2": "190.1197757", 
        "SD2neg": "161.382972", 
        "SD3": "190.2197757", 
        "SD3neg": "161.282972"
    }, 
    {
        "L": "1.44314546", 
        "M": "176.081605", 
        "Month": "214", 
        "S": "0.040725706", 
        "SD0": "176.081605", 
        "SD1": "183.1895462", 
        "SD1neg": "168.8441324", 
        "SD2": "190.1772845", 
        "SD2neg": "161.4664407", 
        "SD3": "190.2772845", 
        "SD3neg": "161.3664407"
    }, 
    {
        "L": "1.420996665", 
        "M": "176.1347593", 
        "Month": "215", 
        "S": "0.040682834", 
        "SD0": "176.1347593", 
        "SD1": "183.24054", 
        "SD1neg": "168.906148", 
        "SD2": "190.2321304", 
        "SD2neg": "161.5448352", 
        "SD3": "190.3321304", 
        "SD3neg": "161.4448352"
    }, 
    {
        "L": "1.399999187", 
        "M": "176.1850208", 
        "Month": "216", 
        "S": "0.04064364", 
        "SD0": "176.1850208", 
        "SD1": "183.2889884", 
        "SD1neg": "168.9645447", 
        "SD2": "190.2844582", 
        "SD2neg": "161.6184329", 
        "SD3": "190.3844582", 
        "SD3neg": "161.5184329"
    }, 
    {
        "L": "1.380140651", 
        "M": "176.2325707", 
        "Month": "217", 
        "S": "0.040607913", 
        "SD0": "176.2325707", 
        "SD1": "183.3350473", 
        "SD1neg": "169.0195382", 
        "SD2": "190.3344039", 
        "SD2neg": "161.6874993", 
        "SD3": "190.4344039", 
        "SD3neg": "161.5874993"
    }, 
    {
        "L": "1.361403047", 
        "M": "176.2775781", 
        "Month": "218", 
        "S": "0.040575448", 
        "SD0": "176.2775781", 
        "SD1": "183.3788621", 
        "SD1neg": "169.0713319", 
        "SD2": "190.3820956", 
        "SD2neg": "161.7522881", 
        "SD3": "190.4820956", 
        "SD3neg": "161.6522881"
    }, 
    {
        "L": "1.343763564", 
        "M": "176.3202008", 
        "Month": "219", 
        "S": "0.040546051", 
        "SD0": "176.3202008", 
        "SD1": "183.4205683", 
        "SD1neg": "169.1201176", 
        "SD2": "190.4276536", 
        "SD2neg": "161.8130413", 
        "SD3": "190.5276536", 
        "SD3neg": "161.7130413"
    }, 
    {
        "L": "1.327195355", 
        "M": "176.3605864", 
        "Month": "220", 
        "S": "0.040519532", 
        "SD0": "176.3605864", 
        "SD1": "183.460292", 
        "SD1neg": "169.1660759", 
        "SD2": "190.4711911", 
        "SD2neg": "161.8699896", 
        "SD3": "190.5711911", 
        "SD3neg": "161.7699896"
    }, 
    {
        "L": "1.311668242", 
        "M": "176.3988725", 
        "Month": "221", 
        "S": "0.040495713", 
        "SD0": "176.3988725", 
        "SD1": "183.4981508", 
        "SD1neg": "169.2093769", 
        "SD2": "190.5128147", 
        "SD2neg": "161.9233523", 
        "SD3": "190.6128147", 
        "SD3neg": "161.8233523"
    }, 
    {
        "L": "1.297149359", 
        "M": "176.4351874", 
        "Month": "222", 
        "S": "0.040474421", 
        "SD0": "176.4351874", 
        "SD1": "183.5342541", 
        "SD1neg": "169.2501807", 
        "SD2": "190.5526244", 
        "SD2neg": "161.9733381", 
        "SD3": "190.6526244", 
        "SD3neg": "161.8733381"
    }, 
    {
        "L": "1.283603728", 
        "M": "176.469651", 
        "Month": "223", 
        "S": "0.040455493", 
        "SD0": "176.469651", 
        "SD1": "183.5687041", 
        "SD1neg": "169.2886378", 
        "SD2": "190.5907145", 
        "SD2neg": "162.0201449", 
        "SD3": "190.6907145", 
        "SD3neg": "161.9201449"
    }, 
    {
        "L": "1.270994782", 
        "M": "176.5023751", 
        "Month": "224", 
        "S": "0.040438773", 
        "SD0": "176.5023751", 
        "SD1": "183.6015959", 
        "SD1neg": "169.3248898", 
        "SD2": "190.6271737", 
        "SD2neg": "162.0639606", 
        "SD3": "190.7271737", 
        "SD3neg": "161.9639606"
    }, 
    {
        "L": "1.25928483", 
        "M": "176.533464", 
        "Month": "225", 
        "S": "0.040424111", 
        "SD0": "176.533464", 
        "SD1": "183.6330182", 
        "SD1neg": "169.3590697", 
        "SD2": "190.6620856", 
        "SD2neg": "162.1049632", 
        "SD3": "190.7620856", 
        "SD3neg": "162.0049632"
    }, 
    {
        "L": "1.248435461", 
        "M": "176.5630153", 
        "Month": "226", 
        "S": "0.040411366", 
        "SD0": "176.5630153", 
        "SD1": "183.6630536", 
        "SD1neg": "169.3913026", 
        "SD2": "190.6955286", 
        "SD2neg": "162.1433212", 
        "SD3": "190.7955286", 
        "SD3neg": "162.0433212"
    }, 
    {
        "L": "1.23840791", 
        "M": "176.5911197", 
        "Month": "227", 
        "S": "0.040400405", 
        "SD0": "176.5911197", 
        "SD1": "183.6917794", 
        "SD1neg": "169.421706", 
        "SD2": "190.7275769", 
        "SD2neg": "162.1791942", 
        "SD3": "190.8275769", 
        "SD3neg": "162.0791942"
    }, 
    {
        "L": "1.229163362", 
        "M": "176.6178621", 
        "Month": "228", 
        "S": "0.040391101", 
        "SD0": "176.6178621", 
        "SD1": "183.7192675", 
        "SD1neg": "169.45039", 
        "SD2": "190.7583001", 
        "SD2neg": "162.2127327", 
        "SD3": "190.8583001", 
        "SD3neg": "162.1127327"
    }, 
    {
        "L": "1.220663228", 
        "M": "176.6433219", 
        "Month": "229", 
        "S": "0.040383334", 
        "SD0": "176.6433219", 
        "SD1": "183.7455852", 
        "SD1neg": "169.4774584", 
        "SD2": "190.787764", 
        "SD2neg": "162.2440792", 
        "SD3": "190.887764", 
        "SD3neg": "162.1440792"
    }, 
    {
        "L": "1.212869374", 
        "M": "176.6675729", 
        "Month": "230", 
        "S": "0.04037699", 
        "SD0": "176.6675729", 
        "SD1": "183.7707952", 
        "SD1neg": "169.5030083", 
        "SD2": "190.8160304", 
        "SD2neg": "162.2733682", 
        "SD3": "190.9160304", 
        "SD3neg": "162.1733682"
    }, 
    {
        "L": "1.20574431", 
        "M": "176.6906844", 
        "Month": "231", 
        "S": "0.040371962", 
        "SD0": "176.6906844", 
        "SD1": "183.7949564", 
        "SD1neg": "169.5271309", 
        "SD2": "190.8431577", 
        "SD2neg": "162.3007264", 
        "SD3": "190.9431577", 
        "SD3neg": "162.2007264"
    }, 
    {
        "L": "1.199251356", 
        "M": "176.712721", 
        "Month": "232", 
        "S": "0.040368149", 
        "SD0": "176.712721", 
        "SD1": "183.8181234", 
        "SD1neg": "169.549912", 
        "SD2": "190.8692011", 
        "SD2neg": "162.3262733", 
        "SD3": "190.9692011", 
        "SD3neg": "162.2262733"
    }, 
    {
        "L": "1.19335477", 
        "M": "176.733743", 
        "Month": "233", 
        "S": "0.040365456", 
        "SD0": "176.733743", 
        "SD1": "183.8403478", 
        "SD1neg": "169.5714317", 
        "SD2": "190.8942122", 
        "SD2neg": "162.3501218", 
        "SD3": "190.9942122", 
        "SD3neg": "162.2501218"
    }, 
    {
        "L": "1.188019859", 
        "M": "176.753807", 
        "Month": "234", 
        "S": "0.040363795", 
        "SD0": "176.753807", 
        "SD1": "183.8616776", 
        "SD1neg": "169.5917656", 
        "SD2": "190.9182402", 
        "SD2neg": "162.372378", 
        "SD3": "191.0182402", 
        "SD3neg": "162.272378"
    }, 
    {
        "L": "1.183213059", 
        "M": "176.7729657", 
        "Month": "235", 
        "S": "0.04036308", 
        "SD0": "176.7729657", 
        "SD1": "183.8821577", 
        "SD1neg": "169.6109843", 
        "SD2": "190.9413314", 
        "SD2neg": "162.3931416", 
        "SD3": "191.0413314", 
        "SD3neg": "162.2931416"
    }, 
    {
        "L": "1.178901998", 
        "M": "176.7912687", 
        "Month": "236", 
        "S": "0.040363233", 
        "SD0": "176.7912687", 
        "SD1": "183.9018305", 
        "SD1neg": "169.6291542", 
        "SD2": "190.9635292", 
        "SD2neg": "162.4125069", 
        "SD3": "191.0635292", 
        "SD3neg": "162.3125069"
    }, 
    {
        "L": "1.175055543", 
        "M": "176.8087622", 
        "Month": "237", 
        "S": "0.040364179", 
        "SD0": "176.8087622", 
        "SD1": "183.9207354", 
        "SD1neg": "169.6463376", 
        "SD2": "190.9848751", 
        "SD2neg": "162.4305622", 
        "SD3": "191.0848751", 
        "SD3neg": "162.3305622"
    }, 
    {
        "L": "1.171643828", 
        "M": "176.8254895", 
        "Month": "238", 
        "S": "0.04036585", 
        "SD0": "176.8254895", 
        "SD1": "183.9389096", 
        "SD1neg": "169.6625928", 
        "SD2": "191.005408", 
        "SD2neg": "162.4473908", 
        "SD3": "191.105408", 
        "SD3neg": "162.3473908"
    }, 
    {
        "L": "1.16863827", 
        "M": "176.8414914", 
        "Month": "239", 
        "S": "0.04036818", 
        "SD0": "176.8414914", 
        "SD1": "183.956388", 
        "SD1neg": "169.6779745", 
        "SD2": "191.0251646", 
        "SD2neg": "162.4630708", 
        "SD3": "191.1251646", 
        "SD3neg": "162.3630708"
    }, 
    {
        "L": "1.167279219", 
        "M": "176.8492322", 
        "Month": "240", 
        "S": "0.040369574", 
        "SD0": "176.8568057", 
        "SD1": "183.9732035", 
        "SD1neg": "169.6925342", 
        "SD2": "191.0441799", 
        "SD2neg": "162.4776756", 
        "SD3": "191.1441799", 
        "SD3neg": "162.3776756"
    }
]
