[{
		"Month":"0",
		"L":"1",
		"M":"49.1477",
		"S":"0.0379",
		"SD":"1.8627",
		"SD3neg":"43.6",
		"SD2neg":"45.4",
		"SD1neg":"47.3",
		"SD0":"49.1",
		"SD1":"51",
		"SD2":"52.9",
		"SD3":"54.7"
	},
	{
		"Month":"1",
		"L":"1",
		"M":"53.6872",
		"S":"0.0364",
		"SD":"1.9542",
		"SD3neg":"47.8",
		"SD2neg":"49.8",
		"SD1neg":"51.7",
		"SD0":"53.7",
		"SD1":"55.6",
		"SD2":"57.6",
		"SD3":"59.5"
	},
	{
		"Month":"2",
		"L":"1",
		"M":"57.0673",
		"S":"0.03568",
		"SD":"2.0362",
		"SD3neg":"51",
		"SD2neg":"53",
		"SD1neg":"55",
		"SD0":"57.1",
		"SD1":"59.1",
		"SD2":"61.1",
		"SD3":"63.2"
	},
	{
		"Month":"3",
		"L":"1",
		"M":"59.8029",
		"S":"0.0352",
		"SD":"2.1051",
		"SD3neg":"53.5",
		"SD2neg":"55.6",
		"SD1neg":"57.7",
		"SD0":"59.8",
		"SD1":"61.9",
		"SD2":"64",
		"SD3":"66.1"
	},
	{
		"Month":"4",
		"L":"1",
		"M":"62.0899",
		"S":"0.03486",
		"SD":"2.1645",
		"SD3neg":"55.6",
		"SD2neg":"57.8",
		"SD1neg":"59.9",
		"SD0":"62.1",
		"SD1":"64.3",
		"SD2":"66.4",
		"SD3":"68.6"
	},
	{
		"Month":"5",
		"L":"1",
		"M":"64.0301",
		"S":"0.03463",
		"SD":"2.2174",
		"SD3neg":"57.4",
		"SD2neg":"59.6",
		"SD1neg":"61.8",
		"SD0":"64",
		"SD1":"66.2",
		"SD2":"68.5",
		"SD3":"70.7"
	},
	{
		"Month":"6",
		"L":"1",
		"M":"65.7311",
		"S":"0.03448",
		"SD":"2.2664",
		"SD3neg":"58.9",
		"SD2neg":"61.2",
		"SD1neg":"63.5",
		"SD0":"65.7",
		"SD1":"68",
		"SD2":"70.3",
		"SD3":"72.5"
	},
	{
		"Month":"7",
		"L":"1",
		"M":"67.2873",
		"S":"0.03441",
		"SD":"2.3154",
		"SD3neg":"60.3",
		"SD2neg":"62.7",
		"SD1neg":"65",
		"SD0":"67.3",
		"SD1":"69.6",
		"SD2":"71.9",
		"SD3":"74.2"
	},
	{
		"Month":"8",
		"L":"1",
		"M":"68.7498",
		"S":"0.0344",
		"SD":"2.365",
		"SD3neg":"61.7",
		"SD2neg":"64",
		"SD1neg":"66.4",
		"SD0":"68.7",
		"SD1":"71.1",
		"SD2":"73.5",
		"SD3":"75.8"
	},
	{
		"Month":"9",
		"L":"1",
		"M":"70.1435",
		"S":"0.03444",
		"SD":"2.4157",
		"SD3neg":"62.9",
		"SD2neg":"65.3",
		"SD1neg":"67.7",
		"SD0":"70.1",
		"SD1":"72.6",
		"SD2":"75",
		"SD3":"77.4"
	},
	{
		"Month":"10",
		"L":"1",
		"M":"71.4818",
		"S":"0.03452",
		"SD":"2.4676",
		"SD3neg":"64.1",
		"SD2neg":"66.5",
		"SD1neg":"69",
		"SD0":"71.5",
		"SD1":"73.9",
		"SD2":"76.4",
		"SD3":"78.9"
	},
	{
		"Month":"11",
		"L":"1",
		"M":"72.771",
		"S":"0.03464",
		"SD":"2.5208",
		"SD3neg":"65.2",
		"SD2neg":"67.7",
		"SD1neg":"70.3",
		"SD0":"72.8",
		"SD1":"75.3",
		"SD2":"77.8",
		"SD3":"80.3"
	},
	{
		"Month":"12",
		"L":"1",
		"M":"74.015",
		"S":"0.03479",
		"SD":"2.575",
		"SD3neg":"66.3",
		"SD2neg":"68.9",
		"SD1neg":"71.4",
		"SD0":"74",
		"SD1":"76.6",
		"SD2":"79.2",
		"SD3":"81.7"
	},
	{
		"Month":"13",
		"L":"1",
		"M":"75.2176",
		"S":"0.03496",
		"SD":"2.6296",
		"SD3neg":"67.3",
		"SD2neg":"70",
		"SD1neg":"72.6",
		"SD0":"75.2",
		"SD1":"77.8",
		"SD2":"80.5",
		"SD3":"83.1"
	},
	{
		"Month":"14",
		"L":"1",
		"M":"76.3817",
		"S":"0.03514",
		"SD":"2.6841",
		"SD3neg":"68.3",
		"SD2neg":"71",
		"SD1neg":"73.7",
		"SD0":"76.4",
		"SD1":"79.1",
		"SD2":"81.7",
		"SD3":"84.4"
	},
	{
		"Month":"15",
		"L":"1",
		"M":"77.5099",
		"S":"0.03534",
		"SD":"2.7392",
		"SD3neg":"69.3",
		"SD2neg":"72",
		"SD1neg":"74.8",
		"SD0":"77.5",
		"SD1":"80.2",
		"SD2":"83",
		"SD3":"85.7"
	},
	{
		"Month":"16",
		"L":"1",
		"M":"78.6055",
		"S":"0.03555",
		"SD":"2.7944",
		"SD3neg":"70.2",
		"SD2neg":"73",
		"SD1neg":"75.8",
		"SD0":"78.6",
		"SD1":"81.4",
		"SD2":"84.2",
		"SD3":"87"
	},
	{
		"Month":"17",
		"L":"1",
		"M":"79.671",
		"S":"0.03576",
		"SD":"2.849",
		"SD3neg":"71.1",
		"SD2neg":"74",
		"SD1neg":"76.8",
		"SD0":"79.7",
		"SD1":"82.5",
		"SD2":"85.4",
		"SD3":"88.2"
	},
	{
		"Month":"18",
		"L":"1",
		"M":"80.7079",
		"S":"0.03598",
		"SD":"2.9039",
		"SD3neg":"72",
		"SD2neg":"74.9",
		"SD1neg":"77.8",
		"SD0":"80.7",
		"SD1":"83.6",
		"SD2":"86.5",
		"SD3":"89.4"
	},
	{
		"Month":"19",
		"L":"1",
		"M":"81.7182",
		"S":"0.0362",
		"SD":"2.9582",
		"SD3neg":"72.8",
		"SD2neg":"75.8",
		"SD1neg":"78.8",
		"SD0":"81.7",
		"SD1":"84.7",
		"SD2":"87.6",
		"SD3":"90.6"
	},
	{
		"Month":"20",
		"L":"1",
		"M":"82.7036",
		"S":"0.03643",
		"SD":"3.0129",
		"SD3neg":"73.7",
		"SD2neg":"76.7",
		"SD1neg":"79.7",
		"SD0":"82.7",
		"SD1":"85.7",
		"SD2":"88.7",
		"SD3":"91.7"
	},
	{
		"Month":"21",
		"L":"1",
		"M":"83.6654",
		"S":"0.03666",
		"SD":"3.0672",
		"SD3neg":"74.5",
		"SD2neg":"77.5",
		"SD1neg":"80.6",
		"SD0":"83.7",
		"SD1":"86.7",
		"SD2":"89.8",
		"SD3":"92.9"
	},
	{
		"Month":"22",
		"L":"1",
		"M":"84.604",
		"S":"0.03688",
		"SD":"3.1202",
		"SD3neg":"75.2",
		"SD2neg":"78.4",
		"SD1neg":"81.5",
		"SD0":"84.6",
		"SD1":"87.7",
		"SD2":"90.8",
		"SD3":"94"
	},
	{
		"Month":"23",
		"L":"1",
		"M":"85.5202",
		"S":"0.03711",
		"SD":"3.1737",
		"SD3neg":"76",
		"SD2neg":"79.2",
		"SD1neg":"82.3",
		"SD0":"85.5",
		"SD1":"88.7",
		"SD2":"91.9",
		"SD3":"95"
	},
	{
		"Month":"24",
		"L":"1",
		"M":"86.4153",
		"S":"0.03734",
		"SD":"3.2267",
		"SD3neg":"76.7",
		"SD2neg":"80",
		"SD1neg":"83.2",
		"SD0":"86.4",
		"SD1":"89.6",
		"SD2":"92.9",
		"SD3":"96.1"
	}
]