[
    {
        "L": "1.051272912",
        "M": "85.3973169",
        "Month": "24",
        "S": "0.040859727",
        "SD0": "85.3973169",
        "SD1": "88.8830266",
        "SD1neg": "81.90429469",
        "SD2": "92.36173951",
        "SD2neg": "78.40361515",
        "SD3": "92.46173951",
        "SD3neg": "78.30361515"
    },
    {
        "L": "1.041951175",
        "M": "86.29026318",
        "Month": "25",
        "S": "0.041142161",
        "SD0": "86.29026318",
        "SD1": "89.8374119",
        "SD1neg": "82.73698502",
        "SD2": "93.37869321",
        "SD2neg": "79.17729138",
        "SD3": "93.47869321",
        "SD3neg": "79.07729138"
    },
    {
        "L": "1.012592236",
        "M": "87.15714182",
        "Month": "26",
        "S": "0.041349399",
        "SD0": "87.15714182",
        "SD1": "90.76011196",
        "SD1neg": "83.55229463",
        "SD2": "94.36128145",
        "SD2neg": "79.94548729",
        "SD3": "94.46128145",
        "SD3neg": "79.84548729"
    },
    {
        "L": "0.970541909",
        "M": "87.9960184",
        "Month": "27",
        "S": "0.041500428",
        "SD0": "87.9960184",
        "SD1": "91.65009458",
        "SD1neg": "84.34640787",
        "SD2": "95.30846857",
        "SD2neg": "80.70144472",
        "SD3": "95.40846857",
        "SD3neg": "80.60144472"
    },
    {
        "L": "0.921129988",
        "M": "88.8055115",
        "Month": "28",
        "S": "0.041610508",
        "SD0": "88.8055115",
        "SD1": "92.50674797",
        "SD1neg": "85.11640477",
        "SD2": "96.2197039",
        "SD2neg": "81.43986928",
        "SD3": "96.3197039",
        "SD3neg": "81.33986928"
    },
    {
        "L": "0.868221392",
        "M": "89.58476689",
        "Month": "29",
        "S": "0.041691761",
        "SD0": "89.58476689",
        "SD1": "93.32987038",
        "SD1neg": "85.86018702",
        "SD2": "97.09488749",
        "SD2neg": "82.15678302",
        "SD3": "97.19488749",
        "SD3neg": "82.05678302"
    },
    {
        "L": "0.81454413",
        "M": "90.33341722",
        "Month": "30",
        "S": "0.04175368",
        "SD0": "90.33341722",
        "SD1": "94.1196471",
        "SD1neg": "86.57639763",
        "SD2": "97.93434219",
        "SD2neg": "82.84937975",
        "SD3": "98.03434219",
        "SD3neg": "82.74937975"
    },
    {
        "L": "0.761957977",
        "M": "91.0515436",
        "Month": "31",
        "S": "0.041803562",
        "SD0": "91.0515436",
        "SD1": "94.87662412",
        "SD1neg": "87.2643431",
        "SD2": "98.73877648",
        "SD2neg": "83.51587545",
        "SD3": "98.83877648",
        "SD3neg": "83.41587545"
    },
    {
        "L": "0.711660228",
        "M": "91.7396352",
        "Month": "32",
        "S": "0.041846882",
        "SD0": "91.7396352",
        "SD1": "95.6016787",
        "SD1neg": "87.92391699",
        "SD2": "99.50924568",
        "SD2neg": "84.15536493",
        "SD3": "99.60924568",
        "SD3neg": "84.05536493"
    },
    {
        "L": "0.664323379",
        "M": "92.39854429",
        "Month": "33",
        "S": "0.041887626",
        "SD0": "92.39854429",
        "SD1": "96.29598632",
        "SD1neg": "88.55552474",
        "SD2": "100.2471168",
        "SD2neg": "84.76769299",
        "SD3": "100.3471168",
        "SD3neg": "84.66769299"
    },
    {
        "L": "0.620285102",
        "M": "93.02945392",
        "Month": "34",
        "S": "0.041928568",
        "SD0": "93.02945392",
        "SD1": "96.96099268",
        "SD1neg": "89.16001797",
        "SD2": "100.9540188",
        "SD2neg": "85.35332292",
        "SD3": "101.0540188",
        "SD3neg": "85.25332292"
    },
    {
        "L": "0.57955631",
        "M": "93.63382278",
        "Month": "35",
        "S": "0.041971514",
        "SD0": "93.63382278",
        "SD1": "97.59837479",
        "SD1neg": "89.7386225",
        "SD2": "101.6318224",
        "SD2neg": "85.91324449",
        "SD3": "101.7318224",
        "SD3neg": "85.81324449"
    },
    {
        "L": "0.54198094",
        "M": "94.21335709",
        "Month": "36",
        "S": "0.042017509",
        "SD0": "94.21335709",
        "SD1": "98.21001451",
        "SD1neg": "90.292883",
        "SD2": "102.28259",
        "SD2neg": "86.44886464",
        "SD3": "102.38259",
        "SD3neg": "86.34886464"
    },
    {
        "L": "0.511429832",
        "M": "94.79643239",
        "Month": "37",
        "S": "0.042104522",
        "SD0": "94.79643239",
        "SD1": "98.82883093",
        "SD1neg": "90.84614029",
        "SD2": "102.9432578",
        "SD2neg": "86.97803456",
        "SD3": "103.0432578",
        "SD3neg": "86.87803456"
    },
    {
        "L": "0.482799937",
        "M": "95.37391918",
        "Month": "38",
        "S": "0.042199507",
        "SD0": "95.37391918",
        "SD1": "99.44259375",
        "SD1neg": "91.39308656",
        "SD2": "103.5992366",
        "SD2neg": "87.49996713",
        "SD3": "103.6992366",
        "SD3neg": "87.39996713"
    },
    {
        "L": "0.455521041",
        "M": "95.94692677",
        "Month": "39",
        "S": "0.042300333",
        "SD0": "95.94692677",
        "SD1": "100.0523101",
        "SD1neg": "91.9350189",
        "SD2": "104.251518",
        "SD2neg": "88.01623197",
        "SD3": "104.351518",
        "SD3neg": "87.91623197"
    },
    {
        "L": "0.429150288",
        "M": "96.51644912",
        "Month": "40",
        "S": "0.042405225",
        "SD0": "96.51644912",
        "SD1": "100.658887",
        "SD1neg": "92.47308514",
        "SD2": "104.9009905",
        "SD2neg": "88.52819604",
        "SD3": "105.0009905",
        "SD3neg": "88.42819604"
    },
    {
        "L": "0.403351725",
        "M": "97.08337211",
        "Month": "41",
        "S": "0.042512706",
        "SD0": "97.08337211",
        "SD1": "101.2631365",
        "SD1neg": "93.00829599",
        "SD2": "105.5484457",
        "SD2neg": "89.03704398",
        "SD3": "105.6484457",
        "SD3neg": "88.93704398"
    },
    {
        "L": "0.377878239",
        "M": "97.6484807",
        "Month": "42",
        "S": "0.042621565",
        "SD0": "97.6484807",
        "SD1": "101.8657814",
        "SD1neg": "93.5415364",
        "SD2": "106.1945841",
        "SD2neg": "89.54379637",
        "SD3": "106.2945841",
        "SD3neg": "89.44379637"
    },
    {
        "L": "0.352555862",
        "M": "98.21246579",
        "Month": "43",
        "S": "0.042730809",
        "SD0": "98.21246579",
        "SD1": "102.4674601",
        "SD1neg": "94.07357623",
        "SD2": "106.8400204",
        "SD2neg": "90.04932658",
        "SD3": "106.9400204",
        "SD3neg": "89.94932658"
    },
    {
        "L": "0.327270297",
        "M": "98.77593069",
        "Month": "44",
        "S": "0.042839638",
        "SD0": "98.77593069",
        "SD1": "103.0687319",
        "SD1neg": "94.60508005",
        "SD2": "107.4852891",
        "SD2neg": "90.55437587",
        "SD3": "107.5852891",
        "SD3neg": "90.45437587"
    },
    {
        "L": "0.301955463",
        "M": "99.33939735",
        "Month": "45",
        "S": "0.042947412",
        "SD0": "99.33939735",
        "SD1": "103.6700815",
        "SD1neg": "95.13661628",
        "SD2": "108.130849",
        "SD2neg": "91.059567",
        "SD3": "108.230849",
        "SD3neg": "90.959567"
    },
    {
        "L": "0.276583851",
        "M": "99.9033122",
        "Month": "46",
        "S": "0.043053626",
        "SD0": "99.9033122",
        "SD1": "104.2719242",
        "SD1neg": "95.66866555",
        "SD2": "108.7770883",
        "SD2neg": "91.56541662",
        "SD3": "108.8770883",
        "SD3neg": "91.46541662"
    },
    {
        "L": "0.251158446",
        "M": "100.4680516",
        "Month": "47",
        "S": "0.043157889",
        "SD0": "100.4680516",
        "SD1": "104.8746098",
        "SD1neg": "96.20162839",
        "SD2": "109.4243289",
        "SD2neg": "92.07234629",
        "SD3": "109.5243289",
        "SD3neg": "91.97234629"
    },
    {
        "L": "0.225705996",
        "M": "101.033927",
        "Month": "48",
        "S": "0.043259907",
        "SD0": "101.033927",
        "SD1": "105.4784269",
        "SD1neg": "96.73583219",
        "SD2": "110.0728307",
        "SD2neg": "92.58069235",
        "SD3": "110.1728307",
        "SD3neg": "92.48069235"
    },
    {
        "L": "0.20027145",
        "M": "101.6011898",
        "Month": "49",
        "S": "0.043359463",
        "SD0": "101.6011898",
        "SD1": "106.0836074",
        "SD1neg": "97.27153777",
        "SD2": "110.7227956",
        "SD2neg": "93.09071498",
        "SD3": "110.8227956",
        "SD3neg": "92.99071498"
    },
    {
        "L": "0.174913356",
        "M": "102.1700358",
        "Month": "50",
        "S": "0.043456406",
        "SD0": "102.1700358",
        "SD1": "106.6903296",
        "SD1neg": "97.80894516",
        "SD2": "111.3743713",
        "SD2neg": "93.60260596",
        "SD3": "111.4743713",
        "SD3neg": "93.50260596"
    },
    {
        "L": "0.149700081",
        "M": "102.7406094",
        "Month": "51",
        "S": "0.043550638",
        "SD0": "102.7406094",
        "SD1": "107.2987225",
        "SD1neg": "98.34819904",
        "SD2": "112.0276552",
        "SD2neg": "94.11649606",
        "SD3": "112.1276552",
        "SD3neg": "94.01649606"
    },
    {
        "L": "0.12470671",
        "M": "103.3130077",
        "Month": "52",
        "S": "0.043642107",
        "SD0": "103.3130077",
        "SD1": "107.9088689",
        "SD1neg": "98.88939366",
        "SD2": "112.6826973",
        "SD2neg": "94.63246127",
        "SD3": "112.7826973",
        "SD3neg": "94.53246127"
    },
    {
        "L": "0.100012514",
        "M": "103.8872839",
        "Month": "53",
        "S": "0.043730791",
        "SD0": "103.8872839",
        "SD1": "108.5208088",
        "SD1neg": "99.43257742",
        "SD2": "113.3395042",
        "SD2neg": "95.15052875",
        "SD3": "113.4395042",
        "SD3neg": "95.05052875"
    },
    {
        "L": "0.075698881",
        "M": "104.4634511",
        "Month": "54",
        "S": "0.043816701",
        "SD0": "104.4634511",
        "SD1": "109.1345423",
        "SD1neg": "99.97775692",
        "SD2": "113.9980419",
        "SD2neg": "95.67068185",
        "SD3": "114.0980419",
        "SD3neg": "95.57068185"
    },
    {
        "L": "0.051847635",
        "M": "105.0414853",
        "Month": "55",
        "S": "0.043899867",
        "SD0": "105.0414853",
        "SD1": "109.750033",
        "SD1neg": "100.5249009",
        "SD2": "114.6582389",
        "SD2neg": "96.19286496",
        "SD3": "114.7582389",
        "SD3neg": "96.09286496"
    },
    {
        "L": "0.02853967",
        "M": "105.6213287",
        "Month": "56",
        "S": "0.043980337",
        "SD0": "105.6213287",
        "SD1": "110.3672107",
        "SD1neg": "101.0739437",
        "SD2": "115.3199892",
        "SD2neg": "96.71698762",
        "SD3": "115.4199892",
        "SD3neg": "96.61698762"
    },
    {
        "L": "0.005853853",
        "M": "106.2028921",
        "Month": "57",
        "S": "0.044058171",
        "SD0": "106.2028921",
        "SD1": "110.9859739",
        "SD1neg": "101.6247885",
        "SD2": "115.983155",
        "SD2neg": "97.24292839",
        "SD3": "116.083155",
        "SD3neg": "97.14292839"
    },
    {
        "L": "-0.016133871",
        "M": "106.7860583",
        "Month": "58",
        "S": "0.04413344",
        "SD0": "106.7860583",
        "SD1": "111.6061925",
        "SD1neg": "102.1773105",
        "SD2": "116.6475699",
        "SD2neg": "97.77053842",
        "SD3": "116.7475699",
        "SD3neg": "97.67053842"
    },
    {
        "L": "-0.037351181",
        "M": "107.3706841",
        "Month": "59",
        "S": "0.044206218",
        "SD0": "107.3706841",
        "SD1": "112.2277107",
        "SD1neg": "102.7313596",
        "SD2": "117.3130409",
        "SD2neg": "98.29964447",
        "SD3": "117.4130409",
        "SD3neg": "98.19964447"
    },
    {
        "L": "-0.057729947",
        "M": "107.9566031",
        "Month": "60",
        "S": "0.044276588",
        "SD0": "107.9566031",
        "SD1": "112.8503488",
        "SD1neg": "103.286763",
        "SD2": "117.9793515",
        "SD2neg": "98.830052",
        "SD3": "118.0793515",
        "SD3neg": "98.730052"
    },
    {
        "L": "-0.077206672",
        "M": "108.5436278",
        "Month": "61",
        "S": "0.044344632",
        "SD0": "108.5436278",
        "SD1": "113.4739061",
        "SD1neg": "103.8433276",
        "SD2": "118.6462639",
        "SD2neg": "99.36154766",
        "SD3": "118.7462639",
        "SD3neg": "99.26154766"
    },
    {
        "L": "-0.09572283",
        "M": "109.1315521",
        "Month": "62",
        "S": "0.044410436",
        "SD0": "109.1315521",
        "SD1": "114.0981628",
        "SD1neg": "104.4008428",
        "SD2": "119.3135218",
        "SD2neg": "99.89390197",
        "SD3": "119.4135218",
        "SD3neg": "99.79390197"
    },
    {
        "L": "-0.113225128",
        "M": "109.7201531",
        "Month": "63",
        "S": "0.044474084",
        "SD0": "109.7201531",
        "SD1": "114.7228821",
        "SD1neg": "104.9590821",
        "SD2": "119.9808523",
        "SD2neg": "100.4268714",
        "SD3": "120.0808523",
        "SD3neg": "100.3268714"
    },
    {
        "L": "-0.129665689",
        "M": "110.3091934",
        "Month": "64",
        "S": "0.044535662",
        "SD0": "110.3091934",
        "SD1": "115.3478127",
        "SD1neg": "105.5178052",
        "SD2": "120.6479687",
        "SD2neg": "100.9602006",
        "SD3": "120.7479687",
        "SD3neg": "100.8602006"
    },
    {
        "L": "-0.145002179",
        "M": "110.8984228",
        "Month": "65",
        "S": "0.044595254",
        "SD0": "110.8984228",
        "SD1": "115.9726905",
        "SD1neg": "106.0767603",
        "SD2": "121.3145724",
        "SD2neg": "101.4936244",
        "SD3": "121.4145724",
        "SD3neg": "101.3936244"
    },
    {
        "L": "-0.159197885",
        "M": "111.4875806",
        "Month": "66",
        "S": "0.044652942",
        "SD0": "111.4875806",
        "SD1": "116.5972407",
        "SD1neg": "106.6356859",
        "SD2": "121.9803554",
        "SD2neg": "102.0268696",
        "SD3": "122.0803554",
        "SD3neg": "101.9268696"
    },
    {
        "L": "-0.172221748",
        "M": "112.0763967",
        "Month": "67",
        "S": "0.044708809",
        "SD0": "112.0763967",
        "SD1": "117.2211798",
        "SD1neg": "107.1943122",
        "SD2": "122.6450023",
        "SD2neg": "102.5596568",
        "SD3": "122.7450023",
        "SD3neg": "102.4596568"
    },
    {
        "L": "-0.184048358",
        "M": "112.6645943",
        "Month": "68",
        "S": "0.044762936",
        "SD0": "112.6645943",
        "SD1": "117.8442171",
        "SD1neg": "107.7523632",
        "SD2": "123.3081924",
        "SD2neg": "103.0917018",
        "SD3": "123.4081924",
        "SD3neg": "102.9917018"
    },
    {
        "L": "-0.194660215",
        "M": "113.2518902",
        "Month": "69",
        "S": "0.044815402",
        "SD0": "113.2518902",
        "SD1": "118.466057",
        "SD1neg": "108.3095578",
        "SD2": "123.9696023",
        "SD2neg": "103.6227181",
        "SD3": "124.0696023",
        "SD3neg": "103.5227181"
    },
    {
        "L": "-0.204030559",
        "M": "113.8380006",
        "Month": "70",
        "S": "0.044866288",
        "SD0": "113.8380006",
        "SD1": "119.0864019",
        "SD1neg": "108.8656129",
        "SD2": "124.6289039",
        "SD2neg": "104.1524138",
        "SD3": "124.7289039",
        "SD3neg": "104.0524138"
    },
    {
        "L": "-0.212174408",
        "M": "114.4226317",
        "Month": "71",
        "S": "0.044915672",
        "SD0": "114.4226317",
        "SD1": "119.7049485",
        "SD1neg": "109.4202407",
        "SD2": "125.2857787",
        "SD2neg": "104.6805056",
        "SD3": "125.3857787",
        "SD3neg": "104.5805056"
    },
    {
        "L": "-0.219069129",
        "M": "115.0054978",
        "Month": "72",
        "S": "0.044963636",
        "SD0": "115.0054978",
        "SD1": "120.3213986",
        "SD1neg": "109.9731565",
        "SD2": "125.9399002",
        "SD2neg": "105.2067009",
        "SD3": "126.0399002",
        "SD3neg": "105.1067009"
    },
    {
        "L": "-0.224722166",
        "M": "115.5863089",
        "Month": "73",
        "S": "0.045010259",
        "SD0": "115.5863089",
        "SD1": "120.9354527",
        "SD1neg": "110.5240746",
        "SD2": "126.5909524",
        "SD2neg": "105.7307153",
        "SD3": "126.6909524",
        "SD3neg": "105.6307153"
    },
    {
        "L": "-0.229140412",
        "M": "116.1647782",
        "Month": "74",
        "S": "0.045055624",
        "SD0": "116.1647782",
        "SD1": "121.5468154",
        "SD1neg": "111.072712",
        "SD2": "127.2386244",
        "SD2neg": "106.2522665",
        "SD3": "127.3386244",
        "SD3neg": "106.1522665"
    },
    {
        "L": "-0.232335686",
        "M": "116.7406221",
        "Month": "75",
        "S": "0.045099817",
        "SD0": "116.7406221",
        "SD1": "122.1551959",
        "SD1neg": "111.6187893",
        "SD2": "127.8826129",
        "SD2neg": "106.7710768",
        "SD3": "127.9826129",
        "SD3neg": "106.6710768"
    },
    {
        "L": "-0.234324563",
        "M": "117.3135622",
        "Month": "76",
        "S": "0.045142924",
        "SD0": "117.3135622",
        "SD1": "122.7603097",
        "SD1neg": "112.1620317",
        "SD2": "128.5226246",
        "SD2neg": "107.2868741",
        "SD3": "128.6226246",
        "SD3neg": "107.1868741"
    },
    {
        "L": "-0.235128195",
        "M": "117.8833259",
        "Month": "77",
        "S": "0.045185036",
        "SD0": "117.8833259",
        "SD1": "123.3618801",
        "SD1neg": "112.7021703",
        "SD2": "129.1583771",
        "SD2neg": "107.7993932",
        "SD3": "129.2583771",
        "SD3neg": "107.6993932"
    },
    {
        "L": "-0.234772114",
        "M": "118.4496481",
        "Month": "78",
        "S": "0.045226249",
        "SD0": "118.4496481",
        "SD1": "123.9596395",
        "SD1neg": "113.2389432",
        "SD2": "129.7896011",
        "SD2neg": "108.3083759",
        "SD3": "129.8896011",
        "SD3neg": "108.2083759"
    },
    {
        "L": "-0.233286033",
        "M": "119.0122722",
        "Month": "79",
        "S": "0.045266662",
        "SD0": "119.0122722",
        "SD1": "124.5533308",
        "SD1neg": "113.7720965",
        "SD2": "130.4160412",
        "SD2neg": "108.813573",
        "SD3": "130.5160412",
        "SD3neg": "108.713573"
    },
    {
        "L": "-0.230703633",
        "M": "119.5709513",
        "Month": "80",
        "S": "0.045306383",
        "SD0": "119.5709513",
        "SD1": "125.1427087",
        "SD1neg": "114.3013851",
        "SD2": "131.0374582",
        "SD2neg": "109.3147443",
        "SD3": "131.1374582",
        "SD3neg": "109.2147443"
    },
    {
        "L": "-0.227062344",
        "M": "120.1254495",
        "Month": "81",
        "S": "0.045345524",
        "SD0": "120.1254495",
        "SD1": "125.727541",
        "SD1neg": "114.8265743",
        "SD2": "131.6536296",
        "SD2neg": "109.81166",
        "SD3": "131.7536296",
        "SD3neg": "109.71166"
    },
    {
        "L": "-0.222403111",
        "M": "120.6755427",
        "Month": "82",
        "S": "0.045384203",
        "SD0": "120.6755427",
        "SD1": "126.3076099",
        "SD1neg": "115.3474399",
        "SD2": "132.2643517",
        "SD2neg": "110.3041009",
        "SD3": "132.3643517",
        "SD3neg": "110.2041009"
    },
    {
        "L": "-0.216770161",
        "M": "121.22102",
        "Month": "83",
        "S": "0.045422551",
        "SD0": "121.22102",
        "SD1": "126.8827131",
        "SD1neg": "115.8637699",
        "SD2": "132.8694404",
        "SD2neg": "110.7918594",
        "SD3": "132.9694404",
        "SD3neg": "110.6918594"
    },
    {
        "L": "-0.210210748",
        "M": "121.7616844",
        "Month": "84",
        "S": "0.045460702",
        "SD0": "121.7616844",
        "SD1": "127.4526651",
        "SD1neg": "116.3753648",
        "SD2": "133.4687327",
        "SD2neg": "111.2747406",
        "SD3": "133.5687327",
        "SD3neg": "111.1747406"
    },
    {
        "L": "-0.202774891",
        "M": "122.2973542",
        "Month": "85",
        "S": "0.045498803",
        "SD0": "122.2973542",
        "SD1": "128.0172984",
        "SD1neg": "116.8820387",
        "SD2": "134.0620877",
        "SD2neg": "111.7525622",
        "SD3": "134.1620877",
        "SD3neg": "111.6525622"
    },
    {
        "L": "-0.194515104",
        "M": "122.827864",
        "Month": "86",
        "S": "0.045537012",
        "SD0": "122.827864",
        "SD1": "128.5764644",
        "SD1neg": "117.3836201",
        "SD2": "134.6493882",
        "SD2neg": "112.2251554",
        "SD3": "134.7493882",
        "SD3neg": "112.1251554"
    },
    {
        "L": "-0.185486099",
        "M": "123.3530652",
        "Month": "87",
        "S": "0.045575495",
        "SD0": "123.3530652",
        "SD1": "129.1300349",
        "SD1neg": "117.8799528",
        "SD2": "135.2305413",
        "SD2neg": "112.692366",
        "SD3": "135.3305413",
        "SD3neg": "112.592366"
    },
    {
        "L": "-0.175744476",
        "M": "123.8728276",
        "Month": "88",
        "S": "0.045614432",
        "SD0": "123.8728276",
        "SD1": "129.6779027",
        "SD1neg": "118.3708964",
        "SD2": "135.8054799",
        "SD2neg": "113.1540541",
        "SD3": "135.9054799",
        "SD3neg": "113.0540541"
    },
    {
        "L": "-0.165348396",
        "M": "124.38704",
        "Month": "89",
        "S": "0.045654016",
        "SD0": "124.38704",
        "SD1": "130.2199832",
        "SD1neg": "118.8563277",
        "SD2": "136.3741635",
        "SD2neg": "113.6100955",
        "SD3": "136.4741635",
        "SD3neg": "113.5100955"
    },
    {
        "L": "-0.15435722",
        "M": "124.8956114",
        "Month": "90",
        "S": "0.04569445",
        "SD0": "124.8956114",
        "SD1": "130.7562155",
        "SD1neg": "119.3361408",
        "SD2": "136.9365797",
        "SD2neg": "114.0603817",
        "SD3": "137.0365797",
        "SD3neg": "113.9603817"
    },
    {
        "L": "-0.142831123",
        "M": "125.398472",
        "Month": "91",
        "S": "0.045735953",
        "SD0": "125.398472",
        "SD1": "131.2865627",
        "SD1neg": "119.8102484",
        "SD2": "137.4927444",
        "SD2neg": "114.5048207",
        "SD3": "137.5927444",
        "SD3neg": "114.4048207"
    },
    {
        "L": "-0.130830669",
        "M": "125.895574",
        "Month": "92",
        "S": "0.045778759",
        "SD0": "125.895574",
        "SD1": "131.8110141",
        "SD1neg": "120.2785824",
        "SD2": "138.0427038",
        "SD2neg": "114.9433375",
        "SD3": "138.1427038",
        "SD3neg": "114.8433375"
    },
    {
        "L": "-0.118416354",
        "M": "126.3868929",
        "Month": "93",
        "S": "0.045823114",
        "SD0": "126.3868929",
        "SD1": "132.3295854",
        "SD1neg": "120.7410949",
        "SD2": "138.5865344",
        "SD2neg": "115.3758748",
        "SD3": "138.6865344",
        "SD3neg": "115.2758748"
    },
    {
        "L": "-0.105648092",
        "M": "126.8724284",
        "Month": "94",
        "S": "0.04586928",
        "SD0": "126.8724284",
        "SD1": "132.8423202",
        "SD1neg": "121.1977591",
        "SD2": "139.1243448",
        "SD2neg": "115.8023934",
        "SD3": "139.2243448",
        "SD3neg": "115.7023934"
    },
    {
        "L": "-0.092584657",
        "M": "127.3522056",
        "Month": "95",
        "S": "0.045917535",
        "SD0": "127.3522056",
        "SD1": "133.3492913",
        "SD1neg": "121.6485699",
        "SD2": "139.6562759",
        "SD2neg": "116.2228729",
        "SD3": "139.7562759",
        "SD3neg": "116.1228729"
    },
    {
        "L": "-0.079283065",
        "M": "127.8262759",
        "Month": "96",
        "S": "0.045968169",
        "SD0": "127.8262759",
        "SD1": "133.8506012",
        "SD1neg": "122.0935453",
        "SD2": "140.1825021",
        "SD2neg": "116.6373124",
        "SD3": "140.2825021",
        "SD3neg": "116.5373124"
    },
    {
        "L": "-0.065797888",
        "M": "128.2947187",
        "Month": "97",
        "S": "0.04602149",
        "SD0": "128.2947187",
        "SD1": "134.3463837",
        "SD1neg": "122.5327273",
        "SD2": "140.703232",
        "SD2neg": "117.0457312",
        "SD3": "140.803232",
        "SD3neg": "116.9457312"
    },
    {
        "L": "-0.0521805",
        "M": "128.757642",
        "Month": "98",
        "S": "0.046077818",
        "SD0": "128.757642",
        "SD1": "134.8368048",
        "SD1neg": "122.9661827",
        "SD2": "141.2187092",
        "SD2neg": "117.4481694",
        "SD3": "141.3187092",
        "SD3neg": "117.3481694"
    },
    {
        "L": "-0.03847825",
        "M": "129.2151839",
        "Month": "99",
        "S": "0.046137487",
        "SD0": "129.2151839",
        "SD1": "135.3220639",
        "SD1neg": "123.3940047",
        "SD2": "141.7292127",
        "SD2neg": "117.8446889",
        "SD3": "141.8292127",
        "SD3neg": "117.7446889"
    },
    {
        "L": "-0.024733545",
        "M": "129.6675143",
        "Month": "100",
        "S": "0.046200842",
        "SD0": "129.6675143",
        "SD1": "135.802395",
        "SD1neg": "123.8163138",
        "SD2": "142.2350577",
        "SD2neg": "118.2353744",
        "SD3": "142.3350577",
        "SD3neg": "118.1353744"
    },
    {
        "L": "-0.010982868",
        "M": "130.1148354",
        "Month": "101",
        "S": "0.04626824",
        "SD0": "130.1148354",
        "SD1": "136.2780671",
        "SD1neg": "124.2332592",
        "SD2": "142.7365959",
        "SD2neg": "118.6203339",
        "SD3": "142.8365959",
        "SD3neg": "118.5203339"
    },
    {
        "L": "0.002744306",
        "M": "130.5573839",
        "Month": "102",
        "S": "0.046340046",
        "SD0": "130.5573839",
        "SD1": "136.7493862",
        "SD1neg": "124.6450205",
        "SD2": "143.2342155",
        "SD2neg": "118.9997002",
        "SD3": "143.3342155",
        "SD3neg": "118.8997002"
    },
    {
        "L": "0.016426655",
        "M": "130.995432",
        "Month": "103",
        "S": "0.046416629",
        "SD0": "130.995432",
        "SD1": "137.2166953",
        "SD1neg": "125.0518084",
        "SD2": "143.7283412",
        "SD2neg": "119.3736321",
        "SD3": "143.8283412",
        "SD3neg": "119.2736321"
    },
    {
        "L": "0.030052231",
        "M": "131.4292887",
        "Month": "104",
        "S": "0.046498361",
        "SD0": "131.4292887",
        "SD1": "137.6803757",
        "SD1neg": "125.4538673",
        "SD2": "144.2194343",
        "SD2neg": "119.7423155",
        "SD3": "144.3194343",
        "SD3neg": "119.6423155"
    },
    {
        "L": "0.043619747",
        "M": "131.8593015",
        "Month": "105",
        "S": "0.046585611",
        "SD0": "131.8593015",
        "SD1": "138.1408475",
        "SD1neg": "125.8514759",
        "SD2": "144.7079915",
        "SD2neg": "120.1059646",
        "SD3": "144.8079915",
        "SD3neg": "120.0059646"
    },
    {
        "L": "0.05713988",
        "M": "132.2858574",
        "Month": "106",
        "S": "0.046678741",
        "SD0": "132.2858574",
        "SD1": "138.5985698",
        "SD1neg": "126.2449496",
        "SD2": "145.1945441",
        "SD2neg": "120.4648238",
        "SD3": "145.2945441",
        "SD3neg": "120.3648238"
    },
    {
        "L": "0.070636605",
        "M": "132.7093845",
        "Month": "107",
        "S": "0.046778099",
        "SD0": "132.7093845",
        "SD1": "139.0540413",
        "SD1neg": "126.634642",
        "SD2": "145.6796567",
        "SD2neg": "120.8191694",
        "SD3": "145.7796567",
        "SD3neg": "120.7191694"
    },
    {
        "L": "0.08414848",
        "M": "133.1303527",
        "Month": "108",
        "S": "0.04688401",
        "SD0": "133.1303527",
        "SD1": "139.5077998",
        "SD1neg": "127.0209466",
        "SD2": "146.1639245",
        "SD2neg": "121.169311",
        "SD3": "146.2639245",
        "SD3neg": "121.069311"
    },
    {
        "L": "0.097729873",
        "M": "133.5492749",
        "Month": "109",
        "S": "0.046996769",
        "SD0": "133.5492749",
        "SD1": "139.9604218",
        "SD1neg": "127.4042983",
        "SD2": "146.6479715",
        "SD2neg": "121.5155937",
        "SD3": "146.7479715",
        "SD3neg": "121.4155937"
    },
    {
        "L": "0.111452039",
        "M": "133.9667073",
        "Month": "110",
        "S": "0.047116633",
        "SD0": "133.9667073",
        "SD1": "140.4125211",
        "SD1neg": "127.7851756",
        "SD2": "147.1324464",
        "SD2neg": "121.8584002",
        "SD3": "147.2324464",
        "SD3neg": "121.7584002"
    },
    {
        "L": "0.125404005",
        "M": "134.3832499",
        "Month": "111",
        "S": "0.047243801",
        "SD0": "134.3832499",
        "SD1": "140.8647477",
        "SD1neg": "128.1641015",
        "SD2": "147.6180183",
        "SD2neg": "122.1981527",
        "SD3": "147.7180183",
        "SD3neg": "122.0981527"
    },
    {
        "L": "0.13969316",
        "M": "134.7995463",
        "Month": "112",
        "S": "0.047378413",
        "SD0": "134.7995463",
        "SD1": "141.3177849",
        "SD1neg": "128.5416453",
        "SD2": "148.1053723",
        "SD2neg": "122.5353152",
        "SD3": "148.2053723",
        "SD3neg": "122.4353152"
    },
    {
        "L": "0.154445482",
        "M": "135.2162826",
        "Month": "113",
        "S": "0.047520521",
        "SD0": "135.2162826",
        "SD1": "141.7723462",
        "SD1neg": "128.9184232",
        "SD2": "148.5952024",
        "SD2neg": "122.8703959",
        "SD3": "148.6952024",
        "SD3neg": "122.7703959"
    },
    {
        "L": "0.169805275",
        "M": "135.634186",
        "Month": "114",
        "S": "0.047670085",
        "SD0": "135.634186",
        "SD1": "142.2291709",
        "SD1neg": "129.2950994",
        "SD2": "149.0882047",
        "SD2neg": "123.2039493",
        "SD3": "149.1882047",
        "SD3neg": "123.1039493"
    },
    {
        "L": "0.185934346",
        "M": "136.0540223",
        "Month": "115",
        "S": "0.047826946",
        "SD0": "136.0540223",
        "SD1": "142.6890195",
        "SD1neg": "129.6723857",
        "SD2": "149.5850693",
        "SD2neg": "123.5365787",
        "SD3": "149.6850693",
        "SD3neg": "123.4365787"
    },
    {
        "L": "0.203010488",
        "M": "136.4765925",
        "Month": "116",
        "S": "0.04799081",
        "SD0": "136.4765925",
        "SD1": "143.1526661",
        "SD1neg": "130.0510412",
        "SD2": "150.0864702",
        "SD2neg": "123.8689379",
        "SD3": "150.1864702",
        "SD3neg": "123.7689379"
    },
    {
        "L": "0.2212252",
        "M": "136.9027281",
        "Month": "117",
        "S": "0.048161228",
        "SD0": "136.9027281",
        "SD1": "143.6208914",
        "SD1neg": "130.4318709",
        "SD2": "150.5930552",
        "SD2neg": "124.201733",
        "SD3": "150.6930552",
        "SD3neg": "124.101733"
    },
    {
        "L": "0.240780542",
        "M": "137.3332846",
        "Month": "118",
        "S": "0.04833757",
        "SD0": "137.3332846",
        "SD1": "144.0944728",
        "SD1neg": "130.8157231",
        "SD2": "151.1054338",
        "SD2neg": "124.5357242",
        "SD3": "151.2054338",
        "SD3neg": "124.4357242"
    },
    {
        "L": "0.261885086",
        "M": "137.7691339",
        "Month": "119",
        "S": "0.048519011",
        "SD0": "137.7691339",
        "SD1": "144.5741736",
        "SD1neg": "131.2034856",
        "SD2": "151.6241647",
        "SD2neg": "124.8717261",
        "SD3": "151.7241647",
        "SD3neg": "124.7717261"
    },
    {
        "L": "0.284748919",
        "M": "138.2111552",
        "Month": "120",
        "S": "0.048704503",
        "SD0": "138.2111552",
        "SD1": "145.0607308",
        "SD1neg": "131.5960808",
        "SD2": "152.149742",
        "SD2neg": "125.2106084",
        "SD3": "152.249742",
        "SD3neg": "125.1106084"
    },
    {
        "L": "0.309577733",
        "M": "138.6602228",
        "Month": "121",
        "S": "0.048892759",
        "SD0": "138.6602228",
        "SD1": "145.5548408",
        "SD1neg": "131.9944586",
        "SD2": "152.6825813",
        "SD2neg": "125.5532944",
        "SD3": "152.7825813",
        "SD3neg": "125.4532944"
    },
    {
        "L": "0.336566048",
        "M": "139.1171933",
        "Month": "122",
        "S": "0.049082239",
        "SD0": "139.1171933",
        "SD1": "146.0571437",
        "SD1neg": "132.3995878",
        "SD2": "153.2230051",
        "SD2neg": "125.9007591",
        "SD3": "153.3230051",
        "SD3neg": "125.8007591"
    },
    {
        "L": "0.365889711",
        "M": "139.5828898",
        "Month": "123",
        "S": "0.049271137",
        "SD0": "139.5828898",
        "SD1": "146.5682068",
        "SD1neg": "132.8124449",
        "SD2": "153.7712286",
        "SD2neg": "126.2540255",
        "SD3": "153.8712286",
        "SD3neg": "126.1540255"
    },
    {
        "L": "0.397699038",
        "M": "140.0580848",
        "Month": "124",
        "S": "0.049457371",
        "SD0": "140.0580848",
        "SD1": "147.0885067",
        "SD1neg": "133.2340013",
        "SD2": "154.3273454",
        "SD2neg": "126.6141583",
        "SD3": "154.4273454",
        "SD3neg": "126.5141583"
    },
    {
        "L": "0.432104409",
        "M": "140.5434787",
        "Month": "125",
        "S": "0.049638596",
        "SD0": "140.5434787",
        "SD1": "147.6184102",
        "SD1neg": "133.6652065",
        "SD2": "154.8913171",
        "SD2neg": "126.9822582",
        "SD3": "154.9913171",
        "SD3neg": "126.8822582"
    },
    {
        "L": "0.46917993",
        "M": "141.0396832",
        "Month": "126",
        "S": "0.049812203",
        "SD0": "141.0396832",
        "SD1": "148.1581568",
        "SD1neg": "134.106972",
        "SD2": "155.4629576",
        "SD2neg": "127.3594469",
        "SD3": "155.5629576",
        "SD3neg": "127.2594469"
    },
    {
        "L": "0.508943272",
        "M": "141.5471945",
        "Month": "127",
        "S": "0.049975355",
        "SD0": "141.5471945",
        "SD1": "148.7078391",
        "SD1neg": "134.5601483",
        "SD2": "156.0419288",
        "SD2neg": "127.7468577",
        "SD3": "156.1419288",
        "SD3neg": "127.6468577"
    },
    {
        "L": "0.551354277",
        "M": "142.0663731",
        "Month": "128",
        "S": "0.050125012",
        "SD0": "142.0663731",
        "SD1": "149.2673863",
        "SD1neg": "135.0255037",
        "SD2": "156.6277318",
        "SD2neg": "128.1456164",
        "SD3": "156.7277318",
        "SD3neg": "128.0456164"
    },
    {
        "L": "0.596307363",
        "M": "142.59742",
        "Month": "129",
        "S": "0.050257992",
        "SD0": "142.59742",
        "SD1": "149.836549",
        "SD1neg": "135.5036984",
        "SD2": "157.2197049",
        "SD2neg": "128.5568208",
        "SD3": "157.3197049",
        "SD3neg": "128.4568208"
    },
    {
        "L": "0.643626542",
        "M": "143.1403553",
        "Month": "130",
        "S": "0.050371024",
        "SD0": "143.1403553",
        "SD1": "150.4148871",
        "SD1neg": "135.9952591",
        "SD2": "157.817024",
        "SD2neg": "128.9815168",
        "SD3": "157.917024",
        "SD3neg": "128.8815168"
    },
    {
        "L": "0.693062173",
        "M": "143.6949981",
        "Month": "131",
        "S": "0.050460835",
        "SD0": "143.6949981",
        "SD1": "151.0017606",
        "SD1neg": "136.500551",
        "SD2": "158.4187073",
        "SD2neg": "129.4206699",
        "SD3": "158.5187073",
        "SD3neg": "129.3206699"
    },
    {
        "L": "0.744289752",
        "M": "144.2609497",
        "Month": "132",
        "S": "0.050524236",
        "SD0": "144.2609497",
        "SD1": "151.5963258",
        "SD1neg": "137.0197522",
        "SD2": "159.0236248",
        "SD2neg": "129.875134",
        "SD3": "159.1236248",
        "SD3neg": "129.775134"
    },
    {
        "L": "0.79691098",
        "M": "144.8375809",
        "Month": "133",
        "S": "0.050558224",
        "SD0": "144.8375809",
        "SD1": "152.1975362",
        "SD1neg": "137.5528273",
        "SD2": "159.6305111",
        "SD2neg": "130.3456167",
        "SD3": "159.7305111",
        "SD3neg": "130.2456167"
    },
    {
        "L": "0.85045728",
        "M": "145.4240246",
        "Month": "134",
        "S": "0.050560083",
        "SD0": "145.4240246",
        "SD1": "152.8041496",
        "SD1neg": "138.0995052",
        "SD2": "160.2379827",
        "SD2neg": "130.8326435",
        "SD3": "160.3379827",
        "SD3neg": "130.7326435"
    },
    {
        "L": "0.904395871",
        "M": "146.0191748",
        "Month": "135",
        "S": "0.050527494",
        "SD0": "146.0191748",
        "SD1": "153.4147402",
        "SD1neg": "138.6592602",
        "SD2": "160.8445592",
        "SD2neg": "131.3365204",
        "SD3": "160.9445592",
        "SD3neg": "131.2365204"
    },
    {
        "L": "0.958138449",
        "M": "146.621692",
        "Month": "136",
        "S": "0.050458634",
        "SD0": "146.621692",
        "SD1": "154.0277183",
        "SD1neg": "139.2312986",
        "SD2": "161.448687",
        "SD2neg": "131.8572976",
        "SD3": "161.548687",
        "SD3neg": "131.7572976"
    },
    {
        "L": "1.011054559",
        "M": "147.2300177",
        "Month": "137",
        "S": "0.050352269",
        "SD0": "147.2300177",
        "SD1": "154.6413545",
        "SD1neg": "139.8145526",
        "SD2": "162.0487653",
        "SD2neg": "132.3947352",
        "SD3": "162.1487653",
        "SD3neg": "132.2947352"
    },
    {
        "L": "1.062474568",
        "M": "147.8423918",
        "Month": "138",
        "S": "0.050207825",
        "SD0": "147.8423918",
        "SD1": "155.2538083",
        "SD1neg": "140.4076799",
        "SD2": "162.6431779",
        "SD2neg": "132.9482789",
        "SD3": "162.7431779",
        "SD3neg": "132.8482789"
    },
    {
        "L": "1.111727029",
        "M": "148.4568879",
        "Month": "139",
        "S": "0.050025434",
        "SD0": "148.4568879",
        "SD1": "155.8631652",
        "SD1neg": "141.009077",
        "SD2": "163.2303129",
        "SD2neg": "133.5170299",
        "SD3": "163.3303129",
        "SD3neg": "133.4170299"
    },
    {
        "L": "1.158135105",
        "M": "149.0714413",
        "Month": "140",
        "S": "0.049805967",
        "SD0": "149.0714413",
        "SD1": "156.4674701",
        "SD1neg": "141.6168961",
        "SD2": "163.8085996",
        "SD2neg": "134.0997412",
        "SD3": "163.9085996",
        "SD3neg": "133.9997412"
    },
    {
        "L": "1.201050821",
        "M": "149.6838943",
        "Month": "141",
        "S": "0.049551023",
        "SD0": "149.6838943",
        "SD1": "157.0647683",
        "SD1neg": "142.2290749",
        "SD2": "164.3765283",
        "SD2neg": "134.6948115",
        "SD3": "164.4765283",
        "SD3neg": "134.5948115"
    },
    {
        "L": "1.239852328",
        "M": "150.2920328",
        "Month": "142",
        "S": "0.049262895",
        "SD0": "150.2920328",
        "SD1": "157.6531408",
        "SD1neg": "142.8433712",
        "SD2": "164.9326836",
        "SD2neg": "135.3003063",
        "SD3": "165.0326836",
        "SD3neg": "135.2003063"
    },
    {
        "L": "1.274006058",
        "M": "150.8936469",
        "Month": "143",
        "S": "0.048944504",
        "SD0": "150.8936469",
        "SD1": "158.2307475",
        "SD1neg": "143.4574133",
        "SD2": "165.4757491",
        "SD2neg": "135.913967",
        "SD3": "165.5757491",
        "SD3neg": "135.813967"
    },
    {
        "L": "1.303044695",
        "M": "151.4865636",
        "Month": "144",
        "S": "0.048599314",
        "SD0": "151.4865636",
        "SD1": "158.7958554",
        "SD1neg": "144.068744",
        "SD2": "166.0045407",
        "SD2neg": "136.5332678",
        "SD3": "166.1045407",
        "SD3neg": "136.4332678"
    },
    {
        "L": "1.326605954",
        "M": "152.0686985",
        "Month": "145",
        "S": "0.048231224",
        "SD0": "152.0686985",
        "SD1": "159.346872",
        "SD1neg": "144.6748776",
        "SD2": "166.5180116",
        "SD2neg": "137.1554592",
        "SD3": "166.6180116",
        "SD3neg": "137.0554592"
    },
    {
        "L": "1.344443447",
        "M": "152.6380955",
        "Month": "146",
        "S": "0.047844442",
        "SD0": "152.6380955",
        "SD1": "159.8823697",
        "SD1neg": "145.2733541",
        "SD2": "167.0152635",
        "SD2neg": "137.7776337",
        "SD3": "167.1152635",
        "SD3neg": "137.6776337"
    },
    {
        "L": "1.356437773",
        "M": "153.1929631",
        "Month": "147",
        "S": "0.047443362",
        "SD0": "153.1929631",
        "SD1": "160.4011057",
        "SD1neg": "145.8617929",
        "SD2": "167.4955515",
        "SD2neg": "138.396796",
        "SD3": "167.5955515",
        "SD3neg": "138.296796"
    },
    {
        "L": "1.362602695",
        "M": "153.7317031",
        "Month": "148",
        "S": "0.04703243",
        "SD0": "153.7317031",
        "SD1": "160.9020343",
        "SD1neg": "146.4379431",
        "SD2": "167.9582853",
        "SD2neg": "139.0099389",
        "SD3": "168.0582853",
        "SD3neg": "138.9099389"
    },
    {
        "L": "1.363085725",
        "M": "154.2529332",
        "Month": "149",
        "S": "0.046616026",
        "SD0": "154.2529332",
        "SD1": "161.3843147",
        "SD1neg": "146.9997277",
        "SD2": "168.4030274",
        "SD2neg": "139.6141191",
        "SD3": "168.5030274",
        "SD3neg": "139.5141191"
    },
    {
        "L": "1.358162799",
        "M": "154.755501",
        "Month": "150",
        "S": "0.046198356",
        "SD0": "154.755501",
        "SD1": "161.8473113",
        "SD1neg": "147.5452808",
        "SD2": "168.8294884",
        "SD2neg": "140.2065296",
        "SD3": "168.9294884",
        "SD3neg": "140.1065296"
    },
    {
        "L": "1.348227142",
        "M": "155.2384904",
        "Month": "151",
        "S": "0.04578335",
        "SD0": "155.2384904",
        "SD1": "162.2905901",
        "SD1neg": "148.072976",
        "SD2": "169.2375193",
        "SD2neg": "140.7845648",
        "SD3": "169.3375193",
        "SD3neg": "140.6845648"
    },
    {
        "L": "1.333772923",
        "M": "155.7012216",
        "Month": "152",
        "S": "0.045374597",
        "SD0": "155.7012216",
        "SD1": "162.7139088",
        "SD1neg": "148.5814461",
        "SD2": "169.6271022",
        "SD2neg": "141.3458759",
        "SD3": "169.7271022",
        "SD3neg": "141.2458759"
    },
    {
        "L": "1.315374704",
        "M": "156.1432438",
        "Month": "153",
        "S": "0.044975281",
        "SD0": "156.1432438",
        "SD1": "163.1172044",
        "SD1neg": "149.0695935",
        "SD2": "169.9983399",
        "SD2neg": "141.8884133",
        "SD3": "170.0983399",
        "SD3neg": "141.7884133"
    },
    {
        "L": "1.293664024",
        "M": "156.564323",
        "Month": "154",
        "S": "0.044588148",
        "SD0": "156.564323",
        "SD1": "163.5005773",
        "SD1neg": "149.5365918",
        "SD2": "170.3514443",
        "SD2neg": "142.4104565",
        "SD3": "170.4514443",
        "SD3neg": "142.3104565"
    },
    {
        "L": "1.269304678",
        "M": "156.9644258",
        "Month": "155",
        "S": "0.044215488",
        "SD0": "156.9644258",
        "SD1": "163.8642731",
        "SD1neg": "149.9818796",
        "SD2": "170.6867236",
        "SD2neg": "142.9106292",
        "SD3": "170.7867236",
        "SD3neg": "142.8106292"
    },
    {
        "L": "1.242968236",
        "M": "157.3436995",
        "Month": "156",
        "S": "0.043859135",
        "SD0": "157.3436995",
        "SD1": "164.2086641",
        "SD1neg": "150.4051477",
        "SD2": "171.0045707",
        "SD2neg": "143.3879024",
        "SD3": "171.1045707",
        "SD3neg": "143.2879024"
    },
    {
        "L": "1.21531127",
        "M": "157.7024507",
        "Month": "157",
        "S": "0.04352048",
        "SD0": "157.7024507",
        "SD1": "164.5342298",
        "SD1neg": "150.806321",
        "SD2": "171.30545",
        "SD2neg": "143.8415852",
        "SD3": "171.40545",
        "SD3neg": "143.7415852"
    },
    {
        "L": "1.186955477",
        "M": "158.0411233",
        "Month": "158",
        "S": "0.043200497",
        "SD0": "158.0411233",
        "SD1": "164.841538",
        "SD1neg": "151.1855359",
        "SD2": "171.5898857",
        "SD2neg": "144.2713062",
        "SD3": "171.6898857",
        "SD3neg": "144.1713062"
    },
    {
        "L": "1.158471522",
        "M": "158.3602756",
        "Month": "159",
        "S": "0.042899776",
        "SD0": "158.3602756",
        "SD1": "165.1312268",
        "SD1neg": "151.5431156",
        "SD2": "171.8584501",
        "SD2neg": "144.6769872",
        "SD3": "171.9584501",
        "SD3neg": "144.5769872"
    },
    {
        "L": "1.130367088",
        "M": "158.6605588",
        "Month": "160",
        "S": "0.042618565",
        "SD0": "158.6605588",
        "SD1": "165.4039875",
        "SD1neg": "151.8795435",
        "SD2": "172.1117527",
        "SD2neg": "145.0588118",
        "SD3": "172.2117527",
        "SD3neg": "144.9588118"
    },
    {
        "L": "1.103079209",
        "M": "158.9426964",
        "Month": "161",
        "S": "0.042356812",
        "SD0": "158.9426964",
        "SD1": "165.6605496",
        "SD1neg": "152.195437",
        "SD2": "172.3504298",
        "SD2neg": "145.4171906",
        "SD3": "172.4504298",
        "SD3neg": "145.3171906"
    },
    {
        "L": "1.076970655",
        "M": "159.2074654",
        "Month": "162",
        "S": "0.042114211",
        "SD0": "159.2074654",
        "SD1": "165.9016669",
        "SD1neg": "152.4915212",
        "SD2": "172.5751358",
        "SD2neg": "145.7527249",
        "SD3": "172.6751358",
        "SD3neg": "145.6527249"
    },
    {
        "L": "1.052329922",
        "M": "159.455679",
        "Month": "163",
        "S": "0.041890247",
        "SD0": "159.455679",
        "SD1": "166.128106",
        "SD1neg": "152.7686044",
        "SD2": "172.7865343",
        "SD2neg": "146.0661718",
        "SD3": "172.8865343",
        "SD3neg": "145.9661718"
    },
    {
        "L": "1.029374161",
        "M": "159.688172",
        "Month": "164",
        "S": "0.04168424",
        "SD0": "159.688172",
        "SD1": "166.3406354",
        "SD1neg": "153.0275554",
        "SD2": "172.9852908",
        "SD2neg": "146.3584094",
        "SD3": "173.0852908",
        "SD3neg": "146.2584094"
    },
    {
        "L": "1.008254396",
        "M": "159.9057871",
        "Month": "165",
        "S": "0.041495379",
        "SD0": "159.9057871",
        "SD1": "166.5400176",
        "SD1neg": "153.2692832",
        "SD2": "173.1720668",
        "SD2neg": "146.6304057",
        "SD3": "173.2720668",
        "SD3neg": "146.5304057"
    },
    {
        "L": "0.989062282",
        "M": "160.1093647",
        "Month": "166",
        "S": "0.041322765",
        "SD0": "160.1093647",
        "SD1": "166.7270018",
        "SD1neg": "153.4947188",
        "SD2": "173.3475138",
        "SD2neg": "146.8831901",
        "SD3": "173.4475138",
        "SD3neg": "146.7831901"
    },
    {
        "L": "0.971837799",
        "M": "160.299733",
        "Month": "167",
        "S": "0.041165437",
        "SD0": "160.299733",
        "SD1": "166.9023179",
        "SD1neg": "153.7048",
        "SD2": "173.5122688",
        "SD2neg": "147.1178287",
        "SD3": "173.6122688",
        "SD3neg": "147.0178287"
    },
    {
        "L": "0.95657215",
        "M": "160.4776996",
        "Month": "168",
        "S": "0.041022401",
        "SD0": "160.4776996",
        "SD1": "167.0666723",
        "SD1neg": "153.9004578",
        "SD2": "173.6669524",
        "SD2neg": "147.335404",
        "SD3": "173.7669524",
        "SD3neg": "147.235404"
    },
    {
        "L": "0.94324228",
        "M": "160.6440526",
        "Month": "169",
        "S": "0.040892651",
        "SD0": "160.6440526",
        "SD1": "167.2207468",
        "SD1neg": "154.0826087",
        "SD2": "173.8121582",
        "SD2neg": "147.5369897",
        "SD3": "173.9121582",
        "SD3neg": "147.4369897"
    },
    {
        "L": "0.931767062",
        "M": "160.7995428",
        "Month": "170",
        "S": "0.040775193",
        "SD0": "160.7995428",
        "SD1": "167.3651909",
        "SD1neg": "154.2521404",
        "SD2": "173.9484649",
        "SD2neg": "147.7236512",
        "SD3": "174.0484649",
        "SD3neg": "147.6236512"
    },
    {
        "L": "0.922058291",
        "M": "160.9448916",
        "Month": "171",
        "S": "0.040669052",
        "SD0": "160.9448916",
        "SD1": "167.500625",
        "SD1neg": "154.4099103",
        "SD2": "174.0764227",
        "SD2neg": "147.8964206",
        "SD3": "174.1764227",
        "SD3neg": "147.7964206"
    },
    {
        "L": "0.914012643",
        "M": "161.0807857",
        "Month": "172",
        "S": "0.040573288",
        "SD0": "161.0807857",
        "SD1": "167.627638",
        "SD1neg": "154.5567392",
        "SD2": "174.1965557",
        "SD2neg": "148.0562931",
        "SD3": "174.2965557",
        "SD3neg": "147.9562931"
    },
    {
        "L": "0.907516917",
        "M": "161.2078755",
        "Month": "173",
        "S": "0.040487005",
        "SD0": "161.2078755",
        "SD1": "167.7467868",
        "SD1neg": "154.6934076",
        "SD2": "174.3093619",
        "SD2neg": "148.2042194",
        "SD3": "174.4093619",
        "SD3neg": "148.1042194"
    },
    {
        "L": "0.902452436",
        "M": "161.3267744",
        "Month": "174",
        "S": "0.040409354",
        "SD0": "161.3267744",
        "SD1": "167.8585967",
        "SD1neg": "154.8206541",
        "SD2": "174.4153127",
        "SD2neg": "148.3411022",
        "SD3": "174.5153127",
        "SD3neg": "148.2411022"
    },
    {
        "L": "0.898698641",
        "M": "161.4380593",
        "Month": "175",
        "S": "0.040339537",
        "SD0": "161.4380593",
        "SD1": "167.9635617",
        "SD1neg": "154.9391742",
        "SD2": "174.5148531",
        "SD2neg": "148.4677932",
        "SD3": "174.6148531",
        "SD3neg": "148.3677932"
    },
    {
        "L": "0.896143482",
        "M": "161.5422726",
        "Month": "176",
        "S": "0.040276811",
        "SD0": "161.5422726",
        "SD1": "168.062146",
        "SD1neg": "155.0496206",
        "SD2": "174.6084002",
        "SD2neg": "148.5850894",
        "SD3": "174.7084002",
        "SD3neg": "148.4850894"
    },
    {
        "L": "0.894659668",
        "M": "161.639917",
        "Month": "177",
        "S": "0.040220488",
        "SD0": "161.639917",
        "SD1": "168.1547823",
        "SD1neg": "155.1526013",
        "SD2": "174.6963509",
        "SD2neg": "148.693741",
        "SD3": "174.7963509",
        "SD3neg": "148.593741"
    },
    {
        "L": "0.89413892",
        "M": "161.7314645",
        "Month": "178",
        "S": "0.040169932",
        "SD0": "161.7314645",
        "SD1": "168.2418765",
        "SD1neg": "155.2486843",
        "SD2": "174.7790738",
        "SD2neg": "148.7944419",
        "SD3": "174.8790738",
        "SD3neg": "148.6944419"
    },
    {
        "L": "0.894475371",
        "M": "161.8173534",
        "Month": "179",
        "S": "0.040124562",
        "SD0": "161.8173534",
        "SD1": "168.3238071",
        "SD1neg": "155.3383963",
        "SD2": "174.8569148",
        "SD2neg": "148.8878368",
        "SD3": "174.9569148",
        "SD3neg": "148.7878368"
    },
    {
        "L": "0.895569834",
        "M": "161.8979913",
        "Month": "180",
        "S": "0.040083845",
        "SD0": "161.8979913",
        "SD1": "168.4009264",
        "SD1neg": "155.4222258",
        "SD2": "174.9301974",
        "SD2neg": "148.974522",
        "SD3": "175.0301974",
        "SD3neg": "148.874522"
    },
    {
        "L": "0.897330209",
        "M": "161.9737558",
        "Month": "181",
        "S": "0.040047295",
        "SD0": "161.9737558",
        "SD1": "168.4735628",
        "SD1neg": "155.5006242",
        "SD2": "174.9992238",
        "SD2neg": "149.0550472",
        "SD3": "175.0992238",
        "SD3neg": "148.9550472"
    },
    {
        "L": "0.899671635",
        "M": "162.0449969",
        "Month": "182",
        "S": "0.040014473",
        "SD0": "162.0449969",
        "SD1": "168.5420212",
        "SD1neg": "155.5740086",
        "SD2": "175.0642756",
        "SD2neg": "149.1299185",
        "SD3": "175.1642756",
        "SD3neg": "149.0299185"
    },
    {
        "L": "0.902516442",
        "M": "162.1120386",
        "Month": "183",
        "S": "0.03998498",
        "SD0": "162.1120386",
        "SD1": "168.6065851",
        "SD1neg": "155.6427629",
        "SD2": "175.1256155",
        "SD2neg": "149.1996007",
        "SD3": "175.2256155",
        "SD3neg": "149.0996007"
    },
    {
        "L": "0.905793969",
        "M": "162.17518",
        "Month": "184",
        "S": "0.039958458",
        "SD0": "162.17518",
        "SD1": "168.6675175",
        "SD1neg": "155.707241",
        "SD2": "175.183488",
        "SD2neg": "149.26452",
        "SD3": "175.283488",
        "SD3neg": "149.16452"
    },
    {
        "L": "0.909440266",
        "M": "162.2346979",
        "Month": "185",
        "S": "0.039934584",
        "SD0": "162.2346979",
        "SD1": "168.7250625",
        "SD1neg": "155.7677679",
        "SD2": "175.2381208",
        "SD2neg": "149.3250666",
        "SD3": "175.3381208",
        "SD3neg": "149.2250666"
    },
    {
        "L": "0.913397733",
        "M": "162.2908474",
        "Month": "186",
        "S": "0.039913066",
        "SD0": "162.2908474",
        "SD1": "168.7794465",
        "SD1neg": "155.8246424",
        "SD2": "175.2897254",
        "SD2neg": "149.3815977",
        "SD3": "175.3897254",
        "SD3neg": "149.2815977"
    },
    {
        "L": "0.91761471",
        "M": "162.343864",
        "Month": "187",
        "S": "0.039893644",
        "SD0": "162.343864",
        "SD1": "168.8308792",
        "SD1neg": "155.878139",
        "SD2": "175.3384987",
        "SD2neg": "149.4344395",
        "SD3": "175.4384987",
        "SD3neg": "149.3344395"
    },
    {
        "L": "0.922045055",
        "M": "162.3939652",
        "Month": "188",
        "S": "0.039876087",
        "SD0": "162.3939652",
        "SD1": "168.879555",
        "SD1neg": "155.9285092",
        "SD2": "175.3846235",
        "SD2neg": "149.4838897",
        "SD3": "175.4846235",
        "SD3neg": "149.3838897"
    },
    {
        "L": "0.926647697",
        "M": "162.4413513",
        "Month": "189",
        "S": "0.039860185",
        "SD0": "162.4413513",
        "SD1": "168.925654",
        "SD1neg": "155.9759841",
        "SD2": "175.42827",
        "SD2neg": "149.5302204",
        "SD3": "175.52827",
        "SD3neg": "149.4302204"
    },
    {
        "L": "0.931386217",
        "M": "162.4862071",
        "Month": "190",
        "S": "0.039845754",
        "SD0": "162.4862071",
        "SD1": "168.9693433",
        "SD1neg": "156.0207752",
        "SD2": "175.469596",
        "SD2neg": "149.5736793",
        "SD3": "175.569596",
        "SD3neg": "149.4736793"
    },
    {
        "L": "0.93622842",
        "M": "162.5287029",
        "Month": "191",
        "S": "0.039832629",
        "SD0": "162.5287029",
        "SD1": "169.0107773",
        "SD1neg": "156.0630768",
        "SD2": "175.5087483",
        "SD2neg": "149.6144926",
        "SD3": "175.6087483",
        "SD3neg": "149.5144926"
    },
    {
        "L": "0.941145943",
        "M": "162.5689958",
        "Month": "192",
        "S": "0.039820663",
        "SD0": "162.5689958",
        "SD1": "169.0500995",
        "SD1neg": "156.1030669",
        "SD2": "175.5458633",
        "SD2neg": "149.6528664",
        "SD3": "175.6458633",
        "SD3neg": "149.5528664"
    },
    {
        "L": "0.94611388",
        "M": "162.6072309",
        "Month": "193",
        "S": "0.039809725",
        "SD0": "162.6072309",
        "SD1": "169.0874425",
        "SD1neg": "156.1409088",
        "SD2": "175.5810676",
        "SD2neg": "149.6889886",
        "SD3": "175.6810676",
        "SD3neg": "149.5889886"
    },
    {
        "L": "0.95111043",
        "M": "162.6435418",
        "Month": "194",
        "S": "0.0397997",
        "SD0": "162.6435418",
        "SD1": "169.1229296",
        "SD1neg": "156.1767521",
        "SD2": "175.6144791",
        "SD2neg": "149.7230306",
        "SD3": "175.7144791",
        "SD3neg": "149.6230306"
    },
    {
        "L": "0.956116576",
        "M": "162.6780519",
        "Month": "195",
        "S": "0.039790485",
        "SD0": "162.6780519",
        "SD1": "169.1566748",
        "SD1neg": "156.2107343",
        "SD2": "175.6462073",
        "SD2neg": "149.7551486",
        "SD3": "175.7462073",
        "SD3neg": "149.6551486"
    },
    {
        "L": "0.961115792",
        "M": "162.7108751",
        "Month": "196",
        "S": "0.039781991",
        "SD0": "162.7108751",
        "SD1": "169.188784",
        "SD1neg": "156.2429815",
        "SD2": "175.6763538",
        "SD2neg": "149.7854851",
        "SD3": "175.7763538",
        "SD3neg": "149.6854851"
    },
    {
        "L": "0.966093766",
        "M": "162.7421168",
        "Month": "197",
        "S": "0.039774136",
        "SD0": "162.7421168",
        "SD1": "169.2193555",
        "SD1neg": "156.2736094",
        "SD2": "175.7050136",
        "SD2neg": "149.8141699",
        "SD3": "175.8050136",
        "SD3neg": "149.7141699"
    },
    {
        "L": "0.971038162",
        "M": "162.7718741",
        "Month": "198",
        "S": "0.03976685",
        "SD0": "162.7718741",
        "SD1": "169.2484806",
        "SD1neg": "156.3027244",
        "SD2": "175.7322745",
        "SD2neg": "149.8413221",
        "SD3": "175.8322745",
        "SD3neg": "149.7413221"
    },
    {
        "L": "0.975938391",
        "M": "162.8002371",
        "Month": "199",
        "S": "0.03976007",
        "SD0": "162.8002371",
        "SD1": "169.2762438",
        "SD1neg": "156.3304244",
        "SD2": "175.7582188",
        "SD2neg": "149.8670498",
        "SD3": "175.8582188",
        "SD3neg": "149.7670498"
    },
    {
        "L": "0.980785418",
        "M": "162.8272889",
        "Month": "200",
        "S": "0.039753741",
        "SD0": "162.8272889",
        "SD1": "169.3027241",
        "SD1neg": "156.3567993",
        "SD2": "175.7829228",
        "SD2neg": "149.8914522",
        "SD3": "175.8829228",
        "SD3neg": "149.7914522"
    },
    {
        "L": "0.985571579",
        "M": "162.8531067",
        "Month": "201",
        "S": "0.039747815",
        "SD0": "162.8531067",
        "SD1": "169.3279946",
        "SD1neg": "156.3819321",
        "SD2": "175.8064576",
        "SD2neg": "149.9146198",
        "SD3": "175.9064576",
        "SD3neg": "149.8146198"
    },
    {
        "L": "0.99029042",
        "M": "162.8777619",
        "Month": "202",
        "S": "0.039742249",
        "SD0": "162.8777619",
        "SD1": "169.3521234",
        "SD1neg": "156.4058989",
        "SD2": "175.8288897",
        "SD2neg": "149.9366358",
        "SD3": "175.9288897",
        "SD3neg": "149.8366358"
    },
    {
        "L": "0.994936555",
        "M": "162.9013208",
        "Month": "203",
        "S": "0.039737004",
        "SD0": "162.9013208",
        "SD1": "169.3751741",
        "SD1neg": "156.4287703",
        "SD2": "175.8502808",
        "SD2neg": "149.957576",
        "SD3": "175.9502808",
        "SD3neg": "149.857576"
    },
    {
        "L": "0.999505539",
        "M": "162.9238449",
        "Month": "204",
        "S": "0.039732048",
        "SD0": "162.9238449",
        "SD1": "169.3972057",
        "SD1neg": "156.4506112",
        "SD2": "175.8706889",
        "SD2neg": "149.9775101",
        "SD3": "175.9706889",
        "SD3neg": "149.8775101"
    },
    {
        "L": "1.003993753",
        "M": "162.9453912",
        "Month": "205",
        "S": "0.039727352",
        "SD0": "162.9453912",
        "SD1": "169.4182734",
        "SD1neg": "156.4714817",
        "SD2": "175.8901678",
        "SD2neg": "149.996502",
        "SD3": "175.9901678",
        "SD3neg": "149.896502"
    },
    {
        "L": "1.0083983",
        "M": "162.9660131",
        "Month": "206",
        "S": "0.03972289",
        "SD0": "162.9660131",
        "SD1": "169.4384286",
        "SD1neg": "156.4914374",
        "SD2": "175.9087679",
        "SD2neg": "150.0146106",
        "SD3": "176.0087679",
        "SD3neg": "149.9146106"
    },
    {
        "L": "1.012716921",
        "M": "162.9857599",
        "Month": "207",
        "S": "0.03971864",
        "SD0": "162.9857599",
        "SD1": "169.4577194",
        "SD1neg": "156.5105296",
        "SD2": "175.9265363",
        "SD2neg": "150.0318898",
        "SD3": "176.0265363",
        "SD3neg": "149.9318898"
    },
    {
        "L": "1.016947912",
        "M": "163.0046776",
        "Month": "208",
        "S": "0.039714581",
        "SD0": "163.0046776",
        "SD1": "169.4761907",
        "SD1neg": "156.5288061",
        "SD2": "175.9435173",
        "SD2neg": "150.0483893",
        "SD3": "176.0435173",
        "SD3neg": "149.9483893"
    },
    {
        "L": "1.021090055",
        "M": "163.0228094",
        "Month": "209",
        "S": "0.039710697",
        "SD0": "163.0228094",
        "SD1": "169.4938845",
        "SD1neg": "156.546311",
        "SD2": "175.959752",
        "SD2neg": "150.0641551",
        "SD3": "176.059752",
        "SD3neg": "149.9641551"
    },
    {
        "L": "1.025142554",
        "M": "163.0401953",
        "Month": "210",
        "S": "0.039706971",
        "SD0": "163.0401953",
        "SD1": "169.5108401",
        "SD1neg": "156.5630855",
        "SD2": "175.9752791",
        "SD2neg": "150.0792296",
        "SD3": "176.0752791",
        "SD3neg": "149.9792296"
    },
    {
        "L": "1.029104983",
        "M": "163.0568727",
        "Month": "211",
        "S": "0.039703391",
        "SD0": "163.0568727",
        "SD1": "169.5270943",
        "SD1neg": "156.5791679",
        "SD2": "175.9901348",
        "SD2neg": "150.0936516",
        "SD3": "176.0901348",
        "SD3neg": "149.9936516"
    },
    {
        "L": "1.032977233",
        "M": "163.0728768",
        "Month": "212",
        "S": "0.039699945",
        "SD0": "163.0728768",
        "SD1": "169.5426818",
        "SD1neg": "156.5945936",
        "SD2": "176.0043533",
        "SD2neg": "150.1074576",
        "SD3": "176.1043533",
        "SD3neg": "150.0074576"
    },
    {
        "L": "1.036759475",
        "M": "163.0882404",
        "Month": "213",
        "S": "0.039696623",
        "SD0": "163.0882404",
        "SD1": "169.557635",
        "SD1neg": "156.6093959",
        "SD2": "176.0179664",
        "SD2neg": "150.1206809",
        "SD3": "176.1179664",
        "SD3neg": "150.0206809"
    },
    {
        "L": "1.040452117",
        "M": "163.1029943",
        "Month": "214",
        "S": "0.039693415",
        "SD0": "163.1029943",
        "SD1": "169.5719843",
        "SD1neg": "156.6236058",
        "SD2": "176.0310041",
        "SD2neg": "150.1333528",
        "SD3": "176.1310041",
        "SD3neg": "150.0333528"
    },
    {
        "L": "1.044055774",
        "M": "163.1171673",
        "Month": "215",
        "S": "0.039690313",
        "SD0": "163.1171673",
        "SD1": "169.5857583",
        "SD1neg": "156.6372522",
        "SD2": "176.0434946",
        "SD2neg": "150.1455021",
        "SD3": "176.1434946",
        "SD3neg": "150.0455021"
    },
    {
        "L": "1.047571238",
        "M": "163.1307866",
        "Month": "216",
        "S": "0.039687311",
        "SD0": "163.1307866",
        "SD1": "169.598984",
        "SD1neg": "156.6503622",
        "SD2": "176.0554645",
        "SD2neg": "150.1571556",
        "SD3": "176.1554645",
        "SD3neg": "150.0571556"
    },
    {
        "L": "1.050999451",
        "M": "163.1438776",
        "Month": "217",
        "S": "0.039684402",
        "SD0": "163.1438776",
        "SD1": "169.6116868",
        "SD1neg": "156.6629612",
        "SD2": "176.0669388",
        "SD2neg": "150.1683384",
        "SD3": "176.1669388",
        "SD3neg": "150.0683384"
    },
    {
        "L": "1.054341482",
        "M": "163.1564644",
        "Month": "218",
        "S": "0.039681581",
        "SD0": "163.1564644",
        "SD1": "169.6238906",
        "SD1neg": "156.675073",
        "SD2": "176.0779409",
        "SD2neg": "150.1790739",
        "SD3": "176.1779409",
        "SD3neg": "150.0790739"
    },
    {
        "L": "1.057598512",
        "M": "163.1685697",
        "Month": "219",
        "S": "0.039678842",
        "SD0": "163.1685697",
        "SD1": "169.635618",
        "SD1neg": "156.6867199",
        "SD2": "176.0884931",
        "SD2neg": "150.1893838",
        "SD3": "176.1884931",
        "SD3neg": "150.0893838"
    },
    {
        "L": "1.060771808",
        "M": "163.1802146",
        "Month": "220",
        "S": "0.039676182",
        "SD0": "163.1802146",
        "SD1": "169.6468903",
        "SD1neg": "156.6979229",
        "SD2": "176.0986164",
        "SD2neg": "150.1992885",
        "SD3": "176.1986164",
        "SD3neg": "150.0992885"
    },
    {
        "L": "1.063862715",
        "M": "163.1914194",
        "Month": "221",
        "S": "0.039673596",
        "SD0": "163.1914194",
        "SD1": "169.6577276",
        "SD1neg": "156.7087019",
        "SD2": "176.1083305",
        "SD2neg": "150.2088072",
        "SD3": "176.2083305",
        "SD3neg": "150.1088072"
    },
    {
        "L": "1.066872639",
        "M": "163.202203",
        "Month": "222",
        "S": "0.039671082",
        "SD0": "163.202203",
        "SD1": "169.6681489",
        "SD1neg": "156.7190754",
        "SD2": "176.1176541",
        "SD2neg": "150.2179577",
        "SD3": "176.2176541",
        "SD3neg": "150.1179577"
    },
    {
        "L": "1.069803036",
        "M": "163.2125835",
        "Month": "223",
        "S": "0.039668635",
        "SD0": "163.2125835",
        "SD1": "169.6781723",
        "SD1neg": "156.7290611",
        "SD2": "176.1266048",
        "SD2neg": "150.2267568",
        "SD3": "176.2266048",
        "SD3neg": "150.1267568"
    },
    {
        "L": "1.072655401",
        "M": "163.2225779",
        "Month": "224",
        "S": "0.039666254",
        "SD0": "163.2225779",
        "SD1": "169.6878149",
        "SD1neg": "156.7386756",
        "SD2": "176.1351993",
        "SD2neg": "150.2352204",
        "SD3": "176.2351993",
        "SD3neg": "150.1352204"
    },
    {
        "L": "1.075431258",
        "M": "163.2322024",
        "Month": "225",
        "S": "0.039663936",
        "SD0": "163.2322024",
        "SD1": "169.6970928",
        "SD1neg": "156.7479345",
        "SD2": "176.1434536",
        "SD2neg": "150.2433634",
        "SD3": "176.2434536",
        "SD3neg": "150.1433634"
    },
    {
        "L": "1.078132156",
        "M": "163.2414722",
        "Month": "226",
        "S": "0.039661679",
        "SD0": "163.2414722",
        "SD1": "169.7060215",
        "SD1neg": "156.7568528",
        "SD2": "176.1513825",
        "SD2neg": "150.2511996",
        "SD3": "176.2513825",
        "SD3neg": "150.1511996"
    },
    {
        "L": "1.080759655",
        "M": "163.2504019",
        "Month": "227",
        "S": "0.039659481",
        "SD0": "163.2504019",
        "SD1": "169.7146153",
        "SD1neg": "156.7654445",
        "SD2": "176.1590003",
        "SD2neg": "150.2587424",
        "SD3": "176.2590003",
        "SD3neg": "150.1587424"
    },
    {
        "L": "1.083315329",
        "M": "163.2590052",
        "Month": "228",
        "S": "0.039657339",
        "SD0": "163.2590052",
        "SD1": "169.7228883",
        "SD1neg": "156.7737229",
        "SD2": "176.1663204",
        "SD2neg": "150.2660044",
        "SD3": "176.2663204",
        "SD3neg": "150.1660044"
    },
    {
        "L": "1.085800751",
        "M": "163.2672954",
        "Month": "229",
        "S": "0.039655252",
        "SD0": "163.2672954",
        "SD1": "169.7308535",
        "SD1neg": "156.7817007",
        "SD2": "176.1733557",
        "SD2neg": "150.2729971",
        "SD3": "176.2733557",
        "SD3neg": "150.1729971"
    },
    {
        "L": "1.088217496",
        "M": "163.2752848",
        "Month": "230",
        "S": "0.039653218",
        "SD0": "163.2752848",
        "SD1": "169.7385235",
        "SD1neg": "156.7893901",
        "SD2": "176.1801182",
        "SD2neg": "150.2797321",
        "SD3": "176.2801182",
        "SD3neg": "150.1797321"
    },
    {
        "L": "1.090567133",
        "M": "163.2829854",
        "Month": "231",
        "S": "0.039651237",
        "SD0": "163.2829854",
        "SD1": "169.7459102",
        "SD1neg": "156.7968024",
        "SD2": "176.1866196",
        "SD2neg": "150.2862196",
        "SD3": "176.2866196",
        "SD3neg": "150.1862196"
    },
    {
        "L": "1.092851222",
        "M": "163.2904086",
        "Month": "232",
        "S": "0.039649306",
        "SD0": "163.2904086",
        "SD1": "169.7530249",
        "SD1neg": "156.8039485",
        "SD2": "176.1928708",
        "SD2neg": "150.29247",
        "SD3": "176.2928708",
        "SD3neg": "150.19247"
    },
    {
        "L": "1.095071313",
        "M": "163.297565",
        "Month": "233",
        "S": "0.039647424",
        "SD0": "163.297565",
        "SD1": "169.7598786",
        "SD1neg": "156.8108388",
        "SD2": "176.1988822",
        "SD2neg": "150.2984926",
        "SD3": "176.2988822",
        "SD3neg": "150.1984926"
    },
    {
        "L": "1.097228939",
        "M": "163.304465",
        "Month": "234",
        "S": "0.039645591",
        "SD0": "163.304465",
        "SD1": "169.7664814",
        "SD1neg": "156.8174832",
        "SD2": "176.2046638",
        "SD2neg": "150.3042967",
        "SD3": "176.3046638",
        "SD3neg": "150.2042967"
    },
    {
        "L": "1.099325619",
        "M": "163.3111185",
        "Month": "235",
        "S": "0.039643804",
        "SD0": "163.3111185",
        "SD1": "169.7728433",
        "SD1neg": "156.8238912",
        "SD2": "176.2102251",
        "SD2neg": "150.3098907",
        "SD3": "176.3102251",
        "SD3neg": "150.2098907"
    },
    {
        "L": "1.101362852",
        "M": "163.3175349",
        "Month": "236",
        "S": "0.039642063",
        "SD0": "163.3175349",
        "SD1": "169.7789736",
        "SD1neg": "156.8300718",
        "SD2": "176.2155751",
        "SD2neg": "150.3152831",
        "SD3": "176.3155751",
        "SD3neg": "150.2152831"
    },
    {
        "L": "1.103342119",
        "M": "163.3237231",
        "Month": "237",
        "S": "0.039640367",
        "SD0": "163.3237231",
        "SD1": "169.7848813",
        "SD1neg": "156.8360335",
        "SD2": "176.2207223",
        "SD2neg": "150.3204816",
        "SD3": "176.3207223",
        "SD3neg": "150.2204816"
    },
    {
        "L": "1.105264876",
        "M": "163.3296918",
        "Month": "238",
        "S": "0.039638715",
        "SD0": "163.3296918",
        "SD1": "169.7905751",
        "SD1neg": "156.8417847",
        "SD2": "176.2256751",
        "SD2neg": "150.3254936",
        "SD3": "176.3256751",
        "SD3neg": "150.2254936"
    },
    {
        "L": "1.107132561",
        "M": "163.3354491",
        "Month": "239",
        "S": "0.039637105",
        "SD0": "163.3354491",
        "SD1": "169.7960631",
        "SD1neg": "156.8473331",
        "SD2": "176.2304411",
        "SD2neg": "150.3303265",
        "SD3": "176.3304411",
        "SD3neg": "150.2303265"
    },
    {
        "L": "1.108046193",
        "M": "163.338251",
        "Month": "240",
        "S": "0.039636316",
        "SD0": "163.341003",
        "SD1": "169.8013531",
        "SD1neg": "156.8526863",
        "SD2": "176.2350279",
        "SD2neg": "150.3349868",
        "SD3": "176.3350279",
        "SD3neg": "150.2349868"
    }
]
