[{
		"Month":"0",
		"L":"0.3809",
		"M":"3.2322",
		"S":"0.14171",
		"SD3neg":"2",
		"SD2neg":"2.4",
		"SD1neg":"2.8",
		"SD0":"3.2",
		"SD1":"3.7",
		"SD2":"4.2",
		"SD3":"4.8"
	},
	{
		"Month":"1",
		"L":"0.1714",
		"M":"4.1873",
		"S":"0.13724",
		"SD3neg":"2.7",
		"SD2neg":"3.2",
		"SD1neg":"3.6",
		"SD0":"4.2",
		"SD1":"4.8",
		"SD2":"5.5",
		"SD3":"6.2"
	},
	{
		"Month":"2",
		"L":"0.0962",
		"M":"5.1282",
		"S":"0.13",
		"SD3neg":"3.4",
		"SD2neg":"3.9",
		"SD1neg":"4.5",
		"SD0":"5.1",
		"SD1":"5.8",
		"SD2":"6.6",
		"SD3":"7.5"
	},
	{
		"Month":"3",
		"L":"0.0402",
		"M":"5.8458",
		"S":"0.12619",
		"SD3neg":"4",
		"SD2neg":"4.5",
		"SD1neg":"5.2",
		"SD0":"5.8",
		"SD1":"6.6",
		"SD2":"7.5",
		"SD3":"8.5"
	},
	{
		"Month":"4",
		"L":"-0.005",
		"M":"6.4237",
		"S":"0.12402",
		"SD3neg":"4.4",
		"SD2neg":"5",
		"SD1neg":"5.7",
		"SD0":"6.4",
		"SD1":"7.3",
		"SD2":"8.2",
		"SD3":"9.3"
	},
	{
		"Month":"5",
		"L":"-0.043",
		"M":"6.8985",
		"S":"0.12274",
		"SD3neg":"4.8",
		"SD2neg":"5.4",
		"SD1neg":"6.1",
		"SD0":"6.9",
		"SD1":"7.8",
		"SD2":"8.8",
		"SD3":"10"
	},
	{
		"Month":"6",
		"L":"-0.0756",
		"M":"7.297",
		"S":"0.12204",
		"SD3neg":"5.1",
		"SD2neg":"5.7",
		"SD1neg":"6.5",
		"SD0":"7.3",
		"SD1":"8.2",
		"SD2":"9.3",
		"SD3":"10.6"
	},
	{
		"Month":"7",
		"L":"-0.1039",
		"M":"7.6422",
		"S":"0.12178",
		"SD3neg":"5.3",
		"SD2neg":"6",
		"SD1neg":"6.8",
		"SD0":"7.6",
		"SD1":"8.6",
		"SD2":"9.8",
		"SD3":"11.1"
	},
	{
		"Month":"8",
		"L":"-0.1288",
		"M":"7.9487",
		"S":"0.12181",
		"SD3neg":"5.6",
		"SD2neg":"6.3",
		"SD1neg":"7",
		"SD0":"7.9",
		"SD1":"9",
		"SD2":"10.2",
		"SD3":"11.6"
	},
	{
		"Month":"9",
		"L":"-0.1507",
		"M":"8.2254",
		"S":"0.12199",
		"SD3neg":"5.8",
		"SD2neg":"6.5",
		"SD1neg":"7.3",
		"SD0":"8.2",
		"SD1":"9.3",
		"SD2":"10.5",
		"SD3":"12"
	},
	{
		"Month":"10",
		"L":"-0.17",
		"M":"8.48",
		"S":"0.12223",
		"SD3neg":"5.9",
		"SD2neg":"6.7",
		"SD1neg":"7.5",
		"SD0":"8.5",
		"SD1":"9.6",
		"SD2":"10.9",
		"SD3":"12.4"
	},
	{
		"Month":"11",
		"L":"-0.1872",
		"M":"8.7192",
		"S":"0.12247",
		"SD3neg":"6.1",
		"SD2neg":"6.9",
		"SD1neg":"7.7",
		"SD0":"8.7",
		"SD1":"9.9",
		"SD2":"11.2",
		"SD3":"12.8"
	},
	{
		"Month":"12",
		"L":"-0.2024",
		"M":"8.9481",
		"S":"0.12268",
		"SD3neg":"6.3",
		"SD2neg":"7",
		"SD1neg":"7.9",
		"SD0":"8.9",
		"SD1":"10.1",
		"SD2":"11.5",
		"SD3":"13.1"
	},
	{
		"Month":"13",
		"L":"-0.2158",
		"M":"9.1699",
		"S":"0.12283",
		"SD3neg":"6.4",
		"SD2neg":"7.2",
		"SD1neg":"8.1",
		"SD0":"9.2",
		"SD1":"10.4",
		"SD2":"11.8",
		"SD3":"13.5"
	},
	{
		"Month":"14",
		"L":"-0.2278",
		"M":"9.387",
		"S":"0.12294",
		"SD3neg":"6.6",
		"SD2neg":"7.4",
		"SD1neg":"8.3",
		"SD0":"9.4",
		"SD1":"10.6",
		"SD2":"12.1",
		"SD3":"13.8"
	},
	{
		"Month":"15",
		"L":"-0.2384",
		"M":"9.6008",
		"S":"0.12299",
		"SD3neg":"6.7",
		"SD2neg":"7.6",
		"SD1neg":"8.5",
		"SD0":"9.6",
		"SD1":"10.9",
		"SD2":"12.4",
		"SD3":"14.1"
	},
	{
		"Month":"16",
		"L":"-0.2478",
		"M":"9.8124",
		"S":"0.12303",
		"SD3neg":"6.9",
		"SD2neg":"7.7",
		"SD1neg":"8.7",
		"SD0":"9.8",
		"SD1":"11.1",
		"SD2":"12.6",
		"SD3":"14.5"
	},
	{
		"Month":"17",
		"L":"-0.2562",
		"M":"10.0226",
		"S":"0.12306",
		"SD3neg":"7",
		"SD2neg":"7.9",
		"SD1neg":"8.9",
		"SD0":"10",
		"SD1":"11.4",
		"SD2":"12.9",
		"SD3":"14.8"
	},
	{
		"Month":"18",
		"L":"-0.2637",
		"M":"10.2315",
		"S":"0.12309",
		"SD3neg":"7.2",
		"SD2neg":"8.1",
		"SD1neg":"9.1",
		"SD0":"10.2",
		"SD1":"11.6",
		"SD2":"13.2",
		"SD3":"15.1"
	},
	{
		"Month":"19",
		"L":"-0.2703",
		"M":"10.4393",
		"S":"0.12315",
		"SD3neg":"7.3",
		"SD2neg":"8.2",
		"SD1neg":"9.2",
		"SD0":"10.4",
		"SD1":"11.8",
		"SD2":"13.5",
		"SD3":"15.4"
	},
	{
		"Month":"20",
		"L":"-0.2762",
		"M":"10.6464",
		"S":"0.12323",
		"SD3neg":"7.5",
		"SD2neg":"8.4",
		"SD1neg":"9.4",
		"SD0":"10.6",
		"SD1":"12.1",
		"SD2":"13.7",
		"SD3":"15.7"
	},
	{
		"Month":"21",
		"L":"-0.2815",
		"M":"10.8534",
		"S":"0.12335",
		"SD3neg":"7.6",
		"SD2neg":"8.6",
		"SD1neg":"9.6",
		"SD0":"10.9",
		"SD1":"12.3",
		"SD2":"14",
		"SD3":"16"
	},
	{
		"Month":"22",
		"L":"-0.2862",
		"M":"11.0608",
		"S":"0.1235",
		"SD3neg":"7.8",
		"SD2neg":"8.7",
		"SD1neg":"9.8",
		"SD0":"11.1",
		"SD1":"12.5",
		"SD2":"14.3",
		"SD3":"16.4"
	},
	{
		"Month":"23",
		"L":"-0.2903",
		"M":"11.2688",
		"S":"0.12369",
		"SD3neg":"7.9",
		"SD2neg":"8.9",
		"SD1neg":"10",
		"SD0":"11.3",
		"SD1":"12.8",
		"SD2":"14.6",
		"SD3":"16.7"
	},
	{
		"Month":"24",
		"L":"-0.2941",
		"M":"11.4775",
		"S":"0.1239",
		"SD3neg":"8.1",
		"SD2neg":"9",
		"SD1neg":"10.2",
		"SD0":"11.5",
		"SD1":"13",
		"SD2":"14.8",
		"SD3":"17"
	},
	{
		"Month":"25",
		"L":"-0.2975",
		"M":"11.6864",
		"S":"0.12414",
		"SD3neg":"8.2",
		"SD2neg":"9.2",
		"SD1neg":"10.3",
		"SD0":"11.7",
		"SD1":"13.3",
		"SD2":"15.1",
		"SD3":"17.3"
	},
	{
		"Month":"26",
		"L":"-0.3005",
		"M":"11.8947",
		"S":"0.12441",
		"SD3neg":"8.4",
		"SD2neg":"9.4",
		"SD1neg":"10.5",
		"SD0":"11.9",
		"SD1":"13.5",
		"SD2":"15.4",
		"SD3":"17.7"
	},
	{
		"Month":"27",
		"L":"-0.3032",
		"M":"12.1015",
		"S":"0.12472",
		"SD3neg":"8.5",
		"SD2neg":"9.5",
		"SD1neg":"10.7",
		"SD0":"12.1",
		"SD1":"13.7",
		"SD2":"15.7",
		"SD3":"18"
	},
	{
		"Month":"28",
		"L":"-0.3057",
		"M":"12.3059",
		"S":"0.12506",
		"SD3neg":"8.6",
		"SD2neg":"9.7",
		"SD1neg":"10.9",
		"SD0":"12.3",
		"SD1":"14",
		"SD2":"16",
		"SD3":"18.3"
	},
	{
		"Month":"29",
		"L":"-0.308",
		"M":"12.5073",
		"S":"0.12545",
		"SD3neg":"8.8",
		"SD2neg":"9.8",
		"SD1neg":"11.1",
		"SD0":"12.5",
		"SD1":"14.2",
		"SD2":"16.2",
		"SD3":"18.7"
	},
	{
		"Month":"30",
		"L":"-0.3101",
		"M":"12.7055",
		"S":"0.12587",
		"SD3neg":"8.9",
		"SD2neg":"10",
		"SD1neg":"11.2",
		"SD0":"12.7",
		"SD1":"14.4",
		"SD2":"16.5",
		"SD3":"19"
	},
	{
		"Month":"31",
		"L":"-0.312",
		"M":"12.9006",
		"S":"0.12633",
		"SD3neg":"9",
		"SD2neg":"10.1",
		"SD1neg":"11.4",
		"SD0":"12.9",
		"SD1":"14.7",
		"SD2":"16.8",
		"SD3":"19.3"
	},
	{
		"Month":"32",
		"L":"-0.3138",
		"M":"13.093",
		"S":"0.12683",
		"SD3neg":"9.1",
		"SD2neg":"10.3",
		"SD1neg":"11.6",
		"SD0":"13.1",
		"SD1":"14.9",
		"SD2":"17.1",
		"SD3":"19.6"
	},
	{
		"Month":"33",
		"L":"-0.3155",
		"M":"13.2837",
		"S":"0.12737",
		"SD3neg":"9.3",
		"SD2neg":"10.4",
		"SD1neg":"11.7",
		"SD0":"13.3",
		"SD1":"15.1",
		"SD2":"17.3",
		"SD3":"20"
	},
	{
		"Month":"34",
		"L":"-0.3171",
		"M":"13.4731",
		"S":"0.12794",
		"SD3neg":"9.4",
		"SD2neg":"10.5",
		"SD1neg":"11.9",
		"SD0":"13.5",
		"SD1":"15.4",
		"SD2":"17.6",
		"SD3":"20.3"
	},
	{
		"Month":"35",
		"L":"-0.3186",
		"M":"13.6618",
		"S":"0.12855",
		"SD3neg":"9.5",
		"SD2neg":"10.7",
		"SD1neg":"12",
		"SD0":"13.7",
		"SD1":"15.6",
		"SD2":"17.9",
		"SD3":"20.6"
	},
	{
		"Month":"36",
		"L":"-0.3201",
		"M":"13.8503",
		"S":"0.12919",
		"SD3neg":"9.6",
		"SD2neg":"10.8",
		"SD1neg":"12.2",
		"SD0":"13.9",
		"SD1":"15.8",
		"SD2":"18.1",
		"SD3":"20.9"
	},
	{
		"Month":"37",
		"L":"-0.3216",
		"M":"14.0385",
		"S":"0.12988",
		"SD3neg":"9.7",
		"SD2neg":"10.9",
		"SD1neg":"12.4",
		"SD0":"14",
		"SD1":"16",
		"SD2":"18.4",
		"SD3":"21.3"
	},
	{
		"Month":"38",
		"L":"-0.323",
		"M":"14.2265",
		"S":"0.13059",
		"SD3neg":"9.8",
		"SD2neg":"11.1",
		"SD1neg":"12.5",
		"SD0":"14.2",
		"SD1":"16.3",
		"SD2":"18.7",
		"SD3":"21.6"
	},
	{
		"Month":"39",
		"L":"-0.3243",
		"M":"14.414",
		"S":"0.13135",
		"SD3neg":"9.9",
		"SD2neg":"11.2",
		"SD1neg":"12.7",
		"SD0":"14.4",
		"SD1":"16.5",
		"SD2":"19",
		"SD3":"22"
	},
	{
		"Month":"40",
		"L":"-0.3257",
		"M":"14.601",
		"S":"0.13213",
		"SD3neg":"10.1",
		"SD2neg":"11.3",
		"SD1neg":"12.8",
		"SD0":"14.6",
		"SD1":"16.7",
		"SD2":"19.2",
		"SD3":"22.3"
	},
	{
		"Month":"41",
		"L":"-0.327",
		"M":"14.7873",
		"S":"0.13293",
		"SD3neg":"10.2",
		"SD2neg":"11.5",
		"SD1neg":"13",
		"SD0":"14.8",
		"SD1":"16.9",
		"SD2":"19.5",
		"SD3":"22.7"
	},
	{
		"Month":"42",
		"L":"-0.3283",
		"M":"14.9727",
		"S":"0.13376",
		"SD3neg":"10.3",
		"SD2neg":"11.6",
		"SD1neg":"13.1",
		"SD0":"15",
		"SD1":"17.2",
		"SD2":"19.8",
		"SD3":"23"
	},
	{
		"Month":"43",
		"L":"-0.3296",
		"M":"15.1573",
		"S":"0.1346",
		"SD3neg":"10.4",
		"SD2neg":"11.7",
		"SD1neg":"13.3",
		"SD0":"15.2",
		"SD1":"17.4",
		"SD2":"20.1",
		"SD3":"23.4"
	},
	{
		"Month":"44",
		"L":"-0.3309",
		"M":"15.341",
		"S":"0.13545",
		"SD3neg":"10.5",
		"SD2neg":"11.8",
		"SD1neg":"13.4",
		"SD0":"15.3",
		"SD1":"17.6",
		"SD2":"20.4",
		"SD3":"23.7"
	},
	{
		"Month":"45",
		"L":"-0.3322",
		"M":"15.524",
		"S":"0.1363",
		"SD3neg":"10.6",
		"SD2neg":"12",
		"SD1neg":"13.6",
		"SD0":"15.5",
		"SD1":"17.8",
		"SD2":"20.7",
		"SD3":"24.1"
	},
	{
		"Month":"46",
		"L":"-0.3335",
		"M":"15.7064",
		"S":"0.13716",
		"SD3neg":"10.7",
		"SD2neg":"12.1",
		"SD1neg":"13.7",
		"SD0":"15.7",
		"SD1":"18.1",
		"SD2":"20.9",
		"SD3":"24.5"
	},
	{
		"Month":"47",
		"L":"-0.3348",
		"M":"15.8882",
		"S":"0.138",
		"SD3neg":"10.8",
		"SD2neg":"12.2",
		"SD1neg":"13.9",
		"SD0":"15.9",
		"SD1":"18.3",
		"SD2":"21.2",
		"SD3":"24.8"
	},
	{
		"Month":"48",
		"L":"-0.3361",
		"M":"16.0697",
		"S":"0.13884",
		"SD3neg":"10.9",
		"SD2neg":"12.3",
		"SD1neg":"14",
		"SD0":"16.1",
		"SD1":"18.5",
		"SD2":"21.5",
		"SD3":"25.2"
	},
	{
		"Month":"49",
		"L":"-0.3374",
		"M":"16.2511",
		"S":"0.13968",
		"SD3neg":"11",
		"SD2neg":"12.4",
		"SD1neg":"14.2",
		"SD0":"16.3",
		"SD1":"18.8",
		"SD2":"21.8",
		"SD3":"25.5"
	},
	{
		"Month":"50",
		"L":"-0.3387",
		"M":"16.4322",
		"S":"0.14051",
		"SD3neg":"11.1",
		"SD2neg":"12.6",
		"SD1neg":"14.3",
		"SD0":"16.4",
		"SD1":"19",
		"SD2":"22.1",
		"SD3":"25.9"
	},
	{
		"Month":"51",
		"L":"-0.34",
		"M":"16.6133",
		"S":"0.14132",
		"SD3neg":"11.2",
		"SD2neg":"12.7",
		"SD1neg":"14.5",
		"SD0":"16.6",
		"SD1":"19.2",
		"SD2":"22.4",
		"SD3":"26.3"
	},
	{
		"Month":"52",
		"L":"-0.3414",
		"M":"16.7942",
		"S":"0.14213",
		"SD3neg":"11.3",
		"SD2neg":"12.8",
		"SD1neg":"14.6",
		"SD0":"16.8",
		"SD1":"19.4",
		"SD2":"22.6",
		"SD3":"26.6"
	},
	{
		"Month":"53",
		"L":"-0.3427",
		"M":"16.9748",
		"S":"0.14293",
		"SD3neg":"11.4",
		"SD2neg":"12.9",
		"SD1neg":"14.8",
		"SD0":"17",
		"SD1":"19.7",
		"SD2":"22.9",
		"SD3":"27"
	},
	{
		"Month":"54",
		"L":"-0.344",
		"M":"17.1551",
		"S":"0.14371",
		"SD3neg":"11.5",
		"SD2neg":"13",
		"SD1neg":"14.9",
		"SD0":"17.2",
		"SD1":"19.9",
		"SD2":"23.2",
		"SD3":"27.4"
	},
	{
		"Month":"55",
		"L":"-0.3453",
		"M":"17.3347",
		"S":"0.14448",
		"SD3neg":"11.6",
		"SD2neg":"13.2",
		"SD1neg":"15.1",
		"SD0":"17.3",
		"SD1":"20.1",
		"SD2":"23.5",
		"SD3":"27.7"
	},
	{
		"Month":"56",
		"L":"-0.3466",
		"M":"17.5136",
		"S":"0.14525",
		"SD3neg":"11.7",
		"SD2neg":"13.3",
		"SD1neg":"15.2",
		"SD0":"17.5",
		"SD1":"20.3",
		"SD2":"23.8",
		"SD3":"28.1"
	},
	{
		"Month":"57",
		"L":"-0.3479",
		"M":"17.6916",
		"S":"0.146",
		"SD3neg":"11.8",
		"SD2neg":"13.4",
		"SD1neg":"15.3",
		"SD0":"17.7",
		"SD1":"20.6",
		"SD2":"24.1",
		"SD3":"28.5"
	},
	{
		"Month":"58",
		"L":"-0.3492",
		"M":"17.8686",
		"S":"0.14675",
		"SD3neg":"11.9",
		"SD2neg":"13.5",
		"SD1neg":"15.5",
		"SD0":"17.9",
		"SD1":"20.8",
		"SD2":"24.4",
		"SD3":"28.8"
	},
	{
		"Month":"59",
		"L":"-0.3505",
		"M":"18.0445",
		"S":"0.14748",
		"SD3neg":"12",
		"SD2neg":"13.6",
		"SD1neg":"15.6",
		"SD0":"18",
		"SD1":"21",
		"SD2":"24.6",
		"SD3":"29.2"
	},
	{
		"Month":"60",
		"L":"-0.3518",
		"M":"18.2193",
		"S":"0.14821",
		"SD3neg":"12.1",
		"SD2neg":"13.7",
		"SD1neg":"15.8",
		"SD0":"18.2",
		"SD1":"21.2",
		"SD2":"24.9",
		"SD3":"29.5"
	}
]