[{"Week": "0", "SD1neg": "2.9", "SD0": "3.3", "SD1": "3.9", "SD2": "4.4", "SD3": "5.0", "SD3neg": "2.1", "M": "3.3464", "L": "0.3487", "S": "0.14602", "SD2neg": "2.5"}, {"Week": "1", "SD1neg": "3.0", "SD0": "3.5", "SD1": "4.0", "SD2": "4.6", "SD3": "5.3", "SD3neg": "2.2", "M": "3.4879", "L": "0.2776", "S": "0.14483", "SD2neg": "2.6"}, {"Week": "2", "SD1neg": "3.2", "SD0": "3.8", "SD1": "4.3", "SD2": "4.9", "SD3": "5.6", "SD3neg": "2.4", "M": "3.7529", "L": "0.2581", "S": "0.14142", "SD2neg": "2.8"}, {"Week": "3", "SD1neg": "3.5", "SD0": "4.1", "SD1": "4.7", "SD2": "5.3", "SD3": "6.0", "SD3neg": "2.6", "M": "4.0603", "L": "0.2442", "S": "0.13807", "SD2neg": "3.1"}, {"Week": "4", "SD1neg": "3.8", "SD0": "4.4", "SD1": "5.0", "SD2": "5.7", "SD3": "6.4", "SD3neg": "2.9", "M": "4.3671", "L": "0.2331", "S": "0.13497", "SD2neg": "3.3"}, {"Week": "5", "SD1neg": "4.1", "SD0": "4.7", "SD1": "5.3", "SD2": "6.0", "SD3": "6.8", "SD3neg": "3.1", "M": "4.6590", "L": "0.2237", "S": "0.13215", "SD2neg": "3.5"}, {"Week": "6", "SD1neg": "4.3", "SD0": "4.9", "SD1": "5.6", "SD2": "6.3", "SD3": "7.2", "SD3neg": "3.3", "M": "4.9303", "L": "0.2155", "S": "0.12960", "SD2neg": "3.8"}, {"Week": "7", "SD1neg": "4.6", "SD0": "5.2", "SD1": "5.9", "SD2": "6.6", "SD3": "7.5", "SD3neg": "3.5", "M": "5.1817", "L": "0.2081", "S": "0.12729", "SD2neg": "4.0"}, {"Week": "8", "SD1neg": "4.8", "SD0": "5.4", "SD1": "6.1", "SD2": "6.9", "SD3": "7.8", "SD3neg": "3.7", "M": "5.4149", "L": "0.2014", "S": "0.12520", "SD2neg": "4.2"}, {"Week": "9", "SD1neg": "5.0", "SD0": "5.6", "SD1": "6.4", "SD2": "7.2", "SD3": "8.0", "SD3neg": "3.8", "M": "5.6319", "L": "0.1952", "S": "0.12330", "SD2neg": "4.4"}, {"Week": "10", "SD1neg": "5.2", "SD0": "5.8", "SD1": "6.6", "SD2": "7.4", "SD3": "8.3", "SD3neg": "4.0", "M": "5.8346", "L": "0.1894", "S": "0.12157", "SD2neg": "4.5"}, {"Week": "11", "SD1neg": "5.3", "SD0": "6.0", "SD1": "6.8", "SD2": "7.6", "SD3": "8.5", "SD3neg": "4.2", "M": "6.0242", "L": "0.1840", "S": "0.12001", "SD2neg": "4.7"}, {"Week": "12", "SD1neg": "5.5", "SD0": "6.2", "SD1": "7.0", "SD2": "7.8", "SD3": "8.8", "SD3neg": "4.3", "M": "6.2019", "L": "0.1789", "S": "0.11860", "SD2neg": "4.9"}, {"Week": "13", "SD1neg": "5.7", "SD0": "6.4", "SD1": "7.2", "SD2": "8.0", "SD3": "9.0", "SD3neg": "4.4", "M": "6.3690", "L": "0.1740", "S": "0.11732", "SD2neg": "5.0"}]