[
    {
        "L": "-0.75220657",
        "M": "12.13455523",
        "Month": "24",
        "S": "0.107740345",
        "SD0": "12.13455523",
        "SD1": "13.57750725",
        "SD1neg": "10.9403767",
        "SD2": "15.35055937",
        "SD2neg": "9.937901169",
        "SD3": "15.45055937",
        "SD3neg": "9.837901169"
    },
    {
        "L": "-0.78423366",
        "M": "12.2910249",
        "Month": "25",
        "S": "0.10847701",
        "SD0": "12.2910249",
        "SD1": "13.76652707",
        "SD1neg": "11.07577612",
        "SD2": "15.59083035",
        "SD2neg": "10.05946159",
        "SD3": "15.69083035",
        "SD3neg": "9.95946159"
    },
    {
        "L": "-0.81409582",
        "M": "12.44469258",
        "Month": "26",
        "S": "0.109280828",
        "SD0": "12.44469258",
        "SD1": "13.95370657",
        "SD1neg": "11.20773477",
        "SD2": "15.83093616",
        "SD2neg": "10.17709962",
        "SD3": "15.93093616",
        "SD3neg": "10.07709962"
    },
    {
        "L": "-0.841935504",
        "M": "12.59622335",
        "Month": "27",
        "S": "0.110144488",
        "SD0": "12.59622335",
        "SD1": "14.13972321",
        "SD1neg": "11.33691661",
        "SD2": "16.07159421",
        "SD2neg": "10.29148388",
        "SD3": "16.17159421",
        "SD3neg": "10.19148388"
    },
    {
        "L": "-0.867889398",
        "M": "12.74620911",
        "Month": "28",
        "S": "0.111060815",
        "SD0": "12.74620911",
        "SD1": "14.32516966",
        "SD1neg": "11.46392014",
        "SD2": "16.31341981",
        "SD2neg": "10.40322252",
        "SD3": "16.41341981",
        "SD3neg": "10.30322252"
    },
    {
        "L": "-0.892102647",
        "M": "12.89517218",
        "Month": "29",
        "S": "0.112022759",
        "SD0": "12.89517218",
        "SD1": "14.5105593",
        "SD1neg": "11.58928232",
        "SD2": "16.5569382",
        "SD2neg": "10.51286867",
        "SD3": "16.6569382",
        "SD3neg": "10.41286867"
    },
    {
        "L": "-0.914718817",
        "M": "13.04357164",
        "Month": "30",
        "S": "0.113023467",
        "SD0": "13.04357164",
        "SD1": "14.69633381",
        "SD1neg": "11.71348292",
        "SD2": "16.8025912",
        "SD2neg": "10.62092247",
        "SD3": "16.9025912",
        "SD3neg": "10.52092247"
    },
    {
        "L": "-0.935876584",
        "M": "13.19180874",
        "Month": "31",
        "S": "0.114056328",
        "SD0": "13.19180874",
        "SD1": "14.88286973",
        "SD1neg": "11.83694852",
        "SD2": "17.05074456",
        "SD2neg": "10.72783386",
        "SD3": "17.15074456",
        "SD3neg": "10.62783386"
    },
    {
        "L": "-0.955723447",
        "M": "13.34022934",
        "Month": "32",
        "S": "0.115114953",
        "SD0": "13.34022934",
        "SD1": "15.07048257",
        "SD1neg": "11.96005593",
        "SD2": "17.30169908",
        "SD2neg": "10.83400801",
        "SD3": "17.40169908",
        "SD3neg": "10.73400801"
    },
    {
        "L": "-0.974383363",
        "M": "13.48913319",
        "Month": "33",
        "S": "0.116193327",
        "SD0": "13.48913319",
        "SD1": "15.25943638",
        "SD1neg": "12.08313664",
        "SD2": "17.55569011",
        "SD2neg": "10.93980319",
        "SD3": "17.65569011",
        "SD3neg": "10.83980319"
    },
    {
        "L": "-0.991980756",
        "M": "13.63877446",
        "Month": "34",
        "S": "0.11728575",
        "SD0": "13.63877446",
        "SD1": "15.44994599",
        "SD1neg": "12.20647958",
        "SD2": "17.8129",
        "SD2neg": "11.0455376",
        "SD3": "17.9129",
        "SD3neg": "10.9455376"
    },
    {
        "L": "-1.008640742",
        "M": "13.78936547",
        "Month": "35",
        "S": "0.118386848",
        "SD0": "13.78936547",
        "SD1": "15.6421817",
        "SD1neg": "12.33033438",
        "SD2": "18.07346492",
        "SD2neg": "11.15149232",
        "SD3": "18.17346492",
        "SD3neg": "11.05149232"
    },
    {
        "L": "-1.024471278",
        "M": "13.94108332",
        "Month": "36",
        "S": "0.119491669",
        "SD0": "13.94108332",
        "SD1": "15.8362764",
        "SD1neg": "12.45491499",
        "SD2": "18.33747604",
        "SD2neg": "11.25791103",
        "SD3": "18.43747604",
        "SD3neg": "11.15791103"
    },
    {
        "L": "-1.039573604",
        "M": "14.09407175",
        "Month": "37",
        "S": "0.120595658",
        "SD0": "14.09407175",
        "SD1": "16.0323285",
        "SD1neg": "12.58040234",
        "SD2": "18.60498777",
        "SD2neg": "11.36500432",
        "SD3": "18.70498777",
        "SD3neg": "11.26500432"
    },
    {
        "L": "-1.054039479",
        "M": "14.24844498",
        "Month": "38",
        "S": "0.121694676",
        "SD0": "14.24844498",
        "SD1": "16.23040643",
        "SD1neg": "12.70694726",
        "SD2": "18.87602212",
        "SD2neg": "11.47295168",
        "SD3": "18.97602212",
        "SD3neg": "11.37295168"
    },
    {
        "L": "-1.067946784",
        "M": "14.40429169",
        "Month": "39",
        "S": "0.12278503",
        "SD0": "14.40429169",
        "SD1": "16.43055324",
        "SD1neg": "12.83467326",
        "SD2": "19.15057199",
        "SD2neg": "11.58190299",
        "SD3": "19.25057199",
        "SD3neg": "11.48190299"
    },
    {
        "L": "-1.081374153",
        "M": "14.56167529",
        "Month": "40",
        "S": "0.1238634",
        "SD0": "14.56167529",
        "SD1": "16.6327878",
        "SD1neg": "12.96367872",
        "SD2": "19.42861012",
        "SD2neg": "11.69198357",
        "SD3": "19.52861012",
        "SD3neg": "11.59198357"
    },
    {
        "L": "-1.094381409",
        "M": "14.72064045",
        "Month": "41",
        "S": "0.124926943",
        "SD0": "14.72064045",
        "SD1": "16.83711143",
        "SD1neg": "13.09403979",
        "SD2": "19.71008689",
        "SD2neg": "11.80329249",
        "SD3": "19.81008689",
        "SD3neg": "11.70329249"
    },
    {
        "L": "-1.107021613",
        "M": "14.88121352",
        "Month": "42",
        "S": "0.125973221",
        "SD0": "14.88121352",
        "SD1": "17.04350911",
        "SD1neg": "13.22581239",
        "SD2": "19.99493767",
        "SD2neg": "11.91590689",
        "SD3": "20.09493767",
        "SD3neg": "11.81590689"
    },
    {
        "L": "-1.119338692",
        "M": "15.04340553",
        "Month": "43",
        "S": "0.127000212",
        "SD0": "15.04340553",
        "SD1": "17.25195285",
        "SD1neg": "13.35903443",
        "SD2": "20.28308539",
        "SD2neg": "12.02988344",
        "SD3": "20.38308539",
        "SD3neg": "11.92988344"
    },
    {
        "L": "-1.131367831",
        "M": "15.20721443",
        "Month": "44",
        "S": "0.128006292",
        "SD0": "15.20721443",
        "SD1": "17.46240432",
        "SD1neg": "13.49372782",
        "SD2": "20.57444361",
        "SD2neg": "12.14526015",
        "SD3": "20.67444361",
        "SD3neg": "12.04526015"
    },
    {
        "L": "-1.143135936",
        "M": "15.37262729",
        "Month": "45",
        "S": "0.128990225",
        "SD0": "15.37262729",
        "SD1": "17.67481737",
        "SD1neg": "13.62990042",
        "SD2": "20.86891941",
        "SD2neg": "12.26205823",
        "SD3": "20.96891941",
        "SD3neg": "12.16205823"
    },
    {
        "L": "-1.15466215",
        "M": "15.53962221",
        "Month": "46",
        "S": "0.129951143",
        "SD0": "15.53962221",
        "SD1": "17.88914028",
        "SD1neg": "13.76754781",
        "SD2": "21.16641592",
        "SD2neg": "12.38028378",
        "SD3": "21.26641592",
        "SD3neg": "12.28028378"
    },
    {
        "L": "-1.165958392",
        "M": "15.70817017",
        "Month": "47",
        "S": "0.130888527",
        "SD0": "15.70817017",
        "SD1": "18.10531781",
        "SD1neg": "13.90665498",
        "SD2": "21.46683475",
        "SD2neg": "12.49992939",
        "SD3": "21.56683475",
        "SD3neg": "12.39992939"
    },
    {
        "L": "-1.177029925",
        "M": "15.87823668",
        "Month": "48",
        "S": "0.131802186",
        "SD0": "15.87823668",
        "SD1": "18.32329308",
        "SD1neg": "14.04719792",
        "SD2": "21.770078",
        "SD2neg": "12.62097577",
        "SD3": "21.870078",
        "SD3neg": "12.52097577"
    },
    {
        "L": "-1.187871001",
        "M": "16.04978452",
        "Month": "49",
        "S": "0.132692269",
        "SD0": "16.04978452",
        "SD1": "18.54301044",
        "SD1neg": "14.18914522",
        "SD2": "22.07604803",
        "SD2neg": "12.74339192",
        "SD3": "22.17604803",
        "SD3neg": "12.64339192"
    },
    {
        "L": "-1.198484073",
        "M": "16.2227706",
        "Month": "50",
        "S": "0.133559108",
        "SD0": "16.2227706",
        "SD1": "18.76441253",
        "SD1neg": "14.33245896",
        "SD2": "22.38465753",
        "SD2neg": "12.86714133",
        "SD3": "22.48465753",
        "SD3neg": "12.76714133"
    },
    {
        "L": "-1.208853947",
        "M": "16.39715363",
        "Month": "51",
        "S": "0.134403386",
        "SD0": "16.39715363",
        "SD1": "18.9874479",
        "SD1neg": "14.4770967",
        "SD2": "22.6958192",
        "SD2neg": "12.99217659",
        "SD3": "22.7958192",
        "SD3neg": "12.89217659"
    },
    {
        "L": "-1.218965087",
        "M": "16.57289122",
        "Month": "52",
        "S": "0.13522599",
        "SD0": "16.57289122",
        "SD1": "19.21206825",
        "SD1neg": "14.62301218",
        "SD2": "23.00945449",
        "SD2neg": "13.11844491",
        "SD3": "23.10945449",
        "SD3neg": "13.01844491"
    },
    {
        "L": "-1.228798212",
        "M": "16.74994187",
        "Month": "53",
        "S": "0.136028014",
        "SD0": "16.74994187",
        "SD1": "19.43823042",
        "SD1neg": "14.77015661",
        "SD2": "23.32549306",
        "SD2neg": "13.24588831",
        "SD3": "23.42549306",
        "SD3neg": "13.14588831"
    },
    {
        "L": "-1.238330855",
        "M": "16.92826587",
        "Month": "54",
        "S": "0.136810739",
        "SD0": "16.92826587",
        "SD1": "19.66589723",
        "SD1neg": "14.91847961",
        "SD2": "23.64387372",
        "SD2neg": "13.37444473",
        "SD3": "23.74387372",
        "SD3neg": "13.27444473"
    },
    {
        "L": "-1.247537914",
        "M": "17.10782615",
        "Month": "55",
        "S": "0.137575606",
        "SD0": "17.10782615",
        "SD1": "19.89503829",
        "SD1neg": "15.06793016",
        "SD2": "23.96454529",
        "SD2neg": "13.50404917",
        "SD3": "24.06454529",
        "SD3neg": "13.40404917"
    },
    {
        "L": "-1.256392179",
        "M": "17.28858894",
        "Month": "56",
        "S": "0.138324193",
        "SD0": "17.28858894",
        "SD1": "20.12563061",
        "SD1neg": "15.21845752",
        "SD2": "24.2874673",
        "SD2neg": "13.6346346",
        "SD3": "24.3874673",
        "SD3neg": "13.5346346"
    },
    {
        "L": "-1.264864846",
        "M": "17.47052444",
        "Month": "57",
        "S": "0.139058192",
        "SD0": "17.47052444",
        "SD1": "20.35765909",
        "SD1neg": "15.3700119",
        "SD2": "24.61261054",
        "SD2neg": "13.76613296",
        "SD3": "24.71261054",
        "SD3neg": "13.66613296"
    },
    {
        "L": "-1.272926011",
        "M": "17.65360733",
        "Month": "58",
        "S": "0.139779387",
        "SD0": "17.65360733",
        "SD1": "20.59111694",
        "SD1neg": "15.52254529",
        "SD2": "24.93995747",
        "SD2neg": "13.89847599",
        "SD3": "25.03995747",
        "SD3neg": "13.79847599"
    },
    {
        "L": "-1.28054514",
        "M": "17.83781722",
        "Month": "59",
        "S": "0.140489635",
        "SD0": "17.83781722",
        "SD1": "20.82600597",
        "SD1neg": "15.67601198",
        "SD2": "25.26950254",
        "SD2neg": "14.03159604",
        "SD3": "25.36950254",
        "SD3neg": "13.93159604"
    },
    {
        "L": "-1.287691525",
        "M": "18.02313904",
        "Month": "60",
        "S": "0.141190842",
        "SD0": "18.02313904",
        "SD1": "21.06233679",
        "SD1neg": "15.83036925",
        "SD2": "25.60125234",
        "SD2neg": "14.16542684",
        "SD3": "25.70125234",
        "SD3neg": "14.06542684"
    },
    {
        "L": "-1.294332076",
        "M": "18.20956418",
        "Month": "61",
        "S": "0.141884974",
        "SD0": "18.20956418",
        "SD1": "21.30012979",
        "SD1neg": "15.98557782",
        "SD2": "25.93522403",
        "SD2neg": "14.29990326",
        "SD3": "26.03522403",
        "SD3neg": "14.19990326"
    },
    {
        "L": "-1.300441561",
        "M": "18.3970876",
        "Month": "62",
        "S": "0.142573939",
        "SD0": "18.3970876",
        "SD1": "21.53941183",
        "SD1neg": "16.14160222",
        "SD2": "26.27145154",
        "SD2neg": "14.4349652",
        "SD3": "26.37145154",
        "SD3neg": "14.3349652"
    },
    {
        "L": "-1.305989011",
        "M": "18.58571243",
        "Month": "63",
        "S": "0.143259709",
        "SD0": "18.58571243",
        "SD1": "21.78022091",
        "SD1neg": "16.29841134",
        "SD2": "26.60997661",
        "SD2neg": "14.57055357",
        "SD3": "26.70997661",
        "SD3neg": "14.47055357"
    },
    {
        "L": "-1.310946941",
        "M": "18.77544728",
        "Month": "64",
        "S": "0.143944216",
        "SD0": "18.77544728",
        "SD1": "22.02260305",
        "SD1neg": "16.45597867",
        "SD2": "26.95085413",
        "SD2neg": "14.70661367",
        "SD3": "27.05085413",
        "SD3neg": "14.60661367"
    },
    {
        "L": "-1.315289534",
        "M": "18.966307",
        "Month": "65",
        "S": "0.144629359",
        "SD0": "18.966307",
        "SD1": "22.26661282",
        "SD1neg": "16.61428261",
        "SD2": "27.29415056",
        "SD2neg": "14.84309496",
        "SD3": "27.39415056",
        "SD3neg": "14.74309496"
    },
    {
        "L": "-1.318992925",
        "M": "19.15831267",
        "Month": "66",
        "S": "0.14531699",
        "SD0": "19.15831267",
        "SD1": "22.51231308",
        "SD1neg": "16.77330667",
        "SD2": "27.63994343",
        "SD2neg": "14.97995142",
        "SD3": "27.73994343",
        "SD3neg": "14.87995142"
    },
    {
        "L": "-1.322035315",
        "M": "19.35149163",
        "Month": "67",
        "S": "0.146008903",
        "SD0": "19.35149163",
        "SD1": "22.75977473",
        "SD1neg": "16.93303968",
        "SD2": "27.98832089",
        "SD2neg": "15.11714186",
        "SD3": "28.08832089",
        "SD3neg": "15.01714186"
    },
    {
        "L": "-1.324398133",
        "M": "19.54587708",
        "Month": "68",
        "S": "0.146706813",
        "SD0": "19.54587708",
        "SD1": "23.009076",
        "SD1neg": "17.09347592",
        "SD2": "28.33938179",
        "SD2neg": "15.25463057",
        "SD3": "28.43938179",
        "SD3neg": "15.15463057"
    },
    {
        "L": "-1.326064539",
        "M": "19.74150854",
        "Month": "69",
        "S": "0.147412363",
        "SD0": "19.74150854",
        "SD1": "23.26030268",
        "SD1neg": "17.25461521",
        "SD2": "28.69323385",
        "SD2neg": "15.39238686",
        "SD3": "28.79323385",
        "SD3neg": "15.29238686"
    },
    {
        "L": "-1.327020415",
        "M": "19.93843145",
        "Month": "70",
        "S": "0.148127109",
        "SD0": "19.93843145",
        "SD1": "23.51354743",
        "SD1neg": "17.41646297",
        "SD2": "29.04999363",
        "SD2neg": "15.53038563",
        "SD3": "29.14999363",
        "SD3neg": "15.43038563"
    },
    {
        "L": "-1.327256387",
        "M": "20.13669623",
        "Month": "71",
        "S": "0.148852482",
        "SD0": "20.13669623",
        "SD1": "23.76890843",
        "SD1neg": "17.5790302",
        "SD2": "29.40978731",
        "SD2neg": "15.66860824",
        "SD3": "29.50978731",
        "SD3neg": "15.56860824"
    },
    {
        "L": "-1.326763834",
        "M": "20.33635961",
        "Month": "72",
        "S": "0.149589838",
        "SD0": "20.33635961",
        "SD1": "24.02649066",
        "SD1neg": "17.74233352",
        "SD2": "29.77274669",
        "SD2neg": "15.80704096",
        "SD3": "29.87274669",
        "SD3neg": "15.70704096"
    },
    {
        "L": "-1.325538668",
        "M": "20.53748298",
        "Month": "73",
        "S": "0.1503404",
        "SD0": "20.53748298",
        "SD1": "24.28640375",
        "SD1neg": "17.90639503",
        "SD2": "30.13901142",
        "SD2neg": "15.94567658",
        "SD3": "30.23901142",
        "SD3neg": "15.84567658"
    },
    {
        "L": "-1.323579654",
        "M": "20.74013277",
        "Month": "74",
        "S": "0.151105277",
        "SD0": "20.74013277",
        "SD1": "24.54876216",
        "SD1neg": "18.07124227",
        "SD2": "30.50872674",
        "SD2neg": "16.08451369",
        "SD3": "30.60872674",
        "SD3neg": "15.98451369"
    },
    {
        "L": "-1.320888012",
        "M": "20.94438028",
        "Month": "75",
        "S": "0.151885464",
        "SD0": "20.94438028",
        "SD1": "24.81368485",
        "SD1neg": "18.23690806",
        "SD2": "30.88204227",
        "SD2neg": "16.22355649",
        "SD3": "30.98204227",
        "SD3neg": "16.12355649"
    },
    {
        "L": "-1.317468695",
        "M": "21.15030093",
        "Month": "76",
        "S": "0.152681819",
        "SD0": "21.15030093",
        "SD1": "25.08129406",
        "SD1neg": "18.40343042",
        "SD2": "31.25911219",
        "SD2neg": "16.36281536",
        "SD3": "31.35911219",
        "SD3neg": "16.26281536"
    },
    {
        "L": "-1.313331446",
        "M": "21.35797332",
        "Month": "77",
        "S": "0.15349505",
        "SD0": "21.35797332",
        "SD1": "25.35171408",
        "SD1neg": "18.57085227",
        "SD2": "31.64009554",
        "SD2neg": "16.50230724",
        "SD3": "31.74009554",
        "SD3neg": "16.40230724"
    },
    {
        "L": "-1.308487081",
        "M": "21.56748045",
        "Month": "78",
        "S": "0.154325756",
        "SD0": "21.56748045",
        "SD1": "25.62507246",
        "SD1neg": "18.73922133",
        "SD2": "32.02515191",
        "SD2neg": "16.64205394",
        "SD3": "32.12515191",
        "SD3neg": "16.54205394"
    },
    {
        "L": "-1.302948173",
        "M": "21.77890902",
        "Month": "79",
        "S": "0.155174414",
        "SD0": "21.77890902",
        "SD1": "25.90149908",
        "SD1neg": "18.90858985",
        "SD2": "32.41444106",
        "SD2neg": "16.7820823",
        "SD3": "32.51444106",
        "SD3neg": "16.6820823"
    },
    {
        "L": "-1.296733913",
        "M": "21.99234686",
        "Month": "80",
        "S": "0.15604132",
        "SD0": "21.99234686",
        "SD1": "26.18112286",
        "SD1neg": "19.07901433",
        "SD2": "32.80812697",
        "SD2neg": "16.92242637",
        "SD3": "32.90812697",
        "SD3neg": "16.82242637"
    },
    {
        "L": "-1.289863329",
        "M": "22.20788541",
        "Month": "81",
        "S": "0.156926667",
        "SD0": "22.20788541",
        "SD1": "26.46407456",
        "SD1neg": "19.25055533",
        "SD2": "33.20637042",
        "SD2neg": "17.06312416",
        "SD3": "33.30637042",
        "SD3neg": "16.96312416"
    },
    {
        "L": "-1.282358762",
        "M": "22.4256177",
        "Month": "82",
        "S": "0.157830504",
        "SD0": "22.4256177",
        "SD1": "26.75048429",
        "SD1neg": "19.42327711",
        "SD2": "33.60933159",
        "SD2neg": "17.20421911",
        "SD3": "33.70933159",
        "SD3neg": "17.10421911"
    },
    {
        "L": "-1.274244931",
        "M": "22.64563824",
        "Month": "83",
        "S": "0.158752743",
        "SD0": "22.64563824",
        "SD1": "27.04048122",
        "SD1neg": "19.59724735",
        "SD2": "34.01716846",
        "SD2neg": "17.34575956",
        "SD3": "34.11716846",
        "SD3neg": "17.24575956"
    },
    {
        "L": "-1.265548787",
        "M": "22.86804258",
        "Month": "84",
        "S": "0.159693163",
        "SD0": "22.86804258",
        "SD1": "27.33419293",
        "SD1neg": "19.77253684",
        "SD2": "34.4300359",
        "SD2neg": "17.48779851",
        "SD3": "34.5300359",
        "SD3neg": "17.38779851"
    },
    {
        "L": "-1.256299378",
        "M": "23.09292679",
        "Month": "85",
        "S": "0.16065141",
        "SD0": "23.09292679",
        "SD1": "27.63174473",
        "SD1neg": "19.94921917",
        "SD2": "34.84808491",
        "SD2neg": "17.63039341",
        "SD3": "34.94808491",
        "SD3neg": "17.53039341"
    },
    {
        "L": "-1.24653066",
        "M": "23.32038549",
        "Month": "86",
        "S": "0.161626956",
        "SD0": "23.32038549",
        "SD1": "27.93325714",
        "SD1neg": "20.12737034",
        "SD2": "35.27146527",
        "SD2neg": "17.77360761",
        "SD3": "35.37146527",
        "SD3neg": "17.67360761"
    },
    {
        "L": "-1.236266832",
        "M": "23.55051871",
        "Month": "87",
        "S": "0.162619308",
        "SD0": "23.55051871",
        "SD1": "28.2388542",
        "SD1neg": "20.30706845",
        "SD2": "35.70030793",
        "SD2neg": "17.91750203",
        "SD3": "35.80030793",
        "SD3neg": "17.81750203"
    },
    {
        "L": "-1.225551344",
        "M": "23.78341652",
        "Month": "88",
        "S": "0.1636276",
        "SD0": "23.78341652",
        "SD1": "28.54864475",
        "SD1neg": "20.48839335",
        "SD2": "36.13475819",
        "SD2neg": "18.06215121",
        "SD3": "36.23475819",
        "SD3neg": "17.96215121"
    },
    {
        "L": "-1.214410914",
        "M": "24.01917703",
        "Month": "89",
        "S": "0.1646511",
        "SD0": "24.01917703",
        "SD1": "28.8627442",
        "SD1neg": "20.67142623",
        "SD2": "36.57493293",
        "SD2neg": "18.20762282",
        "SD3": "36.67493293",
        "SD3neg": "18.10762282"
    },
    {
        "L": "-1.202884389",
        "M": "24.25789074",
        "Month": "90",
        "S": "0.165688808",
        "SD0": "24.25789074",
        "SD1": "29.18125559",
        "SD1neg": "20.85624929",
        "SD2": "37.02095432",
        "SD2neg": "18.35399393",
        "SD3": "37.12095432",
        "SD3neg": "18.25399393"
    },
    {
        "L": "-1.191007906",
        "M": "24.49964778",
        "Month": "91",
        "S": "0.166739662",
        "SD0": "24.49964778",
        "SD1": "29.50427829",
        "SD1neg": "21.04294537",
        "SD2": "37.47293164",
        "SD2neg": "18.50134236",
        "SD3": "37.57293164",
        "SD3neg": "18.40134236"
    },
    {
        "L": "-1.178818621",
        "M": "24.74453536",
        "Month": "92",
        "S": "0.167802495",
        "SD0": "24.74453536",
        "SD1": "29.83190491",
        "SD1neg": "21.23159755",
        "SD2": "37.93096537",
        "SD2neg": "18.64974857",
        "SD3": "38.03096537",
        "SD3neg": "18.54974857"
    },
    {
        "L": "-1.166354376",
        "M": "24.99263735",
        "Month": "93",
        "S": "0.168876037",
        "SD0": "24.99263735",
        "SD1": "30.16422086",
        "SD1neg": "21.42228881",
        "SD2": "38.3951464",
        "SD2neg": "18.79929536",
        "SD3": "38.4951464",
        "SD3neg": "18.69929536"
    },
    {
        "L": "-1.153653688",
        "M": "25.24403371",
        "Month": "94",
        "S": "0.169958922",
        "SD0": "25.24403371",
        "SD1": "30.50130363",
        "SD1neg": "21.61510161",
        "SD2": "38.86555575",
        "SD2neg": "18.95006767",
        "SD3": "38.96555575",
        "SD3neg": "18.85006767"
    },
    {
        "L": "-1.140751404",
        "M": "25.49880264",
        "Month": "95",
        "S": "0.171049756",
        "SD0": "25.49880264",
        "SD1": "30.8432254",
        "SD1neg": "21.81011757",
        "SD2": "39.34225822",
        "SD2neg": "19.10214948",
        "SD3": "39.44225822",
        "SD3neg": "19.00214948"
    },
    {
        "L": "-1.127684095",
        "M": "25.7570168",
        "Month": "96",
        "S": "0.172147043",
        "SD0": "25.7570168",
        "SD1": "31.19004861",
        "SD1neg": "22.00741704",
        "SD2": "39.82530931",
        "SD2neg": "19.25562704",
        "SD3": "39.92530931",
        "SD3neg": "19.15562704"
    },
    {
        "L": "-1.114490244",
        "M": "26.01874261",
        "Month": "97",
        "S": "0.173249185",
        "SD0": "26.01874261",
        "SD1": "31.54182503",
        "SD1neg": "22.20707878",
        "SD2": "40.31475555",
        "SD2neg": "19.41058899",
        "SD3": "40.41475555",
        "SD3neg": "19.31058899"
    },
    {
        "L": "-1.101204848",
        "M": "26.28404312",
        "Month": "98",
        "S": "0.174354569",
        "SD0": "26.28404312",
        "SD1": "31.89859941",
        "SD1neg": "22.40917959",
        "SD2": "40.81062651",
        "SD2neg": "19.56712237",
        "SD3": "40.91062651",
        "SD3neg": "19.46712237"
    },
    {
        "L": "-1.087863413",
        "M": "26.55297507",
        "Month": "99",
        "S": "0.175461512",
        "SD0": "26.55297507",
        "SD1": "32.26040596",
        "SD1neg": "22.61379394",
        "SD2": "41.31294025",
        "SD2neg": "19.72531511",
        "SD3": "41.41294025",
        "SD3neg": "19.62531511"
    },
    {
        "L": "-1.074500927",
        "M": "26.82558904",
        "Month": "100",
        "S": "0.176568284",
        "SD0": "26.82558904",
        "SD1": "32.6272686",
        "SD1neg": "22.82099363",
        "SD2": "41.8217018",
        "SD2neg": "19.88525514",
        "SD3": "41.9217018",
        "SD3neg": "19.78525514"
    },
    {
        "L": "-1.061151213",
        "M": "27.1019295",
        "Month": "101",
        "S": "0.177673124",
        "SD0": "27.1019295",
        "SD1": "32.99920111",
        "SD1neg": "23.03084743",
        "SD2": "42.33690193",
        "SD2neg": "20.04702963",
        "SD3": "42.43690193",
        "SD3neg": "19.94702963"
    },
    {
        "L": "-1.047847141",
        "M": "27.38203422",
        "Month": "102",
        "S": "0.178774242",
        "SD0": "27.38203422",
        "SD1": "33.37620657",
        "SD1neg": "23.24342078",
        "SD2": "42.85851739",
        "SD2neg": "20.21072492",
        "SD3": "42.95851739",
        "SD3neg": "20.11072492"
    },
    {
        "L": "-1.034620551",
        "M": "27.66593402",
        "Month": "103",
        "S": "0.179869829",
        "SD0": "27.66593402",
        "SD1": "33.75827712",
        "SD1neg": "23.45877543",
        "SD2": "43.38651071",
        "SD2neg": "20.37642621",
        "SD3": "43.48651071",
        "SD3neg": "20.27642621"
    },
    {
        "L": "-1.021502197",
        "M": "27.9536524",
        "Month": "104",
        "S": "0.180958063",
        "SD0": "27.9536524",
        "SD1": "34.14539365",
        "SD1neg": "23.67696917",
        "SD2": "43.92082995",
        "SD2neg": "20.5442172",
        "SD3": "44.02082995",
        "SD3neg": "20.4442172"
    },
    {
        "L": "-1.008521695",
        "M": "28.24520531",
        "Month": "105",
        "S": "0.182037118",
        "SD0": "28.24520531",
        "SD1": "34.53752562",
        "SD1neg": "23.89805548",
        "SD2": "44.46140869",
        "SD2neg": "20.71417985",
        "SD3": "44.56140869",
        "SD3neg": "20.61417985"
    },
    {
        "L": "-0.995707494",
        "M": "28.54060085",
        "Month": "106",
        "S": "0.183105172",
        "SD0": "28.54060085",
        "SD1": "34.93463092",
        "SD1neg": "24.12208328",
        "SD2": "45.00816589",
        "SD2neg": "20.88639404",
        "SD3": "45.10816589",
        "SD3neg": "20.78639404"
    },
    {
        "L": "-0.983086844",
        "M": "28.83983907",
        "Month": "107",
        "S": "0.18416041",
        "SD0": "28.83983907",
        "SD1": "35.33665564",
        "SD1neg": "24.34909661",
        "SD2": "45.56100588",
        "SD2neg": "21.06093729",
        "SD3": "45.66100588",
        "SD3neg": "20.96093729"
    },
    {
        "L": "-0.970685789",
        "M": "29.14291171",
        "Month": "108",
        "S": "0.185201039",
        "SD0": "29.14291171",
        "SD1": "35.74353404",
        "SD1neg": "24.57913442",
        "SD2": "46.11981836",
        "SD2neg": "21.23788449",
        "SD3": "46.21981836",
        "SD3neg": "21.13788449"
    },
    {
        "L": "-0.958529157",
        "M": "29.44980208",
        "Month": "109",
        "S": "0.186225287",
        "SD0": "29.44980208",
        "SD1": "36.1551884",
        "SD1neg": "24.81223026",
        "SD2": "46.6844785",
        "SD2neg": "21.41730758",
        "SD3": "46.7844785",
        "SD3neg": "21.31730758"
    },
    {
        "L": "-0.946640568",
        "M": "29.76048479",
        "Month": "110",
        "S": "0.187231416",
        "SD0": "29.76048479",
        "SD1": "36.57152901",
        "SD1neg": "25.04841211",
        "SD2": "47.25484698",
        "SD2neg": "21.59927532",
        "SD3": "47.35484698",
        "SD3neg": "21.49927532"
    },
    {
        "L": "-0.935042447",
        "M": "30.0749257",
        "Month": "111",
        "S": "0.188217723",
        "SD0": "30.0749257",
        "SD1": "36.99245419",
        "SD1neg": "25.28770208",
        "SD2": "47.83077022",
        "SD2neg": "21.783853",
        "SD3": "47.93077022",
        "SD3neg": "21.683853"
    },
    {
        "L": "-0.923756041",
        "M": "30.39308176",
        "Month": "112",
        "S": "0.18918255",
        "SD0": "30.39308176",
        "SD1": "37.41785025",
        "SD1neg": "25.53011627",
        "SD2": "48.41208049",
        "SD2neg": "21.9711022",
        "SD3": "48.51208049",
        "SD3neg": "21.8711022"
    },
    {
        "L": "-0.912801445",
        "M": "30.71490093",
        "Month": "113",
        "S": "0.190124286",
        "SD0": "30.71490093",
        "SD1": "37.84759157",
        "SD1neg": "25.77566457",
        "SD2": "48.99859616",
        "SD2neg": "22.1610805",
        "SD3": "49.09859616",
        "SD3neg": "22.0610805"
    },
    {
        "L": "-0.902197638",
        "M": "31.0403221",
        "Month": "114",
        "S": "0.191041375",
        "SD0": "31.0403221",
        "SD1": "38.28154072",
        "SD1neg": "26.02435045",
        "SD2": "49.59012202",
        "SD2neg": "22.3538413",
        "SD3": "49.69012202",
        "SD3neg": "22.2538413"
    },
    {
        "L": "-0.891962513",
        "M": "31.36927506",
        "Month": "115",
        "S": "0.191932319",
        "SD0": "31.36927506",
        "SD1": "38.71954855",
        "SD1neg": "26.27617085",
        "SD2": "50.18644953",
        "SD2neg": "22.54943355",
        "SD3": "50.28644953",
        "SD3neg": "22.44943355"
    },
    {
        "L": "-0.882112919",
        "M": "31.7016805",
        "Month": "116",
        "S": "0.192795682",
        "SD0": "31.7016805",
        "SD1": "39.16145437",
        "SD1neg": "26.531116",
        "SD2": "50.78735718",
        "SD2neg": "22.74790153",
        "SD3": "50.88735718",
        "SD3neg": "22.64790153"
    },
    {
        "L": "-0.872664706",
        "M": "32.03744999",
        "Month": "117",
        "S": "0.193630095",
        "SD0": "32.03744999",
        "SD1": "39.60708612",
        "SD1neg": "26.78916935",
        "SD2": "51.39261084",
        "SD2neg": "22.94928464",
        "SD3": "51.49261084",
        "SD3neg": "22.84928464"
    },
    {
        "L": "-0.863632768",
        "M": "32.37648607",
        "Month": "118",
        "S": "0.19443426",
        "SD0": "32.37648607",
        "SD1": "40.05626061",
        "SD1neg": "27.05030741",
        "SD2": "52.0019643",
        "SD2neg": "23.15361721",
        "SD3": "52.1019643",
        "SD3neg": "23.05361721"
    },
    {
        "L": "-0.855031092",
        "M": "32.71868225",
        "Month": "119",
        "S": "0.195206948",
        "SD0": "32.71868225",
        "SD1": "40.50878377",
        "SD1neg": "27.31449973",
        "SD2": "52.61515955",
        "SD2neg": "23.3609283",
        "SD3": "52.71515955",
        "SD3neg": "23.2609283"
    },
    {
        "L": "-0.846872805",
        "M": "33.06392318",
        "Month": "120",
        "S": "0.195947008",
        "SD0": "33.06392318",
        "SD1": "40.96445094",
        "SD1neg": "27.58170877",
        "SD2": "53.23192742",
        "SD2neg": "23.5712415",
        "SD3": "53.33192742",
        "SD3neg": "23.4712415"
    },
    {
        "L": "-0.839170224",
        "M": "33.4120847",
        "Month": "121",
        "S": "0.196653365",
        "SD0": "33.4120847",
        "SD1": "41.42304719",
        "SD1neg": "27.85188989",
        "SD2": "53.85198801",
        "SD2neg": "23.78457481",
        "SD3": "53.95198801",
        "SD3neg": "23.68457481"
    },
    {
        "L": "-0.831934903",
        "M": "33.76303402",
        "Month": "122",
        "S": "0.197325023",
        "SD0": "33.76303402",
        "SD1": "41.88434763",
        "SD1neg": "28.12499133",
        "SD2": "54.47505123",
        "SD2neg": "24.0009404",
        "SD3": "54.57505123",
        "SD3neg": "23.9009404"
    },
    {
        "L": "-0.825177688",
        "M": "34.1166299",
        "Month": "123",
        "S": "0.197961065",
        "SD0": "34.1166299",
        "SD1": "42.34811784",
        "SD1neg": "28.40095418",
        "SD2": "55.10081744",
        "SD2neg": "24.22034455",
        "SD3": "55.20081744",
        "SD3neg": "24.12034455"
    },
    {
        "L": "-0.818908758",
        "M": "34.47272283",
        "Month": "124",
        "S": "0.198560655",
        "SD0": "34.47272283",
        "SD1": "42.81411424",
        "SD1neg": "28.67971239",
        "SD2": "55.72897803",
        "SD2neg": "24.44278747",
        "SD3": "55.82897803",
        "SD3neg": "24.34278747"
    },
    {
        "L": "-0.813137675",
        "M": "34.83115524",
        "Month": "125",
        "S": "0.199123037",
        "SD0": "34.83115524",
        "SD1": "43.2820845",
        "SD1neg": "28.96119283",
        "SD2": "56.35921598",
        "SD2neg": "24.66826317",
        "SD3": "56.45921598",
        "SD3neg": "24.56826317"
    },
    {
        "L": "-0.807873433",
        "M": "35.19176177",
        "Month": "126",
        "S": "0.199647538",
        "SD0": "35.19176177",
        "SD1": "43.75176806",
        "SD1neg": "29.2453153",
        "SD2": "56.99120667",
        "SD2neg": "24.89675936",
        "SD3": "57.09120667",
        "SD3neg": "24.79675936"
    },
    {
        "L": "-0.803122613",
        "M": "35.55437176",
        "Month": "127",
        "S": "0.200133598",
        "SD0": "35.55437176",
        "SD1": "44.2228991",
        "SD1neg": "29.53199263",
        "SD2": "57.62461367",
        "SD2neg": "25.12825497",
        "SD3": "57.72461367",
        "SD3neg": "25.02825497"
    },
    {
        "L": "-0.79889771",
        "M": "35.91879976",
        "Month": "128",
        "S": "0.200580618",
        "SD0": "35.91879976",
        "SD1": "44.69519582",
        "SD1neg": "29.82113071",
        "SD2": "58.2591102",
        "SD2neg": "25.36273057",
        "SD3": "58.3591102",
        "SD3neg": "25.26273057"
    },
    {
        "L": "-0.795203499",
        "M": "36.28486194",
        "Month": "129",
        "S": "0.200988216",
        "SD0": "36.28486194",
        "SD1": "45.16837952",
        "SD1neg": "30.11262869",
        "SD2": "58.89434587",
        "SD2neg": "25.60015098",
        "SD3": "58.99434587",
        "SD3neg": "25.50015098"
    },
    {
        "L": "-0.792047959",
        "M": "36.65236365",
        "Month": "130",
        "S": "0.201356017",
        "SD0": "36.65236365",
        "SD1": "45.64216035",
        "SD1neg": "30.40637904",
        "SD2": "59.52997434",
        "SD2neg": "25.84047902",
        "SD3": "59.62997434",
        "SD3neg": "25.74047902"
    },
    {
        "L": "-0.789435274",
        "M": "37.02110818",
        "Month": "131",
        "S": "0.201683791",
        "SD0": "37.02110818",
        "SD1": "46.11624768",
        "SD1neg": "30.70226768",
        "SD2": "60.16563638",
        "SD2neg": "26.08366626",
        "SD3": "60.26563638",
        "SD3neg": "25.98366626"
    },
    {
        "L": "-0.787374433",
        "M": "37.39088668",
        "Month": "132",
        "S": "0.201971282",
        "SD0": "37.39088668",
        "SD1": "46.59033849",
        "SD1neg": "31.0001742",
        "SD2": "60.80098266",
        "SD2neg": "26.32966449",
        "SD3": "60.90098266",
        "SD3neg": "26.22966449"
    },
    {
        "L": "-0.785870695",
        "M": "37.76148905",
        "Month": "133",
        "S": "0.202218375",
        "SD0": "37.76148905",
        "SD1": "47.06413019",
        "SD1neg": "31.29997198",
        "SD2": "61.43565243",
        "SD2neg": "26.57841425",
        "SD3": "61.53565243",
        "SD3neg": "26.47841425"
    },
    {
        "L": "-0.784929893",
        "M": "38.1326991",
        "Month": "134",
        "S": "0.202425006",
        "SD0": "38.1326991",
        "SD1": "47.53731508",
        "SD1neg": "31.60152842",
        "SD2": "62.06928538",
        "SD2neg": "26.82985049",
        "SD3": "62.16928538",
        "SD3neg": "26.72985049"
    },
    {
        "L": "-0.784557605",
        "M": "38.50429603",
        "Month": "135",
        "S": "0.202591183",
        "SD0": "38.50429603",
        "SD1": "48.00958227",
        "SD1neg": "31.90470515",
        "SD2": "62.70152022",
        "SD2neg": "27.08390155",
        "SD3": "62.80152022",
        "SD3neg": "26.98390155"
    },
    {
        "L": "-0.78475917",
        "M": "38.87605489",
        "Month": "136",
        "S": "0.20271698",
        "SD0": "38.87605489",
        "SD1": "48.48061828",
        "SD1neg": "32.20935825",
        "SD2": "63.33199547",
        "SD2neg": "27.34048906",
        "SD3": "63.43199547",
        "SD3neg": "27.24048906"
    },
    {
        "L": "-0.785539703",
        "M": "39.24774707",
        "Month": "137",
        "S": "0.202802535",
        "SD0": "39.24774707",
        "SD1": "48.95010777",
        "SD1neg": "32.51533848",
        "SD2": "63.96035026",
        "SD2neg": "27.59952811",
        "SD3": "64.06035026",
        "SD3neg": "27.49952811"
    },
    {
        "L": "-0.786904102",
        "M": "39.61914076",
        "Month": "138",
        "S": "0.202848049",
        "SD0": "39.61914076",
        "SD1": "49.41773412",
        "SD1neg": "32.82249159",
        "SD2": "64.58622505",
        "SD2neg": "27.86092721",
        "SD3": "64.68622505",
        "SD3neg": "27.76092721"
    },
    {
        "L": "-0.788858208",
        "M": "39.98999994",
        "Month": "139",
        "S": "0.202853758",
        "SD0": "39.98999994",
        "SD1": "49.88317838",
        "SD1neg": "33.13065866",
        "SD2": "65.20926575",
        "SD2neg": "28.12459021",
        "SD3": "65.30926575",
        "SD3neg": "28.02459021"
    },
    {
        "L": "-0.791403051",
        "M": "40.36009244",
        "Month": "140",
        "S": "0.202820053",
        "SD0": "40.36009244",
        "SD1": "50.34612903",
        "SD1neg": "33.43967591",
        "SD2": "65.82910853",
        "SD2neg": "28.39040733",
        "SD3": "65.92910853",
        "SD3neg": "28.29040733"
    },
    {
        "L": "-0.794546352",
        "M": "40.72917544",
        "Month": "141",
        "S": "0.202747236",
        "SD0": "40.72917544",
        "SD1": "50.80626449",
        "SD1neg": "33.74937598",
        "SD2": "66.44541229",
        "SD2neg": "28.65827335",
        "SD3": "66.54541229",
        "SD3neg": "28.55827335"
    },
    {
        "L": "-0.79829102",
        "M": "41.09701099",
        "Month": "142",
        "S": "0.202635758",
        "SD0": "41.09701099",
        "SD1": "51.26327204",
        "SD1neg": "34.05958726",
        "SD2": "67.05782786",
        "SD2neg": "28.92806965",
        "SD3": "67.15782786",
        "SD3neg": "28.82806965"
    },
    {
        "L": "-0.802640891",
        "M": "41.46335907",
        "Month": "143",
        "S": "0.202486098",
        "SD0": "41.46335907",
        "SD1": "51.71683939",
        "SD1neg": "34.37013476",
        "SD2": "67.6660145",
        "SD2neg": "29.19967337",
        "SD3": "67.7660145",
        "SD3neg": "29.09967337"
    },
    {
        "L": "-0.807599577",
        "M": "41.82797963",
        "Month": "144",
        "S": "0.202298783",
        "SD0": "41.82797963",
        "SD1": "52.16665724",
        "SD1neg": "34.6808403",
        "SD2": "68.26963753",
        "SD2neg": "29.47295578",
        "SD3": "68.36963753",
        "SD3neg": "29.37295578"
    },
    {
        "L": "-0.813170461",
        "M": "42.19063313",
        "Month": "145",
        "S": "0.202074385",
        "SD0": "42.19063313",
        "SD1": "52.61241996",
        "SD1neg": "34.99152289",
        "SD2": "68.86836921",
        "SD2neg": "29.74778245",
        "SD3": "68.96836921",
        "SD3neg": "29.64778245"
    },
    {
        "L": "-0.819356692",
        "M": "42.55108107",
        "Month": "146",
        "S": "0.201813521",
        "SD0": "42.55108107",
        "SD1": "53.05382628",
        "SD1neg": "35.30199908",
        "SD2": "69.46188938",
        "SD2neg": "30.02401346",
        "SD3": "69.56188938",
        "SD3neg": "29.92401346"
    },
    {
        "L": "-0.826161176",
        "M": "42.90908653",
        "Month": "147",
        "S": "0.201516851",
        "SD0": "42.90908653",
        "SD1": "53.49057995",
        "SD1neg": "35.61208335",
        "SD2": "70.04988629",
        "SD2neg": "30.30150364",
        "SD3": "70.14988629",
        "SD3neg": "30.20150364"
    },
    {
        "L": "-0.833586038",
        "M": "43.2644155",
        "Month": "148",
        "S": "0.201185082",
        "SD0": "43.2644155",
        "SD1": "53.92239129",
        "SD1neg": "35.92158854",
        "SD2": "70.63205544",
        "SD2neg": "30.58010198",
        "SD3": "70.73205544",
        "SD3neg": "30.48010198"
    },
    {
        "L": "-0.841634949",
        "M": "43.61683402",
        "Month": "149",
        "S": "0.200818928",
        "SD0": "43.61683402",
        "SD1": "54.34897421",
        "SD1neg": "36.23032606",
        "SD2": "71.20810884",
        "SD2neg": "30.85965542",
        "SD3": "71.30810884",
        "SD3neg": "30.75965542"
    },
    {
        "L": "-0.850307441",
        "M": "43.9661169",
        "Month": "150",
        "S": "0.200419208",
        "SD0": "43.9661169",
        "SD1": "54.77005588",
        "SD1neg": "36.53810653",
        "SD2": "71.77775569",
        "SD2neg": "31.14000049",
        "SD3": "71.87775569",
        "SD3neg": "31.04000049"
    },
    {
        "L": "-0.859607525",
        "M": "44.31203579",
        "Month": "151",
        "S": "0.199986681",
        "SD0": "44.31203579",
        "SD1": "55.18536304",
        "SD1neg": "36.84474014",
        "SD2": "72.34073179",
        "SD2neg": "31.42097714",
        "SD3": "72.44073179",
        "SD3neg": "31.32097714"
    },
    {
        "L": "-0.869534339",
        "M": "44.65437319",
        "Month": "152",
        "S": "0.199522233",
        "SD0": "44.65437319",
        "SD1": "55.5946389",
        "SD1neg": "37.15003678",
        "SD2": "72.89677127",
        "SD2neg": "31.70241394",
        "SD3": "72.99677127",
        "SD3neg": "31.60241394"
    },
    {
        "L": "-0.880088651",
        "M": "44.99291356",
        "Month": "153",
        "S": "0.199026736",
        "SD0": "44.99291356",
        "SD1": "55.99763193",
        "SD1neg": "37.45380686",
        "SD2": "73.44562609",
        "SD2neg": "31.98413933",
        "SD3": "73.54562609",
        "SD3neg": "31.88413933"
    },
    {
        "L": "-0.891270585",
        "M": "45.32744704",
        "Month": "154",
        "S": "0.198501096",
        "SD0": "45.32744704",
        "SD1": "56.39410083",
        "SD1neg": "37.75586143",
        "SD2": "73.9870611",
        "SD2neg": "32.26597794",
        "SD3": "74.0870611",
        "SD3neg": "32.16597794"
    },
    {
        "L": "-0.903079458",
        "M": "45.65777013",
        "Month": "155",
        "S": "0.197946255",
        "SD0": "45.65777013",
        "SD1": "56.78381508",
        "SD1neg": "38.05601272",
        "SD2": "74.52085332",
        "SD2neg": "32.54775098",
        "SD3": "74.62085332",
        "SD3neg": "32.44775098"
    },
    {
        "L": "-0.915513542",
        "M": "45.98368656",
        "Month": "156",
        "S": "0.197363191",
        "SD0": "45.98368656",
        "SD1": "57.16655602",
        "SD1neg": "38.35407458",
        "SD2": "75.04679196",
        "SD2neg": "32.82927624",
        "SD3": "75.14679196",
        "SD3neg": "32.72927624"
    },
    {
        "L": "-0.928569454",
        "M": "46.30500858",
        "Month": "157",
        "S": "0.196752931",
        "SD0": "46.30500858",
        "SD1": "57.54211848",
        "SD1neg": "38.64986281",
        "SD2": "75.56467713",
        "SD2neg": "33.11036752",
        "SD3": "75.66467713",
        "SD3neg": "33.01036752"
    },
    {
        "L": "-0.942245864",
        "M": "46.62155183",
        "Month": "158",
        "S": "0.196116472",
        "SD0": "46.62155183",
        "SD1": "57.91030443",
        "SD1neg": "38.94319568",
        "SD2": "76.07433263",
        "SD2neg": "33.39084108",
        "SD3": "76.17433263",
        "SD3neg": "33.29084108"
    },
    {
        "L": "-0.956537923",
        "M": "46.93314404",
        "Month": "159",
        "S": "0.19545489",
        "SD0": "46.93314404",
        "SD1": "58.2709336",
        "SD1neg": "39.23389427",
        "SD2": "76.57558805",
        "SD2neg": "33.67050721",
        "SD3": "76.67558805",
        "SD3neg": "33.57050721"
    },
    {
        "L": "-0.971440492",
        "M": "47.23962058",
        "Month": "160",
        "S": "0.194769279",
        "SD0": "47.23962058",
        "SD1": "58.623838",
        "SD1neg": "39.52178293",
        "SD2": "77.06828988",
        "SD2neg": "33.94917592",
        "SD3": "77.16828988",
        "SD3neg": "33.84917592"
    },
    {
        "L": "-0.986947308",
        "M": "47.54082604",
        "Month": "161",
        "S": "0.194060758",
        "SD0": "47.54082604",
        "SD1": "58.9688638",
        "SD1neg": "39.80668967",
        "SD2": "77.55229931",
        "SD2neg": "34.22665611",
        "SD3": "77.65229931",
        "SD3neg": "34.12665611"
    },
    {
        "L": "-1.003050887",
        "M": "47.83661466",
        "Month": "162",
        "S": "0.193330477",
        "SD0": "47.83661466",
        "SD1": "59.30587195",
        "SD1neg": "40.08844655",
        "SD2": "78.02749237",
        "SD2neg": "34.50275596",
        "SD3": "78.12749237",
        "SD3neg": "34.40275596"
    },
    {
        "L": "-1.019742425",
        "M": "48.12685082",
        "Month": "163",
        "S": "0.192579614",
        "SD0": "48.12685082",
        "SD1": "59.63473855",
        "SD1neg": "40.36689014",
        "SD2": "78.49375985",
        "SD2neg": "34.77728337",
        "SD3": "78.59375985",
        "SD3neg": "34.67728337"
    },
    {
        "L": "-1.037011698",
        "M": "48.41140938",
        "Month": "164",
        "S": "0.191809374",
        "SD0": "48.41140938",
        "SD1": "59.95535543",
        "SD1neg": "40.64186183",
        "SD2": "78.95100746",
        "SD2neg": "35.05004634",
        "SD3": "79.05100746",
        "SD3neg": "34.95004634"
    },
    {
        "L": "-1.054846957",
        "M": "48.69017613",
        "Month": "165",
        "S": "0.191020995",
        "SD0": "48.69017613",
        "SD1": "60.2676305",
        "SD1neg": "40.91320829",
        "SD2": "79.39915559",
        "SD2neg": "35.32085341",
        "SD3": "79.49915559",
        "SD3neg": "35.22085341"
    },
    {
        "L": "-1.073234825",
        "M": "48.9630481",
        "Month": "166",
        "S": "0.190215739",
        "SD0": "48.9630481",
        "SD1": "60.57148826",
        "SD1neg": "41.18078178",
        "SD2": "79.83813936",
        "SD2neg": "35.58951408",
        "SD3": "79.93813936",
        "SD3neg": "35.48951408"
    },
    {
        "L": "-1.092160195",
        "M": "49.22993391",
        "Month": "167",
        "S": "0.189394901",
        "SD0": "49.22993391",
        "SD1": "60.86687006",
        "SD1neg": "41.44444058",
        "SD2": "80.26790826",
        "SD2neg": "35.85583929",
        "SD3": "80.36790826",
        "SD3neg": "35.75583929"
    },
    {
        "L": "-1.111606122",
        "M": "49.49075409",
        "Month": "168",
        "S": "0.188559804",
        "SD0": "49.49075409",
        "SD1": "61.15373456",
        "SD1neg": "41.70404928",
        "SD2": "80.68842617",
        "SD2neg": "36.11964182",
        "SD3": "80.78842617",
        "SD3neg": "36.01964182"
    },
    {
        "L": "-1.131553723",
        "M": "49.74544132",
        "Month": "169",
        "S": "0.187711798",
        "SD0": "49.74544132",
        "SD1": "61.43205787",
        "SD1neg": "41.95947918",
        "SD2": "81.0996707",
        "SD2neg": "36.38073677",
        "SD3": "81.1996707",
        "SD3neg": "36.28073677"
    },
    {
        "L": "-1.151982079",
        "M": "49.99394068",
        "Month": "170",
        "S": "0.186852266",
        "SD0": "49.99394068",
        "SD1": "61.70183397",
        "SD1neg": "42.21060857",
        "SD2": "81.5016332",
        "SD2neg": "36.63894204",
        "SD3": "81.6016332",
        "SD3neg": "36.53894204"
    },
    {
        "L": "-1.172868141",
        "M": "50.23620985",
        "Month": "171",
        "S": "0.185982617",
        "SD0": "50.23620985",
        "SD1": "61.9630748",
        "SD1neg": "42.4573231",
        "SD2": "81.8943181",
        "SD2neg": "36.89407876",
        "SD3": "81.9943181",
        "SD3neg": "36.79407876"
    },
    {
        "L": "-1.19418462",
        "M": "50.47222213",
        "Month": "172",
        "S": "0.185104331",
        "SD0": "50.47222213",
        "SD1": "62.2158143",
        "SD1neg": "42.69951586",
        "SD2": "82.27773516",
        "SD2neg": "37.14596866",
        "SD3": "82.37773516",
        "SD3neg": "37.04596866"
    },
    {
        "L": "-1.215907492",
        "M": "50.70195581",
        "Month": "173",
        "S": "0.184218803",
        "SD0": "50.70195581",
        "SD1": "62.46009408",
        "SD1neg": "42.93708833",
        "SD2": "82.65192665",
        "SD2neg": "37.39444636",
        "SD3": "82.75192665",
        "SD3neg": "37.29444636"
    },
    {
        "L": "-1.238005268",
        "M": "50.92540942",
        "Month": "174",
        "S": "0.183327556",
        "SD0": "50.92540942",
        "SD1": "62.69598376",
        "SD1neg": "43.16994976",
        "SD2": "83.01692792",
        "SD2neg": "37.63934319",
        "SD3": "83.11692792",
        "SD3neg": "37.53934319"
    },
    {
        "L": "-1.260445591",
        "M": "51.14259229",
        "Month": "175",
        "S": "0.182432113",
        "SD0": "51.14259229",
        "SD1": "62.92356829",
        "SD1neg": "43.39801801",
        "SD2": "83.37279097",
        "SD2neg": "37.88049811",
        "SD3": "83.47279097",
        "SD3neg": "37.78049811"
    },
    {
        "L": "-1.283193626",
        "M": "51.3535268",
        "Month": "176",
        "S": "0.181534018",
        "SD0": "51.3535268",
        "SD1": "63.14295085",
        "SD1neg": "43.62121961",
        "SD2": "83.71957824",
        "SD2neg": "38.1177557",
        "SD3": "83.81957824",
        "SD3neg": "38.0177557"
    },
    {
        "L": "-1.306212032",
        "M": "51.55824831",
        "Month": "177",
        "S": "0.180634839",
        "SD0": "51.55824831",
        "SD1": "63.35425272",
        "SD1neg": "43.83949001",
        "SD2": "84.0573618",
        "SD2neg": "38.35096671",
        "SD3": "84.1573618",
        "SD3neg": "38.25096671"
    },
    {
        "L": "-1.329460945",
        "M": "51.75680513",
        "Month": "178",
        "S": "0.179736168",
        "SD0": "51.75680513",
        "SD1": "63.55761311",
        "SD1neg": "44.05277379",
        "SD2": "84.38622285",
        "SD2neg": "38.57998846",
        "SD3": "84.48622285",
        "SD3neg": "38.47998846"
    },
    {
        "L": "-1.35289798",
        "M": "51.94925841",
        "Month": "179",
        "S": "0.178839614",
        "SD0": "51.94925841",
        "SD1": "63.75318885",
        "SD1neg": "44.26102482",
        "SD2": "84.70625079",
        "SD2neg": "38.80468538",
        "SD3": "84.80625079",
        "SD3neg": "38.70468538"
    },
    {
        "L": "-1.376478254",
        "M": "52.13568193",
        "Month": "180",
        "S": "0.177946804",
        "SD0": "52.13568193",
        "SD1": "63.94115411",
        "SD1neg": "44.46420645",
        "SD2": "85.01754259",
        "SD2neg": "39.02492942",
        "SD3": "85.11754259",
        "SD3neg": "38.92492942"
    },
    {
        "L": "-1.400154426",
        "M": "52.31616197",
        "Month": "181",
        "S": "0.177059379",
        "SD0": "52.31616197",
        "SD1": "64.12169995",
        "SD1neg": "44.66229166",
        "SD2": "85.32020199",
        "SD2neg": "39.24060054",
        "SD3": "85.42020199",
        "SD3neg": "39.14060054"
    },
    {
        "L": "-1.423876772",
        "M": "52.49079703",
        "Month": "182",
        "S": "0.17617899",
        "SD0": "52.49079703",
        "SD1": "64.29503388",
        "SD1neg": "44.85526316",
        "SD2": "85.61433879",
        "SD2neg": "39.45158711",
        "SD3": "85.71433879",
        "SD3neg": "39.35158711"
    },
    {
        "L": "-1.447593267",
        "M": "52.65969757",
        "Month": "183",
        "S": "0.175307296",
        "SD0": "52.65969757",
        "SD1": "64.46137932",
        "SD1neg": "45.04311352",
        "SD2": "85.90006822",
        "SD2neg": "39.65778637",
        "SD3": "86.00006822",
        "SD3neg": "39.55778637"
    },
    {
        "L": "-1.471249702",
        "M": "52.82298572",
        "Month": "184",
        "S": "0.174445958",
        "SD0": "52.82298572",
        "SD1": "64.62097494",
        "SD1neg": "45.22584523",
        "SD2": "86.17750989",
        "SD2neg": "39.8591048",
        "SD3": "86.27750989",
        "SD3neg": "39.7591048"
    },
    {
        "L": "-1.494789826",
        "M": "52.9807949",
        "Month": "185",
        "S": "0.173596636",
        "SD0": "52.9807949",
        "SD1": "64.77407403",
        "SD1neg": "45.40347076",
        "SD2": "86.44678744",
        "SD2neg": "40.05545851",
        "SD3": "86.54678744",
        "SD3neg": "39.95545851"
    },
    {
        "L": "-1.518155513",
        "M": "53.13326946",
        "Month": "186",
        "S": "0.172760982",
        "SD0": "53.13326946",
        "SD1": "64.92094368",
        "SD1neg": "45.57601262",
        "SD2": "86.70802775",
        "SD2neg": "40.24677361",
        "SD3": "86.80802775",
        "SD3neg": "40.14677361"
    },
    {
        "L": "-1.541286949",
        "M": "53.28056425",
        "Month": "187",
        "S": "0.17194064",
        "SD0": "53.28056425",
        "SD1": "65.061864",
        "SD1neg": "45.74350332",
        "SD2": "86.9613602",
        "SD2neg": "40.43298651",
        "SD3": "87.0613602",
        "SD3neg": "40.33298651"
    },
    {
        "L": "-1.564122852",
        "M": "53.42284417",
        "Month": "188",
        "S": "0.171137232",
        "SD0": "53.42284417",
        "SD1": "65.19712719",
        "SD1neg": "45.90598536",
        "SD2": "87.20691618",
        "SD2neg": "40.61404422",
        "SD3": "87.30691618",
        "SD3neg": "40.51404422"
    },
    {
        "L": "-1.586600712",
        "M": "53.5602837",
        "Month": "189",
        "S": "0.170352363",
        "SD0": "53.5602837",
        "SD1": "65.32703661",
        "SD1neg": "46.0635112",
        "SD2": "87.44482864",
        "SD2neg": "40.78990457",
        "SD3": "87.54482864",
        "SD3neg": "40.68990457"
    },
    {
        "L": "-1.608657054",
        "M": "53.69306637",
        "Month": "190",
        "S": "0.169587605",
        "SD0": "53.69306637",
        "SD1": "65.45190573",
        "SD1neg": "46.21614316",
        "SD2": "87.67523142",
        "SD2neg": "40.9605365",
        "SD3": "87.77523142",
        "SD3neg": "40.8605365"
    },
    {
        "L": "-1.630227728",
        "M": "53.82138422",
        "Month": "191",
        "S": "0.168844497",
        "SD0": "53.82138422",
        "SD1": "65.57205703",
        "SD1neg": "46.36395329",
        "SD2": "87.89825892",
        "SD2neg": "41.12592014",
        "SD3": "87.99825892",
        "SD3neg": "41.02592014"
    },
    {
        "L": "-1.651248208",
        "M": "53.94543725",
        "Month": "192",
        "S": "0.168124538",
        "SD0": "53.94543725",
        "SD1": "65.68782092",
        "SD1neg": "46.50702323",
        "SD2": "88.11404582",
        "SD2neg": "41.28604697",
        "SD3": "88.21404582",
        "SD3neg": "41.18604697"
    },
    {
        "L": "-1.67165392",
        "M": "54.06543278",
        "Month": "193",
        "S": "0.167429179",
        "SD0": "54.06543278",
        "SD1": "65.7995345",
        "SD1neg": "46.64544403",
        "SD2": "88.32272667",
        "SD2neg": "41.44091988",
        "SD3": "88.42272667",
        "SD3neg": "41.34091988"
    },
    {
        "L": "-1.691380583",
        "M": "54.18158486",
        "Month": "194",
        "S": "0.166759816",
        "SD0": "54.18158486",
        "SD1": "65.90754033",
        "SD1neg": "46.77931589",
        "SD2": "88.52443577",
        "SD2neg": "41.5905532",
        "SD3": "88.62443577",
        "SD3neg": "41.4905532"
    },
    {
        "L": "-1.710364557",
        "M": "54.29411356",
        "Month": "195",
        "S": "0.166117788",
        "SD0": "54.29411356",
        "SD1": "66.01218513",
        "SD1neg": "46.9087479",
        "SD2": "88.719307",
        "SD2neg": "41.73497262",
        "SD3": "88.819307",
        "SD3neg": "41.63497262"
    },
    {
        "L": "-1.728543207",
        "M": "54.40324431",
        "Month": "196",
        "S": "0.165504365",
        "SD0": "54.40324431",
        "SD1": "66.11381848",
        "SD1neg": "47.03385773",
        "SD2": "88.90747369",
        "SD2neg": "41.87421512",
        "SD3": "89.00747369",
        "SD3neg": "41.77421512"
    },
    {
        "L": "-1.745855274",
        "M": "54.50920717",
        "Month": "197",
        "S": "0.164920747",
        "SD0": "54.50920717",
        "SD1": "66.21279139",
        "SD1neg": "47.15477129",
        "SD2": "89.08906869",
        "SD2neg": "42.00832879",
        "SD3": "89.18906869",
        "SD3neg": "41.90832879"
    },
    {
        "L": "-1.762241248",
        "M": "54.61223603",
        "Month": "198",
        "S": "0.164368054",
        "SD0": "54.61223603",
        "SD1": "66.30945493",
        "SD1neg": "47.27162226",
        "SD2": "89.26422437",
        "SD2neg": "42.13737262",
        "SD3": "89.36422437",
        "SD3neg": "42.03737262"
    },
    {
        "L": "-1.777643747",
        "M": "54.71256787",
        "Month": "199",
        "S": "0.16384732",
        "SD0": "54.71256787",
        "SD1": "66.40415873",
        "SD1neg": "47.38455165",
        "SD2": "89.43307277",
        "SD2neg": "42.26141622",
        "SD3": "89.53307277",
        "SD3neg": "42.16141622"
    },
    {
        "L": "-1.792007891",
        "M": "54.81044184",
        "Month": "200",
        "S": "0.163359491",
        "SD0": "54.81044184",
        "SD1": "66.49724952",
        "SD1neg": "47.49370734",
        "SD2": "89.59574572",
        "SD2neg": "42.38053945",
        "SD3": "89.69574572",
        "SD3neg": "42.28053945"
    },
    {
        "L": "-1.805281675",
        "M": "54.90609842",
        "Month": "201",
        "S": "0.162905415",
        "SD0": "54.90609842",
        "SD1": "66.5890696",
        "SD1neg": "47.59924339",
        "SD2": "89.75237514",
        "SD2neg": "42.49483201",
        "SD3": "89.85237514",
        "SD3neg": "42.39483201"
    },
    {
        "L": "-1.817416335",
        "M": "54.99977846",
        "Month": "202",
        "S": "0.162485839",
        "SD0": "54.99977846",
        "SD1": "66.6799552",
        "SD1neg": "47.70131954",
        "SD2": "89.90309311",
        "SD2neg": "42.604393",
        "SD3": "90.00309311",
        "SD3neg": "42.504393"
    },
    {
        "L": "-1.828366707",
        "M": "55.09172217",
        "Month": "203",
        "S": "0.162101402",
        "SD0": "55.09172217",
        "SD1": "66.77023496",
        "SD1neg": "47.80010042",
        "SD2": "90.04803234",
        "SD2neg": "42.70933035",
        "SD3": "90.14803234",
        "SD3neg": "42.60933035"
    },
    {
        "L": "-1.838091576",
        "M": "55.18216811",
        "Month": "204",
        "S": "0.161752634",
        "SD0": "55.18216811",
        "SD1": "66.86022818",
        "SD1neg": "47.89575485",
        "SD2": "90.18732629",
        "SD2neg": "42.80976027",
        "SD3": "90.28732629",
        "SD3neg": "42.70976027"
    },
    {
        "L": "-1.846554015",
        "M": "55.271352",
        "Month": "205",
        "S": "0.161439944",
        "SD0": "55.271352",
        "SD1": "66.95024322",
        "SD1neg": "47.98845501",
        "SD2": "90.32110961",
        "SD2neg": "42.90580654",
        "SD3": "90.42110961",
        "SD3neg": "42.80580654"
    },
    {
        "L": "-1.853721704",
        "M": "55.35950558",
        "Month": "206",
        "S": "0.161163623",
        "SD0": "55.35950558",
        "SD1": "67.04057565",
        "SD1neg": "48.07837553",
        "SD2": "90.44951822",
        "SD2neg": "42.99759986",
        "SD3": "90.54951822",
        "SD3neg": "42.89759986"
    },
    {
        "L": "-1.859567242",
        "M": "55.44685531",
        "Month": "207",
        "S": "0.160923833",
        "SD0": "55.44685531",
        "SD1": "67.13150656",
        "SD1neg": "48.16569259",
        "SD2": "90.57268977",
        "SD2neg": "43.08527707",
        "SD3": "90.67268977",
        "SD3neg": "42.98527707"
    },
    {
        "L": "-1.864068443",
        "M": "55.53362107",
        "Month": "208",
        "S": "0.160720609",
        "SD0": "55.53362107",
        "SD1": "67.22330062",
        "SD1neg": "48.25058287",
        "SD2": "90.69076365",
        "SD2neg": "43.16898033",
        "SD3": "90.79076365",
        "SD3neg": "43.06898033"
    },
    {
        "L": "-1.86720861",
        "M": "55.62001464",
        "Month": "209",
        "S": "0.16055385",
        "SD0": "55.62001464",
        "SD1": "67.31620429",
        "SD1neg": "48.33322244",
        "SD2": "90.80388124",
        "SD2neg": "43.24885629",
        "SD3": "90.90388124",
        "SD3neg": "43.14885629"
    },
    {
        "L": "-1.8689768",
        "M": "55.70623826",
        "Month": "210",
        "S": "0.160423319",
        "SD0": "55.70623826",
        "SD1": "67.41044379",
        "SD1neg": "48.41378561",
        "SD2": "90.91218603",
        "SD2neg": "43.32505513",
        "SD3": "91.01218603",
        "SD3neg": "43.22505513"
    },
    {
        "L": "-1.869371157",
        "M": "55.79247939",
        "Month": "211",
        "S": "0.160328578",
        "SD0": "55.79247939",
        "SD1": "67.50621722",
        "SD1neg": "48.49244423",
        "SD2": "91.0158367",
        "SD2neg": "43.39773387",
        "SD3": "91.1158367",
        "SD3neg": "43.29773387"
    },
    {
        "L": "-1.868386498",
        "M": "55.87892356",
        "Month": "212",
        "S": "0.160269232",
        "SD0": "55.87892356",
        "SD1": "67.60371685",
        "SD1neg": "48.56936412",
        "SD2": "91.11495346",
        "SD2neg": "43.46703812",
        "SD3": "91.21495346",
        "SD3neg": "43.36703812"
    },
    {
        "L": "-1.866033924",
        "M": "55.96573022",
        "Month": "213",
        "S": "0.160244549",
        "SD0": "55.96573022",
        "SD1": "67.70308964",
        "SD1neg": "48.64470709",
        "SD2": "91.20970006",
        "SD2neg": "43.53312745",
        "SD3": "91.30970006",
        "SD3neg": "43.43312745"
    },
    {
        "L": "-1.862327775",
        "M": "56.05304601",
        "Month": "214",
        "S": "0.160253714",
        "SD0": "56.05304601",
        "SD1": "67.80446062",
        "SD1neg": "48.71862712",
        "SD2": "91.3002274",
        "SD2neg": "43.59615631",
        "SD3": "91.4002274",
        "SD3neg": "43.49615631"
    },
    {
        "L": "-1.857289195",
        "M": "56.14099882",
        "Month": "215",
        "S": "0.160295765",
        "SD0": "56.14099882",
        "SD1": "67.90792419",
        "SD1neg": "48.79126935",
        "SD2": "91.38668755",
        "SD2neg": "43.65627747",
        "SD3": "91.48668755",
        "SD3neg": "43.55627747"
    },
    {
        "L": "-1.850946286",
        "M": "56.22969564",
        "Month": "216",
        "S": "0.16036959",
        "SD0": "56.22969564",
        "SD1": "68.01354196",
        "SD1neg": "48.86276841",
        "SD2": "91.46923324",
        "SD2neg": "43.71364084",
        "SD3": "91.56923324",
        "SD3neg": "43.61364084"
    },
    {
        "L": "-1.84333425",
        "M": "56.3192203",
        "Month": "217",
        "S": "0.16047393",
        "SD0": "56.3192203",
        "SD1": "68.12134044",
        "SD1neg": "48.93324668",
        "SD2": "91.54801696",
        "SD2neg": "43.76839226",
        "SD3": "91.64801696",
        "SD3neg": "43.66839226"
    },
    {
        "L": "-1.834495505",
        "M": "56.40963105",
        "Month": "218",
        "S": "0.160607377",
        "SD0": "56.40963105",
        "SD1": "68.23130889",
        "SD1neg": "49.00281236",
        "SD2": "91.62319057",
        "SD2neg": "43.82067216",
        "SD3": "91.72319057",
        "SD3neg": "43.72067216"
    },
    {
        "L": "-1.824479785",
        "M": "56.50095811",
        "Month": "219",
        "S": "0.16076838",
        "SD0": "56.50095811",
        "SD1": "68.343397",
        "SD1neg": "49.07155756",
        "SD2": "91.69490389",
        "SD2neg": "43.87061424",
        "SD3": "91.79490389",
        "SD3neg": "43.77061424"
    },
    {
        "L": "-1.813344222",
        "M": "56.59320107",
        "Month": "220",
        "S": "0.160955249",
        "SD0": "56.59320107",
        "SD1": "68.45751272",
        "SD1neg": "49.13955615",
        "SD2": "91.76330413",
        "SD2neg": "43.91834401",
        "SD3": "91.86330413",
        "SD3neg": "43.81834401"
    },
    {
        "L": "-1.801153404",
        "M": "56.68632619",
        "Month": "221",
        "S": "0.161166157",
        "SD0": "56.68632619",
        "SD1": "68.57352007",
        "SD1neg": "49.20686167",
        "SD2": "91.82853451",
        "SD2neg": "43.96397733",
        "SD3": "91.92853451",
        "SD3neg": "43.86397733"
    },
    {
        "L": "-1.787979408",
        "M": "56.78026364",
        "Month": "222",
        "S": "0.161399151",
        "SD0": "56.78026364",
        "SD1": "68.69123689",
        "SD1neg": "49.27350492",
        "SD2": "91.89073291",
        "SD2neg": "44.00761877",
        "SD3": "91.99073291",
        "SD3neg": "43.90761877"
    },
    {
        "L": "-1.773901816",
        "M": "56.87490465",
        "Month": "223",
        "S": "0.161652158",
        "SD0": "56.87490465",
        "SD1": "68.81043287",
        "SD1neg": "49.33949162",
        "SD2": "91.95003089",
        "SD2neg": "44.04935994",
        "SD3": "92.05003089",
        "SD3neg": "43.94935994"
    },
    {
        "L": "-1.759007704",
        "M": "56.97009856",
        "Month": "224",
        "S": "0.161922998",
        "SD0": "56.97009856",
        "SD1": "68.9308274",
        "SD1neg": "49.40479987",
        "SD2": "92.00655206",
        "SD2neg": "44.08927765",
        "SD3": "92.10655206",
        "SD3neg": "43.98927765"
    },
    {
        "L": "-1.743391606",
        "M": "57.06564989",
        "Month": "225",
        "S": "0.162209399",
        "SD0": "57.06564989",
        "SD1": "69.05208766",
        "SD1neg": "49.46937746",
        "SD2": "92.06041072",
        "SD2neg": "44.12743205",
        "SD3": "92.16041072",
        "SD3neg": "44.02743205"
    },
    {
        "L": "-1.72715546",
        "M": "57.16131528",
        "Month": "226",
        "S": "0.162509006",
        "SD0": "57.16131528",
        "SD1": "69.17382679",
        "SD1neg": "49.53313914",
        "SD2": "92.11171074",
        "SD2neg": "44.16386444",
        "SD3": "92.21171074",
        "SD3neg": "44.06386444"
    },
    {
        "L": "-1.710410733",
        "M": "57.25679821",
        "Month": "227",
        "S": "0.162819353",
        "SD0": "57.25679821",
        "SD1": "69.29559763",
        "SD1neg": "49.59596479",
        "SD2": "92.16055016",
        "SD2neg": "44.19859916",
        "SD3": "92.26055016",
        "SD3neg": "44.09859916"
    },
    {
        "L": "-1.693267093",
        "M": "57.35175792",
        "Month": "228",
        "S": "0.163138124",
        "SD0": "57.35175792",
        "SD1": "69.41691302",
        "SD1neg": "49.65769208",
        "SD2": "92.20698375",
        "SD2neg": "44.23162211",
        "SD3": "92.30698375",
        "SD3neg": "44.13162211"
    },
    {
        "L": "-1.67585442",
        "M": "57.44578172",
        "Month": "229",
        "S": "0.163462715",
        "SD0": "57.44578172",
        "SD1": "69.53720167",
        "SD1neg": "49.71812027",
        "SD2": "92.25110055",
        "SD2neg": "44.26291371",
        "SD3": "92.35110055",
        "SD3neg": "44.16291371"
    },
    {
        "L": "-1.658302847",
        "M": "57.53840429",
        "Month": "230",
        "S": "0.163790683",
        "SD0": "57.53840429",
        "SD1": "69.65584667",
        "SD1neg": "49.77700046",
        "SD2": "92.29295912",
        "SD2neg": "44.29241377",
        "SD3": "92.39295912",
        "SD3neg": "44.19241377"
    },
    {
        "L": "-1.640747464",
        "M": "57.62910094",
        "Month": "231",
        "S": "0.164119574",
        "SD0": "57.62910094",
        "SD1": "69.77216753",
        "SD1neg": "49.83403899",
        "SD2": "92.33256852",
        "SD2neg": "44.32003288",
        "SD3": "92.43256852",
        "SD3neg": "44.22003288"
    },
    {
        "L": "-1.623332891",
        "M": "57.7172758",
        "Month": "232",
        "S": "0.164446997",
        "SD0": "57.7172758",
        "SD1": "69.88541948",
        "SD1neg": "49.88888682",
        "SD2": "92.36995809",
        "SD2neg": "44.34564601",
        "SD3": "92.46995809",
        "SD3neg": "44.24564601"
    },
    {
        "L": "-1.606209374",
        "M": "57.80226553",
        "Month": "233",
        "S": "0.164770638",
        "SD0": "57.80226553",
        "SD1": "69.99479362",
        "SD1neg": "49.94114052",
        "SD2": "92.40513204",
        "SD2neg": "44.36909005",
        "SD3": "92.50513204",
        "SD3neg": "44.26909005"
    },
    {
        "L": "-1.589533346",
        "M": "57.88333502",
        "Month": "234",
        "S": "0.165088289",
        "SD0": "57.88333502",
        "SD1": "70.09941558",
        "SD1neg": "49.99033765",
        "SD2": "92.43808042",
        "SD2neg": "44.39015972",
        "SD3": "92.53808042",
        "SD3neg": "44.29015972"
    },
    {
        "L": "-1.573467222",
        "M": "57.95967458",
        "Month": "235",
        "S": "0.165397881",
        "SD0": "57.95967458",
        "SD1": "70.19834426",
        "SD1neg": "50.03595308",
        "SD2": "92.46878095",
        "SD2neg": "44.40860358",
        "SD3": "92.56878095",
        "SD3neg": "44.30860358"
    },
    {
        "L": "-1.558179166",
        "M": "58.0303973",
        "Month": "236",
        "S": "0.165697507",
        "SD0": "58.0303973",
        "SD1": "70.29057065",
        "SD1neg": "50.07739539",
        "SD2": "92.49720137",
        "SD2neg": "44.42411982",
        "SD3": "92.59720137",
        "SD3neg": "44.32411982"
    },
    {
        "L": "-1.543846192",
        "M": "58.09453209",
        "Month": "237",
        "S": "0.165985386",
        "SD0": "58.09453209",
        "SD1": "70.37501016",
        "SD1neg": "50.11400366",
        "SD2": "92.52331511",
        "SD2neg": "44.43635686",
        "SD3": "92.62331511",
        "SD3neg": "44.33635686"
    },
    {
        "L": "-1.530642461",
        "M": "58.15103575",
        "Month": "238",
        "S": "0.166260109",
        "SD0": "58.15103575",
        "SD1": "70.45052296",
        "SD1neg": "50.14504185",
        "SD2": "92.54706323",
        "SD2neg": "44.44489097",
        "SD3": "92.64706323",
        "SD3neg": "44.34489097"
    },
    {
        "L": "-1.518754013",
        "M": "58.1987714",
        "Month": "239",
        "S": "0.16652037",
        "SD0": "58.1987714",
        "SD1": "70.51588383",
        "SD1neg": "50.16969757",
        "SD2": "92.56841579",
        "SD2neg": "44.44924423",
        "SD3": "92.66841579",
        "SD3neg": "44.34924423"
    },
    {
        "L": "-1.51336185",
        "M": "58.21897289",
        "Month": "240",
        "S": "0.166644749",
        "SD0": "58.23651745",
        "SD1": "70.56979731",
        "SD1neg": "50.18707687",
        "SD2": "92.58734543",
        "SD2neg": "44.44886549",
        "SD3": "92.68734543",
        "SD3neg": "44.34886549"
    }
]
