[{"Week": "0", "SD1neg": "2.8", "SD0": "3.2", "SD1": "3.7", "SD2": "4.2", "SD3": "4.8", "SD3neg": "2.0", "M": "3.2322", "L": "0.3809", "S": "0.14171", "SD2neg": "2.4"}, {"Week": "1", "SD1neg": "2.9", "SD0": "3.3", "SD1": "3.9", "SD2": "4.4", "SD3": "5.1", "SD3neg": "2.1", "M": "3.3388", "L": "0.2671", "S": "0.14600", "SD2neg": "2.5"}, {"Week": "2", "SD1neg": "3.1", "SD0": "3.6", "SD1": "4.1", "SD2": "4.7", "SD3": "5.4", "SD3neg": "2.3", "M": "3.5693", "L": "0.2304", "S": "0.14339", "SD2neg": "2.7"}, {"Week": "3", "SD1neg": "3.3", "SD0": "3.8", "SD1": "4.4", "SD2": "5.0", "SD3": "5.7", "SD3neg": "2.5", "M": "3.8352", "L": "0.2024", "S": "0.14060", "SD2neg": "2.9"}, {"Week": "4", "SD1neg": "3.6", "SD0": "4.1", "SD1": "4.7", "SD2": "5.4", "SD3": "6.1", "SD3neg": "2.7", "M": "4.0987", "L": "0.1789", "S": "0.13805", "SD2neg": "3.1"}, {"Week": "5", "SD1neg": "3.8", "SD0": "4.3", "SD1": "5.0", "SD2": "5.7", "SD3": "6.5", "SD3neg": "2.9", "M": "4.3476", "L": "0.1582", "S": "0.13583", "SD2neg": "3.3"}, {"Week": "6", "SD1neg": "4.0", "SD0": "4.6", "SD1": "5.2", "SD2": "6.0", "SD3": "6.8", "SD3neg": "3.0", "M": "4.5793", "L": "0.1395", "S": "0.13392", "SD2neg": "3.5"}, {"Week": "7", "SD1neg": "4.2", "SD0": "4.8", "SD1": "5.5", "SD2": "6.2", "SD3": "7.1", "SD3neg": "3.2", "M": "4.7950", "L": "0.1224", "S": "0.13228", "SD2neg": "3.7"}, {"Week": "8", "SD1neg": "4.4", "SD0": "5.0", "SD1": "5.7", "SD2": "6.5", "SD3": "7.3", "SD3neg": "3.3", "M": "4.9959", "L": "0.1065", "S": "0.13087", "SD2neg": "3.8"}, {"Week": "9", "SD1neg": "4.6", "SD0": "5.2", "SD1": "5.9", "SD2": "6.7", "SD3": "7.6", "SD3neg": "3.5", "M": "5.1842", "L": "0.0918", "S": "0.12966", "SD2neg": "4.0"}, {"Week": "10", "SD1neg": "4.7", "SD0": "5.4", "SD1": "6.1", "SD2": "6.9", "SD3": "7.8", "SD3neg": "3.6", "M": "5.3618", "L": "0.0779", "S": "0.12861", "SD2neg": "4.1"}, {"Week": "11", "SD1neg": "4.9", "SD0": "5.5", "SD1": "6.3", "SD2": "7.1", "SD3": "8.1", "SD3neg": "3.8", "M": "5.5295", "L": "0.0648", "S": "0.12770", "SD2neg": "4.3"}, {"Week": "12", "SD1neg": "5.0", "SD0": "5.7", "SD1": "6.5", "SD2": "7.3", "SD3": "8.3", "SD3neg": "3.9", "M": "5.6883", "L": "0.0525", "S": "0.12691", "SD2neg": "4.4"}, {"Week": "13", "SD1neg": "5.1", "SD0": "5.8", "SD1": "6.6", "SD2": "7.5", "SD3": "8.5", "SD3neg": "4.0", "M": "5.8393", "L": "0.0407", "S": "0.12622", "SD2neg": "4.5"}]