[{
		"Length":"45",
		"L":"-0.3521",
		"M":"2.441",
		"S":"0.09182",
		"SD3neg":"1.9",
		"SD2neg":"2",
		"SD1neg":"2.2",
		"SD0":"2.4",
		"SD1":"2.7",
		"SD2":"3",
		"SD3":"3.3"
	},
	{
		"Length":"45.5",
		"L":"-0.3521",
		"M":"2.5244",
		"S":"0.09153",
		"SD3neg":"1.9",
		"SD2neg":"2.1",
		"SD1neg":"2.3",
		"SD0":"2.5",
		"SD1":"2.8",
		"SD2":"3.1",
		"SD3":"3.4"
	},
	{
		"Length":"46",
		"L":"-0.3521",
		"M":"2.6077",
		"S":"0.09124",
		"SD3neg":"2",
		"SD2neg":"2.2",
		"SD1neg":"2.4",
		"SD0":"2.6",
		"SD1":"2.9",
		"SD2":"3.1",
		"SD3":"3.5"
	},
	{
		"Length":"46.5",
		"L":"-0.3521",
		"M":"2.6913",
		"S":"0.09094",
		"SD3neg":"2.1",
		"SD2neg":"2.3",
		"SD1neg":"2.5",
		"SD0":"2.7",
		"SD1":"3",
		"SD2":"3.2",
		"SD3":"3.6"
	},
	{
		"Length":"47",
		"L":"-0.3521",
		"M":"2.7755",
		"S":"0.09065",
		"SD3neg":"2.1",
		"SD2neg":"2.3",
		"SD1neg":"2.5",
		"SD0":"2.8",
		"SD1":"3",
		"SD2":"3.3",
		"SD3":"3.7"
	},
	{
		"Length":"47.5",
		"L":"-0.3521",
		"M":"2.8609",
		"S":"0.09036",
		"SD3neg":"2.2",
		"SD2neg":"2.4",
		"SD1neg":"2.6",
		"SD0":"2.9",
		"SD1":"3.1",
		"SD2":"3.4",
		"SD3":"3.8"
	},
	{
		"Length":"48",
		"L":"-0.3521",
		"M":"2.948",
		"S":"0.09007",
		"SD3neg":"2.3",
		"SD2neg":"2.5",
		"SD1neg":"2.7",
		"SD0":"2.9",
		"SD1":"3.2",
		"SD2":"3.6",
		"SD3":"3.9"
	},
	{
		"Length":"48.5",
		"L":"-0.3521",
		"M":"3.0377",
		"S":"0.08977",
		"SD3neg":"2.3",
		"SD2neg":"2.6",
		"SD1neg":"2.8",
		"SD0":"3",
		"SD1":"3.3",
		"SD2":"3.7",
		"SD3":"4"
	},
	{
		"Length":"49",
		"L":"-0.3521",
		"M":"3.1308",
		"S":"0.08948",
		"SD3neg":"2.4",
		"SD2neg":"2.6",
		"SD1neg":"2.9",
		"SD0":"3.1",
		"SD1":"3.4",
		"SD2":"3.8",
		"SD3":"4.2"
	},
	{
		"Length":"49.5",
		"L":"-0.3521",
		"M":"3.2276",
		"S":"0.08919",
		"SD3neg":"2.5",
		"SD2neg":"2.7",
		"SD1neg":"3",
		"SD0":"3.2",
		"SD1":"3.5",
		"SD2":"3.9",
		"SD3":"4.3"
	},
	{
		"Length":"50",
		"L":"-0.3521",
		"M":"3.3278",
		"S":"0.0889",
		"SD3neg":"2.6",
		"SD2neg":"2.8",
		"SD1neg":"3",
		"SD0":"3.3",
		"SD1":"3.6",
		"SD2":"4",
		"SD3":"4.4"
	},
	{
		"Length":"50.5",
		"L":"-0.3521",
		"M":"3.4311",
		"S":"0.08861",
		"SD3neg":"2.7",
		"SD2neg":"2.9",
		"SD1neg":"3.1",
		"SD0":"3.4",
		"SD1":"3.8",
		"SD2":"4.1",
		"SD3":"4.5"
	},
	{
		"Length":"51",
		"L":"-0.3521",
		"M":"3.5376",
		"S":"0.08831",
		"SD3neg":"2.7",
		"SD2neg":"3",
		"SD1neg":"3.2",
		"SD0":"3.5",
		"SD1":"3.9",
		"SD2":"4.2",
		"SD3":"4.7"
	},
	{
		"Length":"51.5",
		"L":"-0.3521",
		"M":"3.6477",
		"S":"0.08801",
		"SD3neg":"2.8",
		"SD2neg":"3.1",
		"SD1neg":"3.3",
		"SD0":"3.6",
		"SD1":"4",
		"SD2":"4.4",
		"SD3":"4.8"
	},
	{
		"Length":"52",
		"L":"-0.3521",
		"M":"3.762",
		"S":"0.08771",
		"SD3neg":"2.9",
		"SD2neg":"3.2",
		"SD1neg":"3.5",
		"SD0":"3.8",
		"SD1":"4.1",
		"SD2":"4.5",
		"SD3":"5"
	},
	{
		"Length":"52.5",
		"L":"-0.3521",
		"M":"3.8814",
		"S":"0.08741",
		"SD3neg":"3",
		"SD2neg":"3.3",
		"SD1neg":"3.6",
		"SD0":"3.9",
		"SD1":"4.2",
		"SD2":"4.6",
		"SD3":"5.1"
	},
	{
		"Length":"53",
		"L":"-0.3521",
		"M":"4.006",
		"S":"0.08711",
		"SD3neg":"3.1",
		"SD2neg":"3.4",
		"SD1neg":"3.7",
		"SD0":"4",
		"SD1":"4.4",
		"SD2":"4.8",
		"SD3":"5.3"
	},
	{
		"Length":"53.5",
		"L":"-0.3521",
		"M":"4.1354",
		"S":"0.08681",
		"SD3neg":"3.2",
		"SD2neg":"3.5",
		"SD1neg":"3.8",
		"SD0":"4.1",
		"SD1":"4.5",
		"SD2":"4.9",
		"SD3":"5.4"
	},
	{
		"Length":"54",
		"L":"-0.3521",
		"M":"4.2693",
		"S":"0.08651",
		"SD3neg":"3.3",
		"SD2neg":"3.6",
		"SD1neg":"3.9",
		"SD0":"4.3",
		"SD1":"4.7",
		"SD2":"5.1",
		"SD3":"5.6"
	},
	{
		"Length":"54.5",
		"L":"-0.3521",
		"M":"4.4066",
		"S":"0.08621",
		"SD3neg":"3.4",
		"SD2neg":"3.7",
		"SD1neg":"4",
		"SD0":"4.4",
		"SD1":"4.8",
		"SD2":"5.3",
		"SD3":"5.8"
	},
	{
		"Length":"55",
		"L":"-0.3521",
		"M":"4.5467",
		"S":"0.08592",
		"SD3neg":"3.6",
		"SD2neg":"3.8",
		"SD1neg":"4.2",
		"SD0":"4.5",
		"SD1":"5",
		"SD2":"5.4",
		"SD3":"6"
	},
	{
		"Length":"55.5",
		"L":"-0.3521",
		"M":"4.6892",
		"S":"0.08563",
		"SD3neg":"3.7",
		"SD2neg":"4",
		"SD1neg":"4.3",
		"SD0":"4.7",
		"SD1":"5.1",
		"SD2":"5.6",
		"SD3":"6.1"
	},
	{
		"Length":"56",
		"L":"-0.3521",
		"M":"4.8338",
		"S":"0.08535",
		"SD3neg":"3.8",
		"SD2neg":"4.1",
		"SD1neg":"4.4",
		"SD0":"4.8",
		"SD1":"5.3",
		"SD2":"5.8",
		"SD3":"6.3"
	},
	{
		"Length":"56.5",
		"L":"-0.3521",
		"M":"4.9796",
		"S":"0.08507",
		"SD3neg":"3.9",
		"SD2neg":"4.2",
		"SD1neg":"4.6",
		"SD0":"5",
		"SD1":"5.4",
		"SD2":"5.9",
		"SD3":"6.5"
	},
	{
		"Length":"57",
		"L":"-0.3521",
		"M":"5.1259",
		"S":"0.08481",
		"SD3neg":"4",
		"SD2neg":"4.3",
		"SD1neg":"4.7",
		"SD0":"5.1",
		"SD1":"5.6",
		"SD2":"6.1",
		"SD3":"6.7"
	},
	{
		"Length":"57.5",
		"L":"-0.3521",
		"M":"5.2721",
		"S":"0.08455",
		"SD3neg":"4.1",
		"SD2neg":"4.5",
		"SD1neg":"4.9",
		"SD0":"5.3",
		"SD1":"5.7",
		"SD2":"6.3",
		"SD3":"6.9"
	},
	{
		"Length":"58",
		"L":"-0.3521",
		"M":"5.418",
		"S":"0.0843",
		"SD3neg":"4.3",
		"SD2neg":"4.6",
		"SD1neg":"5",
		"SD0":"5.4",
		"SD1":"5.9",
		"SD2":"6.4",
		"SD3":"7.1"
	},
	{
		"Length":"58.5",
		"L":"-0.3521",
		"M":"5.5632",
		"S":"0.08406",
		"SD3neg":"4.4",
		"SD2neg":"4.7",
		"SD1neg":"5.1",
		"SD0":"5.6",
		"SD1":"6.1",
		"SD2":"6.6",
		"SD3":"7.2"
	},
	{
		"Length":"59",
		"L":"-0.3521",
		"M":"5.7074",
		"S":"0.08383",
		"SD3neg":"4.5",
		"SD2neg":"4.8",
		"SD1neg":"5.3",
		"SD0":"5.7",
		"SD1":"6.2",
		"SD2":"6.8",
		"SD3":"7.4"
	},
	{
		"Length":"59.5",
		"L":"-0.3521",
		"M":"5.8501",
		"S":"0.08362",
		"SD3neg":"4.6",
		"SD2neg":"5",
		"SD1neg":"5.4",
		"SD0":"5.9",
		"SD1":"6.4",
		"SD2":"7",
		"SD3":"7.6"
	},
	{
		"Length":"60",
		"L":"-0.3521",
		"M":"5.9907",
		"S":"0.08342",
		"SD3neg":"4.7",
		"SD2neg":"5.1",
		"SD1neg":"5.5",
		"SD0":"6",
		"SD1":"6.5",
		"SD2":"7.1",
		"SD3":"7.8"
	},
	{
		"Length":"60.5",
		"L":"-0.3521",
		"M":"6.1284",
		"S":"0.08324",
		"SD3neg":"4.8",
		"SD2neg":"5.2",
		"SD1neg":"5.6",
		"SD0":"6.1",
		"SD1":"6.7",
		"SD2":"7.3",
		"SD3":"8"
	},
	{
		"Length":"61",
		"L":"-0.3521",
		"M":"6.2632",
		"S":"0.08308",
		"SD3neg":"4.9",
		"SD2neg":"5.3",
		"SD1neg":"5.8",
		"SD0":"6.3",
		"SD1":"6.8",
		"SD2":"7.4",
		"SD3":"8.1"
	},
	{
		"Length":"61.5",
		"L":"-0.3521",
		"M":"6.3954",
		"S":"0.08292",
		"SD3neg":"5",
		"SD2neg":"5.4",
		"SD1neg":"5.9",
		"SD0":"6.4",
		"SD1":"7",
		"SD2":"7.6",
		"SD3":"8.3"
	},
	{
		"Length":"62",
		"L":"-0.3521",
		"M":"6.5251",
		"S":"0.08279",
		"SD3neg":"5.1",
		"SD2neg":"5.6",
		"SD1neg":"6",
		"SD0":"6.5",
		"SD1":"7.1",
		"SD2":"7.7",
		"SD3":"8.5"
	},
	{
		"Length":"62.5",
		"L":"-0.3521",
		"M":"6.6527",
		"S":"0.08266",
		"SD3neg":"5.2",
		"SD2neg":"5.7",
		"SD1neg":"6.1",
		"SD0":"6.7",
		"SD1":"7.2",
		"SD2":"7.9",
		"SD3":"8.6"
	},
	{
		"Length":"63",
		"L":"-0.3521",
		"M":"6.7786",
		"S":"0.08255",
		"SD3neg":"5.3",
		"SD2neg":"5.8",
		"SD1neg":"6.2",
		"SD0":"6.8",
		"SD1":"7.4",
		"SD2":"8",
		"SD3":"8.8"
	},
	{
		"Length":"63.5",
		"L":"-0.3521",
		"M":"6.9028",
		"S":"0.08245",
		"SD3neg":"5.4",
		"SD2neg":"5.9",
		"SD1neg":"6.4",
		"SD0":"6.9",
		"SD1":"7.5",
		"SD2":"8.2",
		"SD3":"8.9"
	},
	{
		"Length":"64",
		"L":"-0.3521",
		"M":"7.0255",
		"S":"0.08236",
		"SD3neg":"5.5",
		"SD2neg":"6",
		"SD1neg":"6.5",
		"SD0":"7",
		"SD1":"7.6",
		"SD2":"8.3",
		"SD3":"9.1"
	},
	{
		"Length":"64.5",
		"L":"-0.3521",
		"M":"7.1467",
		"S":"0.08229",
		"SD3neg":"5.6",
		"SD2neg":"6.1",
		"SD1neg":"6.6",
		"SD0":"7.1",
		"SD1":"7.8",
		"SD2":"8.5",
		"SD3":"9.3"
	},
	{
		"Length":"65",
		"L":"-0.3521",
		"M":"7.2666",
		"S":"0.08223",
		"SD3neg":"5.7",
		"SD2neg":"6.2",
		"SD1neg":"6.7",
		"SD0":"7.3",
		"SD1":"7.9",
		"SD2":"8.6",
		"SD3":"9.4"
	},
	{
		"Length":"65.5",
		"L":"-0.3521",
		"M":"7.3854",
		"S":"0.08218",
		"SD3neg":"5.8",
		"SD2neg":"6.3",
		"SD1neg":"6.8",
		"SD0":"7.4",
		"SD1":"8",
		"SD2":"8.7",
		"SD3":"9.6"
	},
	{
		"Length":"66",
		"L":"-0.3521",
		"M":"7.5034",
		"S":"0.08215",
		"SD3neg":"5.9",
		"SD2neg":"6.4",
		"SD1neg":"6.9",
		"SD0":"7.5",
		"SD1":"8.2",
		"SD2":"8.9",
		"SD3":"9.7"
	},
	{
		"Length":"66.5",
		"L":"-0.3521",
		"M":"7.6206",
		"S":"0.08213",
		"SD3neg":"6",
		"SD2neg":"6.5",
		"SD1neg":"7",
		"SD0":"7.6",
		"SD1":"8.3",
		"SD2":"9",
		"SD3":"9.9"
	},
	{
		"Length":"67",
		"L":"-0.3521",
		"M":"7.737",
		"S":"0.08212",
		"SD3neg":"6.1",
		"SD2neg":"6.6",
		"SD1neg":"7.1",
		"SD0":"7.7",
		"SD1":"8.4",
		"SD2":"9.2",
		"SD3":"10"
	},
	{
		"Length":"67.5",
		"L":"-0.3521",
		"M":"7.8526",
		"S":"0.08212",
		"SD3neg":"6.2",
		"SD2neg":"6.7",
		"SD1neg":"7.2",
		"SD0":"7.9",
		"SD1":"8.5",
		"SD2":"9.3",
		"SD3":"10.2"
	},
	{
		"Length":"68",
		"L":"-0.3521",
		"M":"7.9674",
		"S":"0.08214",
		"SD3neg":"6.3",
		"SD2neg":"6.8",
		"SD1neg":"7.3",
		"SD0":"8",
		"SD1":"8.7",
		"SD2":"9.4",
		"SD3":"10.3"
	},
	{
		"Length":"68.5",
		"L":"-0.3521",
		"M":"8.0816",
		"S":"0.08216",
		"SD3neg":"6.4",
		"SD2neg":"6.9",
		"SD1neg":"7.5",
		"SD0":"8.1",
		"SD1":"8.8",
		"SD2":"9.6",
		"SD3":"10.5"
	},
	{
		"Length":"69",
		"L":"-0.3521",
		"M":"8.1955",
		"S":"0.08219",
		"SD3neg":"6.5",
		"SD2neg":"7",
		"SD1neg":"7.6",
		"SD0":"8.2",
		"SD1":"8.9",
		"SD2":"9.7",
		"SD3":"10.6"
	},
	{
		"Length":"69.5",
		"L":"-0.3521",
		"M":"8.3092",
		"S":"0.08224",
		"SD3neg":"6.6",
		"SD2neg":"7.1",
		"SD1neg":"7.7",
		"SD0":"8.3",
		"SD1":"9",
		"SD2":"9.8",
		"SD3":"10.8"
	},
	{
		"Length":"70",
		"L":"-0.3521",
		"M":"8.4227",
		"S":"0.08229",
		"SD3neg":"6.6",
		"SD2neg":"7.2",
		"SD1neg":"7.8",
		"SD0":"8.4",
		"SD1":"9.2",
		"SD2":"10",
		"SD3":"10.9"
	},
	{
		"Length":"70.5",
		"L":"-0.3521",
		"M":"8.5358",
		"S":"0.08235",
		"SD3neg":"6.7",
		"SD2neg":"7.3",
		"SD1neg":"7.9",
		"SD0":"8.5",
		"SD1":"9.3",
		"SD2":"10.1",
		"SD3":"11.1"
	},
	{
		"Length":"71",
		"L":"-0.3521",
		"M":"8.648",
		"S":"0.08241",
		"SD3neg":"6.8",
		"SD2neg":"7.4",
		"SD1neg":"8",
		"SD0":"8.6",
		"SD1":"9.4",
		"SD2":"10.2",
		"SD3":"11.2"
	},
	{
		"Length":"71.5",
		"L":"-0.3521",
		"M":"8.7594",
		"S":"0.08248",
		"SD3neg":"6.9",
		"SD2neg":"7.5",
		"SD1neg":"8.1",
		"SD0":"8.8",
		"SD1":"9.5",
		"SD2":"10.4",
		"SD3":"11.3"
	},
	{
		"Length":"72",
		"L":"-0.3521",
		"M":"8.8697",
		"S":"0.08254",
		"SD3neg":"7",
		"SD2neg":"7.6",
		"SD1neg":"8.2",
		"SD0":"8.9",
		"SD1":"9.6",
		"SD2":"10.5",
		"SD3":"11.5"
	},
	{
		"Length":"72.5",
		"L":"-0.3521",
		"M":"8.9788",
		"S":"0.08262",
		"SD3neg":"7.1",
		"SD2neg":"7.6",
		"SD1neg":"8.3",
		"SD0":"9",
		"SD1":"9.8",
		"SD2":"10.6",
		"SD3":"11.6"
	},
	{
		"Length":"73",
		"L":"-0.3521",
		"M":"9.0865",
		"S":"0.08269",
		"SD3neg":"7.2",
		"SD2neg":"7.7",
		"SD1neg":"8.4",
		"SD0":"9.1",
		"SD1":"9.9",
		"SD2":"10.8",
		"SD3":"11.8"
	},
	{
		"Length":"73.5",
		"L":"-0.3521",
		"M":"9.1927",
		"S":"0.08276",
		"SD3neg":"7.2",
		"SD2neg":"7.8",
		"SD1neg":"8.5",
		"SD0":"9.2",
		"SD1":"10",
		"SD2":"10.9",
		"SD3":"11.9"
	},
	{
		"Length":"74",
		"L":"-0.3521",
		"M":"9.2974",
		"S":"0.08283",
		"SD3neg":"7.3",
		"SD2neg":"7.9",
		"SD1neg":"8.6",
		"SD0":"9.3",
		"SD1":"10.1",
		"SD2":"11",
		"SD3":"12.1"
	},
	{
		"Length":"74.5",
		"L":"-0.3521",
		"M":"9.401",
		"S":"0.08289",
		"SD3neg":"7.4",
		"SD2neg":"8",
		"SD1neg":"8.7",
		"SD0":"9.4",
		"SD1":"10.2",
		"SD2":"11.2",
		"SD3":"12.2"
	},
	{
		"Length":"75",
		"L":"-0.3521",
		"M":"9.5032",
		"S":"0.08295",
		"SD3neg":"7.5",
		"SD2neg":"8.1",
		"SD1neg":"8.8",
		"SD0":"9.5",
		"SD1":"10.3",
		"SD2":"11.3",
		"SD3":"12.3"
	},
	{
		"Length":"75.5",
		"L":"-0.3521",
		"M":"9.6041",
		"S":"0.08301",
		"SD3neg":"7.6",
		"SD2neg":"8.2",
		"SD1neg":"8.8",
		"SD0":"9.6",
		"SD1":"10.4",
		"SD2":"11.4",
		"SD3":"12.5"
	},
	{
		"Length":"76",
		"L":"-0.3521",
		"M":"9.7033",
		"S":"0.08307",
		"SD3neg":"7.6",
		"SD2neg":"8.3",
		"SD1neg":"8.9",
		"SD0":"9.7",
		"SD1":"10.6",
		"SD2":"11.5",
		"SD3":"12.6"
	},
	{
		"Length":"76.5",
		"L":"-0.3521",
		"M":"9.8007",
		"S":"0.08311",
		"SD3neg":"7.7",
		"SD2neg":"8.3",
		"SD1neg":"9",
		"SD0":"9.8",
		"SD1":"10.7",
		"SD2":"11.6",
		"SD3":"12.7"
	},
	{
		"Length":"77",
		"L":"-0.3521",
		"M":"9.8963",
		"S":"0.08314",
		"SD3neg":"7.8",
		"SD2neg":"8.4",
		"SD1neg":"9.1",
		"SD0":"9.9",
		"SD1":"10.8",
		"SD2":"11.7",
		"SD3":"12.8"
	},
	{
		"Length":"77.5",
		"L":"-0.3521",
		"M":"9.9902",
		"S":"0.08317",
		"SD3neg":"7.9",
		"SD2neg":"8.5",
		"SD1neg":"9.2",
		"SD0":"10",
		"SD1":"10.9",
		"SD2":"11.9",
		"SD3":"13"
	},
	{
		"Length":"78",
		"L":"-0.3521",
		"M":"10.0827",
		"S":"0.08318",
		"SD3neg":"7.9",
		"SD2neg":"8.6",
		"SD1neg":"9.3",
		"SD0":"10.1",
		"SD1":"11",
		"SD2":"12",
		"SD3":"13.1"
	},
	{
		"Length":"78.5",
		"L":"-0.3521",
		"M":"10.1741",
		"S":"0.08318",
		"SD3neg":"8",
		"SD2neg":"8.7",
		"SD1neg":"9.4",
		"SD0":"10.2",
		"SD1":"11.1",
		"SD2":"12.1",
		"SD3":"13.2"
	},
	{
		"Length":"79",
		"L":"-0.3521",
		"M":"10.2649",
		"S":"0.08316",
		"SD3neg":"8.1",
		"SD2neg":"8.7",
		"SD1neg":"9.5",
		"SD0":"10.3",
		"SD1":"11.2",
		"SD2":"12.2",
		"SD3":"13.3"
	},
	{
		"Length":"79.5",
		"L":"-0.3521",
		"M":"10.3558",
		"S":"0.08313",
		"SD3neg":"8.2",
		"SD2neg":"8.8",
		"SD1neg":"9.5",
		"SD0":"10.4",
		"SD1":"11.3",
		"SD2":"12.3",
		"SD3":"13.4"
	},
	{
		"Length":"80",
		"L":"-0.3521",
		"M":"10.4475",
		"S":"0.08308",
		"SD3neg":"8.2",
		"SD2neg":"8.9",
		"SD1neg":"9.6",
		"SD0":"10.4",
		"SD1":"11.4",
		"SD2":"12.4",
		"SD3":"13.6"
	},
	{
		"Length":"80.5",
		"L":"-0.3521",
		"M":"10.5405",
		"S":"0.08301",
		"SD3neg":"8.3",
		"SD2neg":"9",
		"SD1neg":"9.7",
		"SD0":"10.5",
		"SD1":"11.5",
		"SD2":"12.5",
		"SD3":"13.7"
	},
	{
		"Length":"81",
		"L":"-0.3521",
		"M":"10.6352",
		"S":"0.08293",
		"SD3neg":"8.4",
		"SD2neg":"9.1",
		"SD1neg":"9.8",
		"SD0":"10.6",
		"SD1":"11.6",
		"SD2":"12.6",
		"SD3":"13.8"
	},
	{
		"Length":"81.5",
		"L":"-0.3521",
		"M":"10.7322",
		"S":"0.08284",
		"SD3neg":"8.5",
		"SD2neg":"9.1",
		"SD1neg":"9.9",
		"SD0":"10.7",
		"SD1":"11.7",
		"SD2":"12.7",
		"SD3":"13.9"
	},
	{
		"Length":"82",
		"L":"-0.3521",
		"M":"10.8321",
		"S":"0.08273",
		"SD3neg":"8.5",
		"SD2neg":"9.2",
		"SD1neg":"10",
		"SD0":"10.8",
		"SD1":"11.8",
		"SD2":"12.8",
		"SD3":"14"
	},
	{
		"Length":"82.5",
		"L":"-0.3521",
		"M":"10.935",
		"S":"0.0826",
		"SD3neg":"8.6",
		"SD2neg":"9.3",
		"SD1neg":"10.1",
		"SD0":"10.9",
		"SD1":"11.9",
		"SD2":"13",
		"SD3":"14.2"
	},
	{
		"Length":"83",
		"L":"-0.3521",
		"M":"11.0415",
		"S":"0.08246",
		"SD3neg":"8.7",
		"SD2neg":"9.4",
		"SD1neg":"10.2",
		"SD0":"11",
		"SD1":"12",
		"SD2":"13.1",
		"SD3":"14.3"
	},
	{
		"Length":"83.5",
		"L":"-0.3521",
		"M":"11.1516",
		"S":"0.08231",
		"SD3neg":"8.8",
		"SD2neg":"9.5",
		"SD1neg":"10.3",
		"SD0":"11.2",
		"SD1":"12.1",
		"SD2":"13.2",
		"SD3":"14.4"
	},
	{
		"Length":"84",
		"L":"-0.3521",
		"M":"11.2651",
		"S":"0.08215",
		"SD3neg":"8.9",
		"SD2neg":"9.6",
		"SD1neg":"10.4",
		"SD0":"11.3",
		"SD1":"12.2",
		"SD2":"13.3",
		"SD3":"14.6"
	},
	{
		"Length":"84.5",
		"L":"-0.3521",
		"M":"11.3817",
		"S":"0.08198",
		"SD3neg":"9",
		"SD2neg":"9.7",
		"SD1neg":"10.5",
		"SD0":"11.4",
		"SD1":"12.4",
		"SD2":"13.5",
		"SD3":"14.7"
	},
	{
		"Length":"85",
		"L":"-0.3521",
		"M":"11.5007",
		"S":"0.08181",
		"SD3neg":"9.1",
		"SD2neg":"9.8",
		"SD1neg":"10.6",
		"SD0":"11.5",
		"SD1":"12.5",
		"SD2":"13.6",
		"SD3":"14.9"
	},
	{
		"Length":"85.5",
		"L":"-0.3521",
		"M":"11.6218",
		"S":"0.08163",
		"SD3neg":"9.2",
		"SD2neg":"9.9",
		"SD1neg":"10.7",
		"SD0":"11.6",
		"SD1":"12.6",
		"SD2":"13.7",
		"SD3":"15"
	},
	{
		"Length":"86",
		"L":"-0.3521",
		"M":"11.7444",
		"S":"0.08145",
		"SD3neg":"9.3",
		"SD2neg":"10",
		"SD1neg":"10.8",
		"SD0":"11.7",
		"SD1":"12.8",
		"SD2":"13.9",
		"SD3":"15.2"
	},
	{
		"Length":"86.5",
		"L":"-0.3521",
		"M":"11.8678",
		"S":"0.08128",
		"SD3neg":"9.4",
		"SD2neg":"10.1",
		"SD1neg":"11",
		"SD0":"11.9",
		"SD1":"12.9",
		"SD2":"14",
		"SD3":"15.3"
	},
	{
		"Length":"87",
		"L":"-0.3521",
		"M":"11.9916",
		"S":"0.08111",
		"SD3neg":"9.5",
		"SD2neg":"10.2",
		"SD1neg":"11.1",
		"SD0":"12",
		"SD1":"13",
		"SD2":"14.2",
		"SD3":"15.5"
	},
	{
		"Length":"87.5",
		"L":"-0.3521",
		"M":"12.1152",
		"S":"0.08096",
		"SD3neg":"9.6",
		"SD2neg":"10.4",
		"SD1neg":"11.2",
		"SD0":"12.1",
		"SD1":"13.2",
		"SD2":"14.3",
		"SD3":"15.6"
	},
	{
		"Length":"88",
		"L":"-0.3521",
		"M":"12.2382",
		"S":"0.08082",
		"SD3neg":"9.7",
		"SD2neg":"10.5",
		"SD1neg":"11.3",
		"SD0":"12.2",
		"SD1":"13.3",
		"SD2":"14.5",
		"SD3":"15.8"
	},
	{
		"Length":"88.5",
		"L":"-0.3521",
		"M":"12.3603",
		"S":"0.08069",
		"SD3neg":"9.8",
		"SD2neg":"10.6",
		"SD1neg":"11.4",
		"SD0":"12.4",
		"SD1":"13.4",
		"SD2":"14.6",
		"SD3":"15.9"
	},
	{
		"Length":"89",
		"L":"-0.3521",
		"M":"12.4815",
		"S":"0.08058",
		"SD3neg":"9.9",
		"SD2neg":"10.7",
		"SD1neg":"11.5",
		"SD0":"12.5",
		"SD1":"13.5",
		"SD2":"14.7",
		"SD3":"16.1"
	},
	{
		"Length":"89.5",
		"L":"-0.3521",
		"M":"12.6017",
		"S":"0.08048",
		"SD3neg":"10",
		"SD2neg":"10.8",
		"SD1neg":"11.6",
		"SD0":"12.6",
		"SD1":"13.7",
		"SD2":"14.9",
		"SD3":"16.2"
	},
	{
		"Length":"90",
		"L":"-0.3521",
		"M":"12.7209",
		"S":"0.08041",
		"SD3neg":"10.1",
		"SD2neg":"10.9",
		"SD1neg":"11.8",
		"SD0":"12.7",
		"SD1":"13.8",
		"SD2":"15",
		"SD3":"16.4"
	},
	{
		"Length":"90.5",
		"L":"-0.3521",
		"M":"12.8392",
		"S":"0.08034",
		"SD3neg":"10.2",
		"SD2neg":"11",
		"SD1neg":"11.9",
		"SD0":"12.8",
		"SD1":"13.9",
		"SD2":"15.1",
		"SD3":"16.5"
	},
	{
		"Length":"91",
		"L":"-0.3521",
		"M":"12.9569",
		"S":"0.0803",
		"SD3neg":"10.3",
		"SD2neg":"11.1",
		"SD1neg":"12",
		"SD0":"13",
		"SD1":"14.1",
		"SD2":"15.3",
		"SD3":"16.7"
	},
	{
		"Length":"91.5",
		"L":"-0.3521",
		"M":"13.0742",
		"S":"0.08026",
		"SD3neg":"10.4",
		"SD2neg":"11.2",
		"SD1neg":"12.1",
		"SD0":"13.1",
		"SD1":"14.2",
		"SD2":"15.4",
		"SD3":"16.8"
	},
	{
		"Length":"92",
		"L":"-0.3521",
		"M":"13.191",
		"S":"0.08025",
		"SD3neg":"10.5",
		"SD2neg":"11.3",
		"SD1neg":"12.2",
		"SD0":"13.2",
		"SD1":"14.3",
		"SD2":"15.6",
		"SD3":"17"
	},
	{
		"Length":"92.5",
		"L":"-0.3521",
		"M":"13.3075",
		"S":"0.08025",
		"SD3neg":"10.6",
		"SD2neg":"11.4",
		"SD1neg":"12.3",
		"SD0":"13.3",
		"SD1":"14.4",
		"SD2":"15.7",
		"SD3":"17.1"
	},
	{
		"Length":"93",
		"L":"-0.3521",
		"M":"13.4239",
		"S":"0.08026",
		"SD3neg":"10.7",
		"SD2neg":"11.5",
		"SD1neg":"12.4",
		"SD0":"13.4",
		"SD1":"14.6",
		"SD2":"15.8",
		"SD3":"17.3"
	},
	{
		"Length":"93.5",
		"L":"-0.3521",
		"M":"13.5404",
		"S":"0.08029",
		"SD3neg":"10.7",
		"SD2neg":"11.6",
		"SD1neg":"12.5",
		"SD0":"13.5",
		"SD1":"14.7",
		"SD2":"16",
		"SD3":"17.4"
	},
	{
		"Length":"94",
		"L":"-0.3521",
		"M":"13.6572",
		"S":"0.08034",
		"SD3neg":"10.8",
		"SD2neg":"11.7",
		"SD1neg":"12.6",
		"SD0":"13.7",
		"SD1":"14.8",
		"SD2":"16.1",
		"SD3":"17.6"
	},
	{
		"Length":"94.5",
		"L":"-0.3521",
		"M":"13.7746",
		"S":"0.0804",
		"SD3neg":"10.9",
		"SD2neg":"11.8",
		"SD1neg":"12.7",
		"SD0":"13.8",
		"SD1":"14.9",
		"SD2":"16.3",
		"SD3":"17.7"
	},
	{
		"Length":"95",
		"L":"-0.3521",
		"M":"13.8928",
		"S":"0.08047",
		"SD3neg":"11",
		"SD2neg":"11.9",
		"SD1neg":"12.8",
		"SD0":"13.9",
		"SD1":"15.1",
		"SD2":"16.4",
		"SD3":"17.9"
	},
	{
		"Length":"95.5",
		"L":"-0.3521",
		"M":"14.012",
		"S":"0.08056",
		"SD3neg":"11.1",
		"SD2neg":"12",
		"SD1neg":"12.9",
		"SD0":"14",
		"SD1":"15.2",
		"SD2":"16.5",
		"SD3":"18"
	},
	{
		"Length":"96",
		"L":"-0.3521",
		"M":"14.1325",
		"S":"0.08067",
		"SD3neg":"11.2",
		"SD2neg":"12.1",
		"SD1neg":"13.1",
		"SD0":"14.1",
		"SD1":"15.3",
		"SD2":"16.7",
		"SD3":"18.2"
	},
	{
		"Length":"96.5",
		"L":"-0.3521",
		"M":"14.2544",
		"S":"0.08078",
		"SD3neg":"11.3",
		"SD2neg":"12.2",
		"SD1neg":"13.2",
		"SD0":"14.3",
		"SD1":"15.5",
		"SD2":"16.8",
		"SD3":"18.4"
	},
	{
		"Length":"97",
		"L":"-0.3521",
		"M":"14.3782",
		"S":"0.08092",
		"SD3neg":"11.4",
		"SD2neg":"12.3",
		"SD1neg":"13.3",
		"SD0":"14.4",
		"SD1":"15.6",
		"SD2":"17",
		"SD3":"18.5"
	},
	{
		"Length":"97.5",
		"L":"-0.3521",
		"M":"14.5038",
		"S":"0.08106",
		"SD3neg":"11.5",
		"SD2neg":"12.4",
		"SD1neg":"13.4",
		"SD0":"14.5",
		"SD1":"15.7",
		"SD2":"17.1",
		"SD3":"18.7"
	},
	{
		"Length":"98",
		"L":"-0.3521",
		"M":"14.6316",
		"S":"0.08122",
		"SD3neg":"11.6",
		"SD2neg":"12.5",
		"SD1neg":"13.5",
		"SD0":"14.6",
		"SD1":"15.9",
		"SD2":"17.3",
		"SD3":"18.9"
	},
	{
		"Length":"98.5",
		"L":"-0.3521",
		"M":"14.7614",
		"S":"0.08139",
		"SD3neg":"11.7",
		"SD2neg":"12.6",
		"SD1neg":"13.6",
		"SD0":"14.8",
		"SD1":"16",
		"SD2":"17.5",
		"SD3":"19.1"
	},
	{
		"Length":"99",
		"L":"-0.3521",
		"M":"14.8934",
		"S":"0.08157",
		"SD3neg":"11.8",
		"SD2neg":"12.7",
		"SD1neg":"13.7",
		"SD0":"14.9",
		"SD1":"16.2",
		"SD2":"17.6",
		"SD3":"19.2"
	},
	{
		"Length":"99.5",
		"L":"-0.3521",
		"M":"15.0275",
		"S":"0.08177",
		"SD3neg":"11.9",
		"SD2neg":"12.8",
		"SD1neg":"13.9",
		"SD0":"15",
		"SD1":"16.3",
		"SD2":"17.8",
		"SD3":"19.4"
	},
	{
		"Length":"100",
		"L":"-0.3521",
		"M":"15.1637",
		"S":"0.08198",
		"SD3neg":"12",
		"SD2neg":"12.9",
		"SD1neg":"14",
		"SD0":"15.2",
		"SD1":"16.5",
		"SD2":"18",
		"SD3":"19.6"
	},
	{
		"Length":"100.5",
		"L":"-0.3521",
		"M":"15.3018",
		"S":"0.0822",
		"SD3neg":"12.1",
		"SD2neg":"13",
		"SD1neg":"14.1",
		"SD0":"15.3",
		"SD1":"16.6",
		"SD2":"18.1",
		"SD3":"19.8"
	},
	{
		"Length":"101",
		"L":"-0.3521",
		"M":"15.4419",
		"S":"0.08243",
		"SD3neg":"12.2",
		"SD2neg":"13.2",
		"SD1neg":"14.2",
		"SD0":"15.4",
		"SD1":"16.8",
		"SD2":"18.3",
		"SD3":"20"
	},
	{
		"Length":"101.5",
		"L":"-0.3521",
		"M":"15.5838",
		"S":"0.08267",
		"SD3neg":"12.3",
		"SD2neg":"13.3",
		"SD1neg":"14.4",
		"SD0":"15.6",
		"SD1":"16.9",
		"SD2":"18.5",
		"SD3":"20.2"
	},
	{
		"Length":"102",
		"L":"-0.3521",
		"M":"15.7276",
		"S":"0.08292",
		"SD3neg":"12.4",
		"SD2neg":"13.4",
		"SD1neg":"14.5",
		"SD0":"15.7",
		"SD1":"17.1",
		"SD2":"18.7",
		"SD3":"20.4"
	},
	{
		"Length":"102.5",
		"L":"-0.3521",
		"M":"15.8732",
		"S":"0.08317",
		"SD3neg":"12.5",
		"SD2neg":"13.5",
		"SD1neg":"14.6",
		"SD0":"15.9",
		"SD1":"17.3",
		"SD2":"18.8",
		"SD3":"20.6"
	},
	{
		"Length":"103",
		"L":"-0.3521",
		"M":"16.0206",
		"S":"0.08343",
		"SD3neg":"12.6",
		"SD2neg":"13.6",
		"SD1neg":"14.8",
		"SD0":"16",
		"SD1":"17.4",
		"SD2":"19",
		"SD3":"20.8"
	},
	{
		"Length":"103.5",
		"L":"-0.3521",
		"M":"16.1697",
		"S":"0.0837",
		"SD3neg":"12.7",
		"SD2neg":"13.7",
		"SD1neg":"14.9",
		"SD0":"16.2",
		"SD1":"17.6",
		"SD2":"19.2",
		"SD3":"21"
	},
	{
		"Length":"104",
		"L":"-0.3521",
		"M":"16.3204",
		"S":"0.08397",
		"SD3neg":"12.8",
		"SD2neg":"13.9",
		"SD1neg":"15",
		"SD0":"16.3",
		"SD1":"17.8",
		"SD2":"19.4",
		"SD3":"21.2"
	},
	{
		"Length":"104.5",
		"L":"-0.3521",
		"M":"16.4728",
		"S":"0.08425",
		"SD3neg":"12.9",
		"SD2neg":"14",
		"SD1neg":"15.2",
		"SD0":"16.5",
		"SD1":"17.9",
		"SD2":"19.6",
		"SD3":"21.5"
	},
	{
		"Length":"105",
		"L":"-0.3521",
		"M":"16.6268",
		"S":"0.08453",
		"SD3neg":"13",
		"SD2neg":"14.1",
		"SD1neg":"15.3",
		"SD0":"16.6",
		"SD1":"18.1",
		"SD2":"19.8",
		"SD3":"21.7"
	},
	{
		"Length":"105.5",
		"L":"-0.3521",
		"M":"16.7826",
		"S":"0.08481",
		"SD3neg":"13.2",
		"SD2neg":"14.2",
		"SD1neg":"15.4",
		"SD0":"16.8",
		"SD1":"18.3",
		"SD2":"20",
		"SD3":"21.9"
	},
	{
		"Length":"106",
		"L":"-0.3521",
		"M":"16.9401",
		"S":"0.0851",
		"SD3neg":"13.3",
		"SD2neg":"14.4",
		"SD1neg":"15.6",
		"SD0":"16.9",
		"SD1":"18.5",
		"SD2":"20.2",
		"SD3":"22.1"
	},
	{
		"Length":"106.5",
		"L":"-0.3521",
		"M":"17.0995",
		"S":"0.08539",
		"SD3neg":"13.4",
		"SD2neg":"14.5",
		"SD1neg":"15.7",
		"SD0":"17.1",
		"SD1":"18.6",
		"SD2":"20.4",
		"SD3":"22.4"
	},
	{
		"Length":"107",
		"L":"-0.3521",
		"M":"17.2607",
		"S":"0.08568",
		"SD3neg":"13.5",
		"SD2neg":"14.6",
		"SD1neg":"15.9",
		"SD0":"17.3",
		"SD1":"18.8",
		"SD2":"20.6",
		"SD3":"22.6"
	},
	{
		"Length":"107.5",
		"L":"-0.3521",
		"M":"17.4237",
		"S":"0.08599",
		"SD3neg":"13.6",
		"SD2neg":"14.7",
		"SD1neg":"16",
		"SD0":"17.4",
		"SD1":"19",
		"SD2":"20.8",
		"SD3":"22.8"
	},
	{
		"Length":"108",
		"L":"-0.3521",
		"M":"17.5885",
		"S":"0.08629",
		"SD3neg":"13.7",
		"SD2neg":"14.9",
		"SD1neg":"16.2",
		"SD0":"17.6",
		"SD1":"19.2",
		"SD2":"21",
		"SD3":"23.1"
	},
	{
		"Length":"108.5",
		"L":"-0.3521",
		"M":"17.7553",
		"S":"0.0866",
		"SD3neg":"13.8",
		"SD2neg":"15",
		"SD1neg":"16.3",
		"SD0":"17.8",
		"SD1":"19.4",
		"SD2":"21.2",
		"SD3":"23.3"
	},
	{
		"Length":"109",
		"L":"-0.3521",
		"M":"17.9242",
		"S":"0.08691",
		"SD3neg":"14",
		"SD2neg":"15.1",
		"SD1neg":"16.5",
		"SD0":"17.9",
		"SD1":"19.6",
		"SD2":"21.4",
		"SD3":"23.6"
	},
	{
		"Length":"109.5",
		"L":"-0.3521",
		"M":"18.0954",
		"S":"0.08723",
		"SD3neg":"14.1",
		"SD2neg":"15.3",
		"SD1neg":"16.6",
		"SD0":"18.1",
		"SD1":"19.8",
		"SD2":"21.7",
		"SD3":"23.8"
	},
	{
		"Length":"110",
		"L":"-0.3521",
		"M":"18.2689",
		"S":"0.08755",
		"SD3neg":"14.2",
		"SD2neg":"15.4",
		"SD1neg":"16.8",
		"SD0":"18.3",
		"SD1":"20",
		"SD2":"21.9",
		"SD3":"24.1"
	}
]